gap_id,Krankenkasse,contribution_period,missing_link,why_missing,documents_needed,search_keywords,suggested_folder
GAP-0001,AOK,2024-01,CONTRIBUTION_DUE,No source row in current evidence package establishes this link.,contribution notice or contribution list,Beitragsnachweis AOK 2024-01,00_INBOX - Входящи - Eingang/Accounting_Organized/04_Health_Insurance
GAP-0002,AOK,2024-01,PAYMENT_PLAN_OR_STUNDUNG,No source row in current evidence package establishes this link.,request/response/payment plan if applicable,Ratenzahlung Stundung Zahlungsvereinbarung AOK 2024-01,00_INBOX - Входящи - Eingang/Accounting_Organized/04_Health_Insurance
GAP-0003,AOK,2024-02,CONTRIBUTION_DUE,No source row in current evidence package establishes this link.,contribution notice or contribution list,Beitragsnachweis AOK 2024-02,00_INBOX - Входящи - Eingang/Accounting_Organized/04_Health_Insurance
GAP-0004,AOK,2024-02,PAYMENT_OR_NONPAYMENT,No source row in current evidence package establishes this link.,"bank payment, returned debit, or explicit outstanding balance",SEPA Lastschrift Ueberweisung AOK 2024-02,00_INBOX - Входящи - Eingang/Accounting_Organized/04_Health_Insurance
GAP-0005,AOK,2024-02,PAYMENT_PLAN_OR_STUNDUNG,No source row in current evidence package establishes this link.,request/response/payment plan if applicable,Ratenzahlung Stundung Zahlungsvereinbarung AOK 2024-02,00_INBOX - Входящи - Eingang/Accounting_Organized/04_Health_Insurance
GAP-0006,AOK,2024-03,CONTRIBUTION_DUE,No source row in current evidence package establishes this link.,contribution notice or contribution list,Beitragsnachweis AOK 2024-03,00_INBOX - Входящи - Eingang/Accounting_Organized/04_Health_Insurance
GAP-0007,AOK,2024-03,PAYMENT_OR_NONPAYMENT,No source row in current evidence package establishes this link.,"bank payment, returned debit, or explicit outstanding balance",SEPA Lastschrift Ueberweisung AOK 2024-03,00_INBOX - Входящи - Eingang/Accounting_Organized/04_Health_Insurance
GAP-0008,AOK,2024-03,PAYMENT_PLAN_OR_STUNDUNG,No source row in current evidence package establishes this link.,request/response/payment plan if applicable,Ratenzahlung Stundung Zahlungsvereinbarung AOK 2024-03,00_INBOX - Входящи - Eingang/Accounting_Organized/04_Health_Insurance
GAP-0009,AOK,2024-04,CONTRIBUTION_DUE,No source row in current evidence package establishes this link.,contribution notice or contribution list,Beitragsnachweis AOK 2024-04,00_INBOX - Входящи - Eingang/Accounting_Organized/04_Health_Insurance
GAP-0010,AOK,2024-04,PAYMENT_OR_NONPAYMENT,No source row in current evidence package establishes this link.,"bank payment, returned debit, or explicit outstanding balance",SEPA Lastschrift Ueberweisung AOK 2024-04,00_INBOX - Входящи - Eingang/Accounting_Organized/04_Health_Insurance
GAP-0011,AOK,2024-04,PAYMENT_PLAN_OR_STUNDUNG,No source row in current evidence package establishes this link.,request/response/payment plan if applicable,Ratenzahlung Stundung Zahlungsvereinbarung AOK 2024-04,00_INBOX - Входящи - Eingang/Accounting_Organized/04_Health_Insurance
GAP-0012,AOK,2024-05,CONTRIBUTION_DUE,No source row in current evidence package establishes this link.,contribution notice or contribution list,Beitragsnachweis AOK 2024-05,00_INBOX - Входящи - Eingang/Accounting_Organized/04_Health_Insurance
GAP-0013,AOK,2024-05,PAYMENT_PLAN_OR_STUNDUNG,No source row in current evidence package establishes this link.,request/response/payment plan if applicable,Ratenzahlung Stundung Zahlungsvereinbarung AOK 2024-05,00_INBOX - Входящи - Eingang/Accounting_Organized/04_Health_Insurance
GAP-0014,AOK,2024-06,CONTRIBUTION_DUE,No source row in current evidence package establishes this link.,contribution notice or contribution list,Beitragsnachweis AOK 2024-06,00_INBOX - Входящи - Eingang/Accounting_Organized/04_Health_Insurance
GAP-0015,AOK,2024-06,PAYMENT_OR_NONPAYMENT,No source row in current evidence package establishes this link.,"bank payment, returned debit, or explicit outstanding balance",SEPA Lastschrift Ueberweisung AOK 2024-06,00_INBOX - Входящи - Eingang/Accounting_Organized/04_Health_Insurance
GAP-0016,AOK,2024-06,PAYMENT_PLAN_OR_STUNDUNG,No source row in current evidence package establishes this link.,request/response/payment plan if applicable,Ratenzahlung Stundung Zahlungsvereinbarung AOK 2024-06,00_INBOX - Входящи - Eingang/Accounting_Organized/04_Health_Insurance
GAP-0017,AOK,2024-07,CONTRIBUTION_DUE,No source row in current evidence package establishes this link.,contribution notice or contribution list,Beitragsnachweis AOK 2024-07,00_INBOX - Входящи - Eingang/Accounting_Organized/04_Health_Insurance
GAP-0018,AOK,2024-07,PAYMENT_OR_NONPAYMENT,No source row in current evidence package establishes this link.,"bank payment, returned debit, or explicit outstanding balance",SEPA Lastschrift Ueberweisung AOK 2024-07,00_INBOX - Входящи - Eingang/Accounting_Organized/04_Health_Insurance
GAP-0019,AOK,2024-07,PAYMENT_PLAN_OR_STUNDUNG,No source row in current evidence package establishes this link.,request/response/payment plan if applicable,Ratenzahlung Stundung Zahlungsvereinbarung AOK 2024-07,00_INBOX - Входящи - Eingang/Accounting_Organized/04_Health_Insurance
GAP-0020,AOK,2024-08,CONTRIBUTION_DUE,No source row in current evidence package establishes this link.,contribution notice or contribution list,Beitragsnachweis AOK 2024-08,00_INBOX - Входящи - Eingang/Accounting_Organized/04_Health_Insurance
GAP-0021,AOK,2024-08,PAYMENT_OR_NONPAYMENT,No source row in current evidence package establishes this link.,"bank payment, returned debit, or explicit outstanding balance",SEPA Lastschrift Ueberweisung AOK 2024-08,00_INBOX - Входящи - Eingang/Accounting_Organized/04_Health_Insurance
GAP-0022,AOK,2024-08,PAYMENT_PLAN_OR_STUNDUNG,No source row in current evidence package establishes this link.,request/response/payment plan if applicable,Ratenzahlung Stundung Zahlungsvereinbarung AOK 2024-08,00_INBOX - Входящи - Eingang/Accounting_Organized/04_Health_Insurance
GAP-0023,AOK,2024-09,CONTRIBUTION_DUE,No source row in current evidence package establishes this link.,contribution notice or contribution list,Beitragsnachweis AOK 2024-09,00_INBOX - Входящи - Eingang/Accounting_Organized/04_Health_Insurance
GAP-0024,AOK,2024-09,PAYMENT_PLAN_OR_STUNDUNG,No source row in current evidence package establishes this link.,request/response/payment plan if applicable,Ratenzahlung Stundung Zahlungsvereinbarung AOK 2024-09,00_INBOX - Входящи - Eingang/Accounting_Organized/04_Health_Insurance
GAP-0025,AOK,2024-10,CONTRIBUTION_DUE,No source row in current evidence package establishes this link.,contribution notice or contribution list,Beitragsnachweis AOK 2024-10,00_INBOX - Входящи - Eingang/Accounting_Organized/04_Health_Insurance
GAP-0026,AOK,2024-10,PAYMENT_OR_NONPAYMENT,No source row in current evidence package establishes this link.,"bank payment, returned debit, or explicit outstanding balance",SEPA Lastschrift Ueberweisung AOK 2024-10,00_INBOX - Входящи - Eingang/Accounting_Organized/04_Health_Insurance
GAP-0027,AOK,2024-10,PAYMENT_PLAN_OR_STUNDUNG,No source row in current evidence package establishes this link.,request/response/payment plan if applicable,Ratenzahlung Stundung Zahlungsvereinbarung AOK 2024-10,00_INBOX - Входящи - Eingang/Accounting_Organized/04_Health_Insurance
GAP-0028,AOK,2024-11,CONTRIBUTION_DUE,No source row in current evidence package establishes this link.,contribution notice or contribution list,Beitragsnachweis AOK 2024-11,00_INBOX - Входящи - Eingang/Accounting_Organized/04_Health_Insurance
GAP-0029,AOK,2024-11,PAYMENT_PLAN_OR_STUNDUNG,No source row in current evidence package establishes this link.,request/response/payment plan if applicable,Ratenzahlung Stundung Zahlungsvereinbarung AOK 2024-11,00_INBOX - Входящи - Eingang/Accounting_Organized/04_Health_Insurance
GAP-0030,AOK,2024-12,PAYMENT_OR_NONPAYMENT,No source row in current evidence package establishes this link.,"bank payment, returned debit, or explicit outstanding balance",SEPA Lastschrift Ueberweisung AOK 2024-12,00_INBOX - Входящи - Eingang/Accounting_Organized/04_Health_Insurance
GAP-0031,AOK,2024-12,PAYMENT_PLAN_OR_STUNDUNG,No source row in current evidence package establishes this link.,request/response/payment plan if applicable,Ratenzahlung Stundung Zahlungsvereinbarung AOK 2024-12,00_INBOX - Входящи - Eingang/Accounting_Organized/04_Health_Insurance
GAP-0032,AOK,2025-01,CONTRIBUTION_DUE,No source row in current evidence package establishes this link.,contribution notice or contribution list,Beitragsnachweis AOK 2025-01,00_INBOX - Входящи - Eingang/Accounting_Organized/04_Health_Insurance
GAP-0033,AOK,2025-01,PAYMENT_PLAN_OR_STUNDUNG,No source row in current evidence package establishes this link.,request/response/payment plan if applicable,Ratenzahlung Stundung Zahlungsvereinbarung AOK 2025-01,00_INBOX - Входящи - Eingang/Accounting_Organized/04_Health_Insurance
GAP-0034,AOK,2025-02,CONTRIBUTION_DUE,No source row in current evidence package establishes this link.,contribution notice or contribution list,Beitragsnachweis AOK 2025-02,00_INBOX - Входящи - Eingang/Accounting_Organized/04_Health_Insurance
GAP-0035,AOK,2025-02,PAYMENT_OR_NONPAYMENT,No source row in current evidence package establishes this link.,"bank payment, returned debit, or explicit outstanding balance",SEPA Lastschrift Ueberweisung AOK 2025-02,00_INBOX - Входящи - Eingang/Accounting_Organized/04_Health_Insurance
GAP-0036,AOK,2025-02,PAYMENT_PLAN_OR_STUNDUNG,No source row in current evidence package establishes this link.,request/response/payment plan if applicable,Ratenzahlung Stundung Zahlungsvereinbarung AOK 2025-02,00_INBOX - Входящи - Eingang/Accounting_Organized/04_Health_Insurance
GAP-0037,AOK,2025-03,CONTRIBUTION_DUE,No source row in current evidence package establishes this link.,contribution notice or contribution list,Beitragsnachweis AOK 2025-03,00_INBOX - Входящи - Eingang/Accounting_Organized/04_Health_Insurance
GAP-0038,AOK,2025-03,PAYMENT_PLAN_OR_STUNDUNG,No source row in current evidence package establishes this link.,request/response/payment plan if applicable,Ratenzahlung Stundung Zahlungsvereinbarung AOK 2025-03,00_INBOX - Входящи - Eingang/Accounting_Organized/04_Health_Insurance
GAP-0039,AOK,2025-04,CONTRIBUTION_DUE,No source row in current evidence package establishes this link.,contribution notice or contribution list,Beitragsnachweis AOK 2025-04,00_INBOX - Входящи - Eingang/Accounting_Organized/04_Health_Insurance
GAP-0040,AOK,2025-04,PAYMENT_PLAN_OR_STUNDUNG,No source row in current evidence package establishes this link.,request/response/payment plan if applicable,Ratenzahlung Stundung Zahlungsvereinbarung AOK 2025-04,00_INBOX - Входящи - Eingang/Accounting_Organized/04_Health_Insurance
GAP-0041,AOK,2025-05,CONTRIBUTION_DUE,No source row in current evidence package establishes this link.,contribution notice or contribution list,Beitragsnachweis AOK 2025-05,00_INBOX - Входящи - Eingang/Accounting_Organized/04_Health_Insurance
GAP-0042,AOK,2025-05,ACCOUNTING_NOTIFICATION,No source row in current evidence package establishes this link.,accountant-to-Martin obligation notification,Brunettin Zahlung AOK 2025-05,00_INBOX - Входящи - Eingang/Accounting_Organized/04_Health_Insurance
GAP-0043,AOK,2025-05,PAYMENT_OR_NONPAYMENT,No source row in current evidence package establishes this link.,"bank payment, returned debit, or explicit outstanding balance",SEPA Lastschrift Ueberweisung AOK 2025-05,00_INBOX - Входящи - Eingang/Accounting_Organized/04_Health_Insurance
GAP-0044,AOK,2025-05,KRANKENKASSE_COMMUNICATION,No source row in current evidence package establishes this link.,communication with Krankenkasse/Einzugsstelle,email AOK Ratenzahlung Mahnung 2025-05,00_INBOX - Входящи - Eingang/Accounting_Organized/04_Health_Insurance
GAP-0045,AOK,2025-05,PAYMENT_PLAN_OR_STUNDUNG,No source row in current evidence package establishes this link.,request/response/payment plan if applicable,Ratenzahlung Stundung Zahlungsvereinbarung AOK 2025-05,00_INBOX - Входящи - Eingang/Accounting_Organized/04_Health_Insurance
GAP-0046,AOK,2025-06,CONTRIBUTION_DUE,No source row in current evidence package establishes this link.,contribution notice or contribution list,Beitragsnachweis AOK 2025-06,00_INBOX - Входящи - Eingang/Accounting_Organized/04_Health_Insurance
GAP-0047,AOK,2025-06,ACCOUNTING_NOTIFICATION,No source row in current evidence package establishes this link.,accountant-to-Martin obligation notification,Brunettin Zahlung AOK 2025-06,00_INBOX - Входящи - Eingang/Accounting_Organized/04_Health_Insurance
GAP-0048,AOK,2025-06,PAYMENT_OR_NONPAYMENT,No source row in current evidence package establishes this link.,"bank payment, returned debit, or explicit outstanding balance",SEPA Lastschrift Ueberweisung AOK 2025-06,00_INBOX - Входящи - Eingang/Accounting_Organized/04_Health_Insurance
GAP-0049,AOK,2025-06,KRANKENKASSE_COMMUNICATION,No source row in current evidence package establishes this link.,communication with Krankenkasse/Einzugsstelle,email AOK Ratenzahlung Mahnung 2025-06,00_INBOX - Входящи - Eingang/Accounting_Organized/04_Health_Insurance
GAP-0050,AOK,2025-06,PAYMENT_PLAN_OR_STUNDUNG,No source row in current evidence package establishes this link.,request/response/payment plan if applicable,Ratenzahlung Stundung Zahlungsvereinbarung AOK 2025-06,00_INBOX - Входящи - Eingang/Accounting_Organized/04_Health_Insurance
GAP-0051,AOK Baden-Wuerttemberg,2024-05,CONTRIBUTION_DUE,No source row in current evidence package establishes this link.,contribution notice or contribution list,Beitragsnachweis AOK Baden-Wuerttemberg 2024-05,00_INBOX - Входящи - Eingang/Accounting_Organized/04_Health_Insurance
GAP-0052,AOK Baden-Wuerttemberg,2024-05,ACCOUNTING_NOTIFICATION,No source row in current evidence package establishes this link.,accountant-to-Martin obligation notification,Brunettin Zahlung AOK Baden-Wuerttemberg 2024-05,00_INBOX - Входящи - Eingang/Accounting_Organized/04_Health_Insurance
GAP-0053,AOK Baden-Wuerttemberg,2024-05,KRANKENKASSE_COMMUNICATION,No source row in current evidence package establishes this link.,communication with Krankenkasse/Einzugsstelle,email AOK Baden-Wuerttemberg Ratenzahlung Mahnung 2024-05,00_INBOX - Входящи - Eingang/Accounting_Organized/04_Health_Insurance
GAP-0054,AOK Baden-Wuerttemberg,2024-05,PAYMENT_PLAN_OR_STUNDUNG,No source row in current evidence package establishes this link.,request/response/payment plan if applicable,Ratenzahlung Stundung Zahlungsvereinbarung AOK Baden-Wuerttemberg 2024-05,00_INBOX - Входящи - Eingang/Accounting_Organized/04_Health_Insurance
GAP-0055,AOK Bayern,2024-07,PAYMENT_OR_NONPAYMENT,No source row in current evidence package establishes this link.,"bank payment, returned debit, or explicit outstanding balance",SEPA Lastschrift Ueberweisung AOK Bayern 2024-07,00_INBOX - Входящи - Eingang/Accounting_Organized/04_Health_Insurance
GAP-0056,AOK Bayern,2024-07,KRANKENKASSE_COMMUNICATION,No source row in current evidence package establishes this link.,communication with Krankenkasse/Einzugsstelle,email AOK Bayern Ratenzahlung Mahnung 2024-07,00_INBOX - Входящи - Eingang/Accounting_Organized/04_Health_Insurance
GAP-0057,AOK Bayern,2024-07,PAYMENT_PLAN_OR_STUNDUNG,No source row in current evidence package establishes this link.,request/response/payment plan if applicable,Ratenzahlung Stundung Zahlungsvereinbarung AOK Bayern 2024-07,00_INBOX - Входящи - Eingang/Accounting_Organized/04_Health_Insurance
GAP-0058,AOK Bayern,2024-08,PAYMENT_OR_NONPAYMENT,No source row in current evidence package establishes this link.,"bank payment, returned debit, or explicit outstanding balance",SEPA Lastschrift Ueberweisung AOK Bayern 2024-08,00_INBOX - Входящи - Eingang/Accounting_Organized/04_Health_Insurance
GAP-0059,AOK Bayern,2024-08,KRANKENKASSE_COMMUNICATION,No source row in current evidence package establishes this link.,communication with Krankenkasse/Einzugsstelle,email AOK Bayern Ratenzahlung Mahnung 2024-08,00_INBOX - Входящи - Eingang/Accounting_Organized/04_Health_Insurance
GAP-0060,AOK Bayern,2024-08,PAYMENT_PLAN_OR_STUNDUNG,No source row in current evidence package establishes this link.,request/response/payment plan if applicable,Ratenzahlung Stundung Zahlungsvereinbarung AOK Bayern 2024-08,00_INBOX - Входящи - Eingang/Accounting_Organized/04_Health_Insurance
GAP-0061,AOK Bayern,2024-09,PAYMENT_OR_NONPAYMENT,No source row in current evidence package establishes this link.,"bank payment, returned debit, or explicit outstanding balance",SEPA Lastschrift Ueberweisung AOK Bayern 2024-09,00_INBOX - Входящи - Eingang/Accounting_Organized/04_Health_Insurance
GAP-0062,AOK Bayern,2024-09,KRANKENKASSE_COMMUNICATION,No source row in current evidence package establishes this link.,communication with Krankenkasse/Einzugsstelle,email AOK Bayern Ratenzahlung Mahnung 2024-09,00_INBOX - Входящи - Eingang/Accounting_Organized/04_Health_Insurance
GAP-0063,AOK Bayern,2024-09,PAYMENT_PLAN_OR_STUNDUNG,No source row in current evidence package establishes this link.,request/response/payment plan if applicable,Ratenzahlung Stundung Zahlungsvereinbarung AOK Bayern 2024-09,00_INBOX - Входящи - Eingang/Accounting_Organized/04_Health_Insurance
GAP-0064,AOK Hessen,2024-06,PAYMENT_OR_NONPAYMENT,No source row in current evidence package establishes this link.,"bank payment, returned debit, or explicit outstanding balance",SEPA Lastschrift Ueberweisung AOK Hessen 2024-06,00_INBOX - Входящи - Eingang/Accounting_Organized/04_Health_Insurance
GAP-0065,AOK Hessen,2024-06,KRANKENKASSE_COMMUNICATION,No source row in current evidence package establishes this link.,communication with Krankenkasse/Einzugsstelle,email AOK Hessen Ratenzahlung Mahnung 2024-06,00_INBOX - Входящи - Eingang/Accounting_Organized/04_Health_Insurance
GAP-0066,AOK Hessen,2024-06,PAYMENT_PLAN_OR_STUNDUNG,No source row in current evidence package establishes this link.,request/response/payment plan if applicable,Ratenzahlung Stundung Zahlungsvereinbarung AOK Hessen 2024-06,00_INBOX - Входящи - Eingang/Accounting_Organized/04_Health_Insurance
GAP-0067,AOK Hessen,2024-07,PAYMENT_OR_NONPAYMENT,No source row in current evidence package establishes this link.,"bank payment, returned debit, or explicit outstanding balance",SEPA Lastschrift Ueberweisung AOK Hessen 2024-07,00_INBOX - Входящи - Eingang/Accounting_Organized/04_Health_Insurance
GAP-0068,AOK Hessen,2024-07,KRANKENKASSE_COMMUNICATION,No source row in current evidence package establishes this link.,communication with Krankenkasse/Einzugsstelle,email AOK Hessen Ratenzahlung Mahnung 2024-07,00_INBOX - Входящи - Eingang/Accounting_Organized/04_Health_Insurance
GAP-0069,AOK Hessen,2024-07,PAYMENT_PLAN_OR_STUNDUNG,No source row in current evidence package establishes this link.,request/response/payment plan if applicable,Ratenzahlung Stundung Zahlungsvereinbarung AOK Hessen 2024-07,00_INBOX - Входящи - Eingang/Accounting_Organized/04_Health_Insurance
GAP-0070,AOK Hessen,2024-08,PAYMENT_OR_NONPAYMENT,No source row in current evidence package establishes this link.,"bank payment, returned debit, or explicit outstanding balance",SEPA Lastschrift Ueberweisung AOK Hessen 2024-08,00_INBOX - Входящи - Eingang/Accounting_Organized/04_Health_Insurance
GAP-0071,AOK Hessen,2024-08,KRANKENKASSE_COMMUNICATION,No source row in current evidence package establishes this link.,communication with Krankenkasse/Einzugsstelle,email AOK Hessen Ratenzahlung Mahnung 2024-08,00_INBOX - Входящи - Eingang/Accounting_Organized/04_Health_Insurance
GAP-0072,AOK Hessen,2024-08,PAYMENT_PLAN_OR_STUNDUNG,No source row in current evidence package establishes this link.,request/response/payment plan if applicable,Ratenzahlung Stundung Zahlungsvereinbarung AOK Hessen 2024-08,00_INBOX - Входящи - Eingang/Accounting_Organized/04_Health_Insurance
GAP-0073,AOK Hessen,2024-09,PAYMENT_OR_NONPAYMENT,No source row in current evidence package establishes this link.,"bank payment, returned debit, or explicit outstanding balance",SEPA Lastschrift Ueberweisung AOK Hessen 2024-09,00_INBOX - Входящи - Eingang/Accounting_Organized/04_Health_Insurance
GAP-0074,AOK Hessen,2024-09,PAYMENT_PLAN_OR_STUNDUNG,No source row in current evidence package establishes this link.,request/response/payment plan if applicable,Ratenzahlung Stundung Zahlungsvereinbarung AOK Hessen 2024-09,00_INBOX - Входящи - Eingang/Accounting_Organized/04_Health_Insurance
GAP-0075,AOK Hessen,2024-10,PAYMENT_OR_NONPAYMENT,No source row in current evidence package establishes this link.,"bank payment, returned debit, or explicit outstanding balance",SEPA Lastschrift Ueberweisung AOK Hessen 2024-10,00_INBOX - Входящи - Eingang/Accounting_Organized/04_Health_Insurance
GAP-0076,AOK Hessen,2024-10,KRANKENKASSE_COMMUNICATION,No source row in current evidence package establishes this link.,communication with Krankenkasse/Einzugsstelle,email AOK Hessen Ratenzahlung Mahnung 2024-10,00_INBOX - Входящи - Eingang/Accounting_Organized/04_Health_Insurance
GAP-0077,AOK Hessen,2024-10,PAYMENT_PLAN_OR_STUNDUNG,No source row in current evidence package establishes this link.,request/response/payment plan if applicable,Ratenzahlung Stundung Zahlungsvereinbarung AOK Hessen 2024-10,00_INBOX - Входящи - Eingang/Accounting_Organized/04_Health_Insurance
GAP-0078,AOK Hessen,2024-11,PAYMENT_OR_NONPAYMENT,No source row in current evidence package establishes this link.,"bank payment, returned debit, or explicit outstanding balance",SEPA Lastschrift Ueberweisung AOK Hessen 2024-11,00_INBOX - Входящи - Eingang/Accounting_Organized/04_Health_Insurance
GAP-0079,AOK Hessen,2024-11,KRANKENKASSE_COMMUNICATION,No source row in current evidence package establishes this link.,communication with Krankenkasse/Einzugsstelle,email AOK Hessen Ratenzahlung Mahnung 2024-11,00_INBOX - Входящи - Eingang/Accounting_Organized/04_Health_Insurance
GAP-0080,AOK Hessen,2024-11,PAYMENT_PLAN_OR_STUNDUNG,No source row in current evidence package establishes this link.,request/response/payment plan if applicable,Ratenzahlung Stundung Zahlungsvereinbarung AOK Hessen 2024-11,00_INBOX - Входящи - Eingang/Accounting_Organized/04_Health_Insurance
GAP-0081,AOK Hessen,2024-12,PAYMENT_OR_NONPAYMENT,No source row in current evidence package establishes this link.,"bank payment, returned debit, or explicit outstanding balance",SEPA Lastschrift Ueberweisung AOK Hessen 2024-12,00_INBOX - Входящи - Eingang/Accounting_Organized/04_Health_Insurance
GAP-0082,AOK Hessen,2024-12,KRANKENKASSE_COMMUNICATION,No source row in current evidence package establishes this link.,communication with Krankenkasse/Einzugsstelle,email AOK Hessen Ratenzahlung Mahnung 2024-12,00_INBOX - Входящи - Eingang/Accounting_Organized/04_Health_Insurance
GAP-0083,AOK Hessen,2024-12,PAYMENT_PLAN_OR_STUNDUNG,No source row in current evidence package establishes this link.,request/response/payment plan if applicable,Ratenzahlung Stundung Zahlungsvereinbarung AOK Hessen 2024-12,00_INBOX - Входящи - Eingang/Accounting_Organized/04_Health_Insurance
GAP-0084,AOK Hessen,2025-01,PAYMENT_OR_NONPAYMENT,No source row in current evidence package establishes this link.,"bank payment, returned debit, or explicit outstanding balance",SEPA Lastschrift Ueberweisung AOK Hessen 2025-01,00_INBOX - Входящи - Eingang/Accounting_Organized/04_Health_Insurance
GAP-0085,AOK Hessen,2025-01,PAYMENT_PLAN_OR_STUNDUNG,No source row in current evidence package establishes this link.,request/response/payment plan if applicable,Ratenzahlung Stundung Zahlungsvereinbarung AOK Hessen 2025-01,00_INBOX - Входящи - Eingang/Accounting_Organized/04_Health_Insurance
GAP-0086,AOK Hessen,2025-02,PAYMENT_OR_NONPAYMENT,No source row in current evidence package establishes this link.,"bank payment, returned debit, or explicit outstanding balance",SEPA Lastschrift Ueberweisung AOK Hessen 2025-02,00_INBOX - Входящи - Eingang/Accounting_Organized/04_Health_Insurance
GAP-0087,AOK Hessen,2025-02,KRANKENKASSE_COMMUNICATION,No source row in current evidence package establishes this link.,communication with Krankenkasse/Einzugsstelle,email AOK Hessen Ratenzahlung Mahnung 2025-02,00_INBOX - Входящи - Eingang/Accounting_Organized/04_Health_Insurance
GAP-0088,AOK Hessen,2025-02,PAYMENT_PLAN_OR_STUNDUNG,No source row in current evidence package establishes this link.,request/response/payment plan if applicable,Ratenzahlung Stundung Zahlungsvereinbarung AOK Hessen 2025-02,00_INBOX - Входящи - Eingang/Accounting_Organized/04_Health_Insurance
GAP-0089,AOK Hessen,2025-03,CONTRIBUTION_DUE,No source row in current evidence package establishes this link.,contribution notice or contribution list,Beitragsnachweis AOK Hessen 2025-03,00_INBOX - Входящи - Eingang/Accounting_Organized/04_Health_Insurance
GAP-0090,AOK Hessen,2025-03,ACCOUNTING_NOTIFICATION,No source row in current evidence package establishes this link.,accountant-to-Martin obligation notification,Brunettin Zahlung AOK Hessen 2025-03,00_INBOX - Входящи - Eingang/Accounting_Organized/04_Health_Insurance
GAP-0091,AOK Hessen,2025-03,PAYMENT_OR_NONPAYMENT,No source row in current evidence package establishes this link.,"bank payment, returned debit, or explicit outstanding balance",SEPA Lastschrift Ueberweisung AOK Hessen 2025-03,00_INBOX - Входящи - Eingang/Accounting_Organized/04_Health_Insurance
GAP-0092,AOK Hessen,2025-03,KRANKENKASSE_COMMUNICATION,No source row in current evidence package establishes this link.,communication with Krankenkasse/Einzugsstelle,email AOK Hessen Ratenzahlung Mahnung 2025-03,00_INBOX - Входящи - Eingang/Accounting_Organized/04_Health_Insurance
GAP-0093,AOK Hessen,2025-03,PAYMENT_PLAN_OR_STUNDUNG,No source row in current evidence package establishes this link.,request/response/payment plan if applicable,Ratenzahlung Stundung Zahlungsvereinbarung AOK Hessen 2025-03,00_INBOX - Входящи - Eingang/Accounting_Organized/04_Health_Insurance
GAP-0094,AOK Hessen,2025-04,PAYMENT_OR_NONPAYMENT,No source row in current evidence package establishes this link.,"bank payment, returned debit, or explicit outstanding balance",SEPA Lastschrift Ueberweisung AOK Hessen 2025-04,00_INBOX - Входящи - Eingang/Accounting_Organized/04_Health_Insurance
GAP-0095,AOK Hessen,2025-04,KRANKENKASSE_COMMUNICATION,No source row in current evidence package establishes this link.,communication with Krankenkasse/Einzugsstelle,email AOK Hessen Ratenzahlung Mahnung 2025-04,00_INBOX - Входящи - Eingang/Accounting_Organized/04_Health_Insurance
GAP-0096,AOK Hessen,2025-04,PAYMENT_PLAN_OR_STUNDUNG,No source row in current evidence package establishes this link.,request/response/payment plan if applicable,Ratenzahlung Stundung Zahlungsvereinbarung AOK Hessen 2025-04,00_INBOX - Входящи - Eingang/Accounting_Organized/04_Health_Insurance
GAP-0097,AOK PLUS,2024-05,CONTRIBUTION_DUE,No source row in current evidence package establishes this link.,contribution notice or contribution list,Beitragsnachweis AOK PLUS 2024-05,00_INBOX - Входящи - Eingang/Accounting_Organized/04_Health_Insurance
GAP-0098,AOK PLUS,2024-05,ACCOUNTING_NOTIFICATION,No source row in current evidence package establishes this link.,accountant-to-Martin obligation notification,Brunettin Zahlung AOK PLUS 2024-05,00_INBOX - Входящи - Eingang/Accounting_Organized/04_Health_Insurance
GAP-0099,AOK PLUS,2024-05,PAYMENT_OR_NONPAYMENT,No source row in current evidence package establishes this link.,"bank payment, returned debit, or explicit outstanding balance",SEPA Lastschrift Ueberweisung AOK PLUS 2024-05,00_INBOX - Входящи - Eingang/Accounting_Organized/04_Health_Insurance
GAP-0100,AOK PLUS,2024-05,KRANKENKASSE_COMMUNICATION,No source row in current evidence package establishes this link.,communication with Krankenkasse/Einzugsstelle,email AOK PLUS Ratenzahlung Mahnung 2024-05,00_INBOX - Входящи - Eingang/Accounting_Organized/04_Health_Insurance
GAP-0101,AOK PLUS,2024-05,PAYMENT_PLAN_OR_STUNDUNG,No source row in current evidence package establishes this link.,request/response/payment plan if applicable,Ratenzahlung Stundung Zahlungsvereinbarung AOK PLUS 2024-05,00_INBOX - Входящи - Eingang/Accounting_Organized/04_Health_Insurance
GAP-0102,AOK PLUS,2024-06,PAYMENT_OR_NONPAYMENT,No source row in current evidence package establishes this link.,"bank payment, returned debit, or explicit outstanding balance",SEPA Lastschrift Ueberweisung AOK PLUS 2024-06,00_INBOX - Входящи - Eingang/Accounting_Organized/04_Health_Insurance
GAP-0103,AOK PLUS,2024-06,KRANKENKASSE_COMMUNICATION,No source row in current evidence package establishes this link.,communication with Krankenkasse/Einzugsstelle,email AOK PLUS Ratenzahlung Mahnung 2024-06,00_INBOX - Входящи - Eingang/Accounting_Organized/04_Health_Insurance
GAP-0104,AOK PLUS,2024-06,PAYMENT_PLAN_OR_STUNDUNG,No source row in current evidence package establishes this link.,request/response/payment plan if applicable,Ratenzahlung Stundung Zahlungsvereinbarung AOK PLUS 2024-06,00_INBOX - Входящи - Eingang/Accounting_Organized/04_Health_Insurance
GAP-0105,AOK PLUS,2024-07,PAYMENT_OR_NONPAYMENT,No source row in current evidence package establishes this link.,"bank payment, returned debit, or explicit outstanding balance",SEPA Lastschrift Ueberweisung AOK PLUS 2024-07,00_INBOX - Входящи - Eingang/Accounting_Organized/04_Health_Insurance
GAP-0106,AOK PLUS,2024-07,KRANKENKASSE_COMMUNICATION,No source row in current evidence package establishes this link.,communication with Krankenkasse/Einzugsstelle,email AOK PLUS Ratenzahlung Mahnung 2024-07,00_INBOX - Входящи - Eingang/Accounting_Organized/04_Health_Insurance
GAP-0107,AOK PLUS,2024-07,PAYMENT_PLAN_OR_STUNDUNG,No source row in current evidence package establishes this link.,request/response/payment plan if applicable,Ratenzahlung Stundung Zahlungsvereinbarung AOK PLUS 2024-07,00_INBOX - Входящи - Eingang/Accounting_Organized/04_Health_Insurance
GAP-0108,AOK PLUS,2024-08,PAYMENT_OR_NONPAYMENT,No source row in current evidence package establishes this link.,"bank payment, returned debit, or explicit outstanding balance",SEPA Lastschrift Ueberweisung AOK PLUS 2024-08,00_INBOX - Входящи - Eingang/Accounting_Organized/04_Health_Insurance
GAP-0109,AOK PLUS,2024-08,KRANKENKASSE_COMMUNICATION,No source row in current evidence package establishes this link.,communication with Krankenkasse/Einzugsstelle,email AOK PLUS Ratenzahlung Mahnung 2024-08,00_INBOX - Входящи - Eingang/Accounting_Organized/04_Health_Insurance
GAP-0110,AOK PLUS,2024-08,PAYMENT_PLAN_OR_STUNDUNG,No source row in current evidence package establishes this link.,request/response/payment plan if applicable,Ratenzahlung Stundung Zahlungsvereinbarung AOK PLUS 2024-08,00_INBOX - Входящи - Eingang/Accounting_Organized/04_Health_Insurance
GAP-0111,AOK PLUS,2024-09,PAYMENT_OR_NONPAYMENT,No source row in current evidence package establishes this link.,"bank payment, returned debit, or explicit outstanding balance",SEPA Lastschrift Ueberweisung AOK PLUS 2024-09,00_INBOX - Входящи - Eingang/Accounting_Organized/04_Health_Insurance
GAP-0112,AOK PLUS,2024-09,PAYMENT_PLAN_OR_STUNDUNG,No source row in current evidence package establishes this link.,request/response/payment plan if applicable,Ratenzahlung Stundung Zahlungsvereinbarung AOK PLUS 2024-09,00_INBOX - Входящи - Eingang/Accounting_Organized/04_Health_Insurance
GAP-0113,AOK PLUS,2024-10,PAYMENT_OR_NONPAYMENT,No source row in current evidence package establishes this link.,"bank payment, returned debit, or explicit outstanding balance",SEPA Lastschrift Ueberweisung AOK PLUS 2024-10,00_INBOX - Входящи - Eingang/Accounting_Organized/04_Health_Insurance
GAP-0114,AOK PLUS,2024-10,KRANKENKASSE_COMMUNICATION,No source row in current evidence package establishes this link.,communication with Krankenkasse/Einzugsstelle,email AOK PLUS Ratenzahlung Mahnung 2024-10,00_INBOX - Входящи - Eingang/Accounting_Organized/04_Health_Insurance
GAP-0115,AOK PLUS,2024-10,PAYMENT_PLAN_OR_STUNDUNG,No source row in current evidence package establishes this link.,request/response/payment plan if applicable,Ratenzahlung Stundung Zahlungsvereinbarung AOK PLUS 2024-10,00_INBOX - Входящи - Eingang/Accounting_Organized/04_Health_Insurance
GAP-0116,AOK PLUS,2024-11,PAYMENT_OR_NONPAYMENT,No source row in current evidence package establishes this link.,"bank payment, returned debit, or explicit outstanding balance",SEPA Lastschrift Ueberweisung AOK PLUS 2024-11,00_INBOX - Входящи - Eingang/Accounting_Organized/04_Health_Insurance
GAP-0117,AOK PLUS,2024-11,KRANKENKASSE_COMMUNICATION,No source row in current evidence package establishes this link.,communication with Krankenkasse/Einzugsstelle,email AOK PLUS Ratenzahlung Mahnung 2024-11,00_INBOX - Входящи - Eingang/Accounting_Organized/04_Health_Insurance
GAP-0118,AOK PLUS,2024-11,PAYMENT_PLAN_OR_STUNDUNG,No source row in current evidence package establishes this link.,request/response/payment plan if applicable,Ratenzahlung Stundung Zahlungsvereinbarung AOK PLUS 2024-11,00_INBOX - Входящи - Eingang/Accounting_Organized/04_Health_Insurance
GAP-0119,AOK PLUS,2024-12,PAYMENT_OR_NONPAYMENT,No source row in current evidence package establishes this link.,"bank payment, returned debit, or explicit outstanding balance",SEPA Lastschrift Ueberweisung AOK PLUS 2024-12,00_INBOX - Входящи - Eingang/Accounting_Organized/04_Health_Insurance
GAP-0120,AOK PLUS,2024-12,KRANKENKASSE_COMMUNICATION,No source row in current evidence package establishes this link.,communication with Krankenkasse/Einzugsstelle,email AOK PLUS Ratenzahlung Mahnung 2024-12,00_INBOX - Входящи - Eingang/Accounting_Organized/04_Health_Insurance
GAP-0121,AOK PLUS,2024-12,PAYMENT_PLAN_OR_STUNDUNG,No source row in current evidence package establishes this link.,request/response/payment plan if applicable,Ratenzahlung Stundung Zahlungsvereinbarung AOK PLUS 2024-12,00_INBOX - Входящи - Eingang/Accounting_Organized/04_Health_Insurance
GAP-0122,AOK PLUS,2025-01,PAYMENT_OR_NONPAYMENT,No source row in current evidence package establishes this link.,"bank payment, returned debit, or explicit outstanding balance",SEPA Lastschrift Ueberweisung AOK PLUS 2025-01,00_INBOX - Входящи - Eingang/Accounting_Organized/04_Health_Insurance
GAP-0123,AOK PLUS,2025-01,PAYMENT_PLAN_OR_STUNDUNG,No source row in current evidence package establishes this link.,request/response/payment plan if applicable,Ratenzahlung Stundung Zahlungsvereinbarung AOK PLUS 2025-01,00_INBOX - Входящи - Eingang/Accounting_Organized/04_Health_Insurance
GAP-0124,AOK PLUS,2025-02,PAYMENT_OR_NONPAYMENT,No source row in current evidence package establishes this link.,"bank payment, returned debit, or explicit outstanding balance",SEPA Lastschrift Ueberweisung AOK PLUS 2025-02,00_INBOX - Входящи - Eingang/Accounting_Organized/04_Health_Insurance
GAP-0125,AOK PLUS,2025-02,KRANKENKASSE_COMMUNICATION,No source row in current evidence package establishes this link.,communication with Krankenkasse/Einzugsstelle,email AOK PLUS Ratenzahlung Mahnung 2025-02,00_INBOX - Входящи - Eingang/Accounting_Organized/04_Health_Insurance
GAP-0126,AOK PLUS,2025-02,PAYMENT_PLAN_OR_STUNDUNG,No source row in current evidence package establishes this link.,request/response/payment plan if applicable,Ratenzahlung Stundung Zahlungsvereinbarung AOK PLUS 2025-02,00_INBOX - Входящи - Eingang/Accounting_Organized/04_Health_Insurance
GAP-0127,AOK PLUS,2025-03,CONTRIBUTION_DUE,No source row in current evidence package establishes this link.,contribution notice or contribution list,Beitragsnachweis AOK PLUS 2025-03,00_INBOX - Входящи - Eingang/Accounting_Organized/04_Health_Insurance
GAP-0128,AOK PLUS,2025-03,ACCOUNTING_NOTIFICATION,No source row in current evidence package establishes this link.,accountant-to-Martin obligation notification,Brunettin Zahlung AOK PLUS 2025-03,00_INBOX - Входящи - Eingang/Accounting_Organized/04_Health_Insurance
GAP-0129,AOK PLUS,2025-03,PAYMENT_OR_NONPAYMENT,No source row in current evidence package establishes this link.,"bank payment, returned debit, or explicit outstanding balance",SEPA Lastschrift Ueberweisung AOK PLUS 2025-03,00_INBOX - Входящи - Eingang/Accounting_Organized/04_Health_Insurance
GAP-0130,AOK PLUS,2025-03,KRANKENKASSE_COMMUNICATION,No source row in current evidence package establishes this link.,communication with Krankenkasse/Einzugsstelle,email AOK PLUS Ratenzahlung Mahnung 2025-03,00_INBOX - Входящи - Eingang/Accounting_Organized/04_Health_Insurance
GAP-0131,AOK PLUS,2025-03,PAYMENT_PLAN_OR_STUNDUNG,No source row in current evidence package establishes this link.,request/response/payment plan if applicable,Ratenzahlung Stundung Zahlungsvereinbarung AOK PLUS 2025-03,00_INBOX - Входящи - Eingang/Accounting_Organized/04_Health_Insurance
GAP-0132,AOK PLUS,2025-04,PAYMENT_OR_NONPAYMENT,No source row in current evidence package establishes this link.,"bank payment, returned debit, or explicit outstanding balance",SEPA Lastschrift Ueberweisung AOK PLUS 2025-04,00_INBOX - Входящи - Eingang/Accounting_Organized/04_Health_Insurance
GAP-0133,AOK PLUS,2025-04,KRANKENKASSE_COMMUNICATION,No source row in current evidence package establishes this link.,communication with Krankenkasse/Einzugsstelle,email AOK PLUS Ratenzahlung Mahnung 2025-04,00_INBOX - Входящи - Eingang/Accounting_Organized/04_Health_Insurance
GAP-0134,AOK PLUS,2025-04,PAYMENT_PLAN_OR_STUNDUNG,No source row in current evidence package establishes this link.,request/response/payment plan if applicable,Ratenzahlung Stundung Zahlungsvereinbarung AOK PLUS 2025-04,00_INBOX - Входящи - Eingang/Accounting_Organized/04_Health_Insurance
GAP-0135,AOK PLUS,2025-05,PAYMENT_OR_NONPAYMENT,No source row in current evidence package establishes this link.,"bank payment, returned debit, or explicit outstanding balance",SEPA Lastschrift Ueberweisung AOK PLUS 2025-05,00_INBOX - Входящи - Eingang/Accounting_Organized/04_Health_Insurance
GAP-0136,AOK PLUS,2025-05,KRANKENKASSE_COMMUNICATION,No source row in current evidence package establishes this link.,communication with Krankenkasse/Einzugsstelle,email AOK PLUS Ratenzahlung Mahnung 2025-05,00_INBOX - Входящи - Eingang/Accounting_Organized/04_Health_Insurance
GAP-0137,AOK PLUS,2025-05,PAYMENT_PLAN_OR_STUNDUNG,No source row in current evidence package establishes this link.,request/response/payment plan if applicable,Ratenzahlung Stundung Zahlungsvereinbarung AOK PLUS 2025-05,00_INBOX - Входящи - Eingang/Accounting_Organized/04_Health_Insurance
GAP-0138,AOK PLUS,2025-06,PAYMENT_OR_NONPAYMENT,No source row in current evidence package establishes this link.,"bank payment, returned debit, or explicit outstanding balance",SEPA Lastschrift Ueberweisung AOK PLUS 2025-06,00_INBOX - Входящи - Eingang/Accounting_Organized/04_Health_Insurance
GAP-0139,AOK PLUS,2025-06,KRANKENKASSE_COMMUNICATION,No source row in current evidence package establishes this link.,communication with Krankenkasse/Einzugsstelle,email AOK PLUS Ratenzahlung Mahnung 2025-06,00_INBOX - Входящи - Eingang/Accounting_Organized/04_Health_Insurance
GAP-0140,AOK PLUS,2025-06,PAYMENT_PLAN_OR_STUNDUNG,No source row in current evidence package establishes this link.,request/response/payment plan if applicable,Ratenzahlung Stundung Zahlungsvereinbarung AOK PLUS 2025-06,00_INBOX - Входящи - Eingang/Accounting_Organized/04_Health_Insurance
GAP-0141,AOK Plus,2024-05,CONTRIBUTION_DUE,No source row in current evidence package establishes this link.,contribution notice or contribution list,Beitragsnachweis AOK Plus 2024-05,00_INBOX - Входящи - Eingang/Accounting_Organized/04_Health_Insurance
GAP-0142,AOK Plus,2024-05,ACCOUNTING_NOTIFICATION,No source row in current evidence package establishes this link.,accountant-to-Martin obligation notification,Brunettin Zahlung AOK Plus 2024-05,00_INBOX - Входящи - Eingang/Accounting_Organized/04_Health_Insurance
GAP-0143,AOK Plus,2024-05,KRANKENKASSE_COMMUNICATION,No source row in current evidence package establishes this link.,communication with Krankenkasse/Einzugsstelle,email AOK Plus Ratenzahlung Mahnung 2024-05,00_INBOX - Входящи - Eingang/Accounting_Organized/04_Health_Insurance
GAP-0144,AOK Plus,2024-05,PAYMENT_PLAN_OR_STUNDUNG,No source row in current evidence package establishes this link.,request/response/payment plan if applicable,Ratenzahlung Stundung Zahlungsvereinbarung AOK Plus 2024-05,00_INBOX - Входящи - Eingang/Accounting_Organized/04_Health_Insurance
GAP-0145,AOK Plus,2024-11,CONTRIBUTION_DUE,No source row in current evidence package establishes this link.,contribution notice or contribution list,Beitragsnachweis AOK Plus 2024-11,00_INBOX - Входящи - Eingang/Accounting_Organized/04_Health_Insurance
GAP-0146,AOK Plus,2024-11,ACCOUNTING_NOTIFICATION,No source row in current evidence package establishes this link.,accountant-to-Martin obligation notification,Brunettin Zahlung AOK Plus 2024-11,00_INBOX - Входящи - Eingang/Accounting_Organized/04_Health_Insurance
GAP-0147,AOK Plus,2024-11,KRANKENKASSE_COMMUNICATION,No source row in current evidence package establishes this link.,communication with Krankenkasse/Einzugsstelle,email AOK Plus Ratenzahlung Mahnung 2024-11,00_INBOX - Входящи - Eingang/Accounting_Organized/04_Health_Insurance
GAP-0148,AOK Plus,2024-11,PAYMENT_PLAN_OR_STUNDUNG,No source row in current evidence package establishes this link.,request/response/payment plan if applicable,Ratenzahlung Stundung Zahlungsvereinbarung AOK Plus 2024-11,00_INBOX - Входящи - Eingang/Accounting_Organized/04_Health_Insurance
GAP-0149,AOK Plus,2025-06,ACCOUNTING_NOTIFICATION,No source row in current evidence package establishes this link.,accountant-to-Martin obligation notification,Brunettin Zahlung AOK Plus 2025-06,00_INBOX - Входящи - Eingang/Accounting_Organized/04_Health_Insurance
GAP-0150,AOK Plus,2025-06,KRANKENKASSE_COMMUNICATION,No source row in current evidence package establishes this link.,communication with Krankenkasse/Einzugsstelle,email AOK Plus Ratenzahlung Mahnung 2025-06,00_INBOX - Входящи - Eingang/Accounting_Organized/04_Health_Insurance
GAP-0151,AOK Plus,2025-06,PAYMENT_PLAN_OR_STUNDUNG,No source row in current evidence package establishes this link.,request/response/payment plan if applicable,Ratenzahlung Stundung Zahlungsvereinbarung AOK Plus 2025-06,00_INBOX - Входящи - Eingang/Accounting_Organized/04_Health_Insurance
GAP-0152,AOK Sachsen-Anhalt,2024-03,CONTRIBUTION_DUE,No source row in current evidence package establishes this link.,contribution notice or contribution list,Beitragsnachweis AOK Sachsen-Anhalt 2024-03,00_INBOX - Входящи - Eingang/Accounting_Organized/04_Health_Insurance
GAP-0153,AOK Sachsen-Anhalt,2024-03,ACCOUNTING_NOTIFICATION,No source row in current evidence package establishes this link.,accountant-to-Martin obligation notification,Brunettin Zahlung AOK Sachsen-Anhalt 2024-03,00_INBOX - Входящи - Eingang/Accounting_Organized/04_Health_Insurance
GAP-0154,AOK Sachsen-Anhalt,2024-03,PAYMENT_OR_NONPAYMENT,No source row in current evidence package establishes this link.,"bank payment, returned debit, or explicit outstanding balance",SEPA Lastschrift Ueberweisung AOK Sachsen-Anhalt 2024-03,00_INBOX - Входящи - Eingang/Accounting_Organized/04_Health_Insurance
GAP-0155,AOK Sachsen-Anhalt,2024-03,KRANKENKASSE_COMMUNICATION,No source row in current evidence package establishes this link.,communication with Krankenkasse/Einzugsstelle,email AOK Sachsen-Anhalt Ratenzahlung Mahnung 2024-03,00_INBOX - Входящи - Eingang/Accounting_Organized/04_Health_Insurance
GAP-0156,AOK Sachsen-Anhalt,2024-03,PAYMENT_PLAN_OR_STUNDUNG,No source row in current evidence package establishes this link.,request/response/payment plan if applicable,Ratenzahlung Stundung Zahlungsvereinbarung AOK Sachsen-Anhalt 2024-03,00_INBOX - Входящи - Eingang/Accounting_Organized/04_Health_Insurance
GAP-0157,AOK Sachsen-Anhalt,2024-05,CONTRIBUTION_DUE,No source row in current evidence package establishes this link.,contribution notice or contribution list,Beitragsnachweis AOK Sachsen-Anhalt 2024-05,00_INBOX - Входящи - Eingang/Accounting_Organized/04_Health_Insurance
GAP-0158,AOK Sachsen-Anhalt,2024-05,ACCOUNTING_NOTIFICATION,No source row in current evidence package establishes this link.,accountant-to-Martin obligation notification,Brunettin Zahlung AOK Sachsen-Anhalt 2024-05,00_INBOX - Входящи - Eingang/Accounting_Organized/04_Health_Insurance
GAP-0159,AOK Sachsen-Anhalt,2024-05,PAYMENT_OR_NONPAYMENT,No source row in current evidence package establishes this link.,"bank payment, returned debit, or explicit outstanding balance",SEPA Lastschrift Ueberweisung AOK Sachsen-Anhalt 2024-05,00_INBOX - Входящи - Eingang/Accounting_Organized/04_Health_Insurance
GAP-0160,AOK Sachsen-Anhalt,2024-05,KRANKENKASSE_COMMUNICATION,No source row in current evidence package establishes this link.,communication with Krankenkasse/Einzugsstelle,email AOK Sachsen-Anhalt Ratenzahlung Mahnung 2024-05,00_INBOX - Входящи - Eingang/Accounting_Organized/04_Health_Insurance
GAP-0161,AOK Sachsen-Anhalt,2024-05,PAYMENT_PLAN_OR_STUNDUNG,No source row in current evidence package establishes this link.,request/response/payment plan if applicable,Ratenzahlung Stundung Zahlungsvereinbarung AOK Sachsen-Anhalt 2024-05,00_INBOX - Входящи - Eingang/Accounting_Organized/04_Health_Insurance
GAP-0162,AOK Sachsen-Anhalt,2024-06,PAYMENT_OR_NONPAYMENT,No source row in current evidence package establishes this link.,"bank payment, returned debit, or explicit outstanding balance",SEPA Lastschrift Ueberweisung AOK Sachsen-Anhalt 2024-06,00_INBOX - Входящи - Eingang/Accounting_Organized/04_Health_Insurance
GAP-0163,AOK Sachsen-Anhalt,2024-06,KRANKENKASSE_COMMUNICATION,No source row in current evidence package establishes this link.,communication with Krankenkasse/Einzugsstelle,email AOK Sachsen-Anhalt Ratenzahlung Mahnung 2024-06,00_INBOX - Входящи - Eingang/Accounting_Organized/04_Health_Insurance
GAP-0164,AOK Sachsen-Anhalt,2024-06,PAYMENT_PLAN_OR_STUNDUNG,No source row in current evidence package establishes this link.,request/response/payment plan if applicable,Ratenzahlung Stundung Zahlungsvereinbarung AOK Sachsen-Anhalt 2024-06,00_INBOX - Входящи - Eingang/Accounting_Organized/04_Health_Insurance
GAP-0165,AOK Sachsen-Anhalt,2025-01,CONTRIBUTION_DUE,No source row in current evidence package establishes this link.,contribution notice or contribution list,Beitragsnachweis AOK Sachsen-Anhalt 2025-01,00_INBOX - Входящи - Eingang/Accounting_Organized/04_Health_Insurance
GAP-0166,AOK Sachsen-Anhalt,2025-01,PAYMENT_OR_NONPAYMENT,No source row in current evidence package establishes this link.,"bank payment, returned debit, or explicit outstanding balance",SEPA Lastschrift Ueberweisung AOK Sachsen-Anhalt 2025-01,00_INBOX - Входящи - Eingang/Accounting_Organized/04_Health_Insurance
GAP-0167,AOK Sachsen-Anhalt,2025-01,PAYMENT_PLAN_OR_STUNDUNG,No source row in current evidence package establishes this link.,request/response/payment plan if applicable,Ratenzahlung Stundung Zahlungsvereinbarung AOK Sachsen-Anhalt 2025-01,00_INBOX - Входящи - Eingang/Accounting_Organized/04_Health_Insurance
GAP-0168,BKK,2024-06,CONTRIBUTION_DUE,No source row in current evidence package establishes this link.,contribution notice or contribution list,Beitragsnachweis BKK 2024-06,00_INBOX - Входящи - Eingang/Accounting_Organized/04_Health_Insurance
GAP-0169,BKK,2024-06,ACCOUNTING_NOTIFICATION,No source row in current evidence package establishes this link.,accountant-to-Martin obligation notification,Brunettin Zahlung BKK 2024-06,00_INBOX - Входящи - Eingang/Accounting_Organized/04_Health_Insurance
GAP-0170,BKK,2024-06,PAYMENT_OR_NONPAYMENT,No source row in current evidence package establishes this link.,"bank payment, returned debit, or explicit outstanding balance",SEPA Lastschrift Ueberweisung BKK 2024-06,00_INBOX - Входящи - Eingang/Accounting_Organized/04_Health_Insurance
GAP-0171,BKK,2024-06,KRANKENKASSE_COMMUNICATION,No source row in current evidence package establishes this link.,communication with Krankenkasse/Einzugsstelle,email BKK Ratenzahlung Mahnung 2024-06,00_INBOX - Входящи - Eingang/Accounting_Organized/04_Health_Insurance
GAP-0172,BKK,2024-06,PAYMENT_PLAN_OR_STUNDUNG,No source row in current evidence package establishes this link.,request/response/payment plan if applicable,Ratenzahlung Stundung Zahlungsvereinbarung BKK 2024-06,00_INBOX - Входящи - Eingang/Accounting_Organized/04_Health_Insurance
GAP-0173,BKK,2025-02,CONTRIBUTION_DUE,No source row in current evidence package establishes this link.,contribution notice or contribution list,Beitragsnachweis BKK 2025-02,00_INBOX - Входящи - Eingang/Accounting_Organized/04_Health_Insurance
GAP-0174,BKK,2025-02,ACCOUNTING_NOTIFICATION,No source row in current evidence package establishes this link.,accountant-to-Martin obligation notification,Brunettin Zahlung BKK 2025-02,00_INBOX - Входящи - Eingang/Accounting_Organized/04_Health_Insurance
GAP-0175,BKK,2025-02,PAYMENT_OR_NONPAYMENT,No source row in current evidence package establishes this link.,"bank payment, returned debit, or explicit outstanding balance",SEPA Lastschrift Ueberweisung BKK 2025-02,00_INBOX - Входящи - Eingang/Accounting_Organized/04_Health_Insurance
GAP-0176,BKK,2025-02,PAYMENT_PLAN_OR_STUNDUNG,No source row in current evidence package establishes this link.,request/response/payment plan if applicable,Ratenzahlung Stundung Zahlungsvereinbarung BKK 2025-02,00_INBOX - Входящи - Eingang/Accounting_Organized/04_Health_Insurance
GAP-0177,BKK Linde,2024-06,CONTRIBUTION_DUE,No source row in current evidence package establishes this link.,contribution notice or contribution list,Beitragsnachweis BKK Linde 2024-06,00_INBOX - Входящи - Eingang/Accounting_Organized/04_Health_Insurance
GAP-0178,BKK Linde,2024-06,ACCOUNTING_NOTIFICATION,No source row in current evidence package establishes this link.,accountant-to-Martin obligation notification,Brunettin Zahlung BKK Linde 2024-06,00_INBOX - Входящи - Eingang/Accounting_Organized/04_Health_Insurance
GAP-0179,BKK Linde,2024-06,PAYMENT_OR_NONPAYMENT,No source row in current evidence package establishes this link.,"bank payment, returned debit, or explicit outstanding balance",SEPA Lastschrift Ueberweisung BKK Linde 2024-06,00_INBOX - Входящи - Eingang/Accounting_Organized/04_Health_Insurance
GAP-0180,BKK Linde,2024-06,KRANKENKASSE_COMMUNICATION,No source row in current evidence package establishes this link.,communication with Krankenkasse/Einzugsstelle,email BKK Linde Ratenzahlung Mahnung 2024-06,00_INBOX - Входящи - Eingang/Accounting_Organized/04_Health_Insurance
GAP-0181,BKK Linde,2024-06,PAYMENT_PLAN_OR_STUNDUNG,No source row in current evidence package establishes this link.,request/response/payment plan if applicable,Ratenzahlung Stundung Zahlungsvereinbarung BKK Linde 2024-06,00_INBOX - Входящи - Eingang/Accounting_Organized/04_Health_Insurance
GAP-0182,BKK Linde,2024-10,CONTRIBUTION_DUE,No source row in current evidence package establishes this link.,contribution notice or contribution list,Beitragsnachweis BKK Linde 2024-10,00_INBOX - Входящи - Eingang/Accounting_Organized/04_Health_Insurance
GAP-0183,BKK Linde,2024-10,ACCOUNTING_NOTIFICATION,No source row in current evidence package establishes this link.,accountant-to-Martin obligation notification,Brunettin Zahlung BKK Linde 2024-10,00_INBOX - Входящи - Eingang/Accounting_Organized/04_Health_Insurance
GAP-0184,BKK Linde,2024-10,PAYMENT_OR_NONPAYMENT,No source row in current evidence package establishes this link.,"bank payment, returned debit, or explicit outstanding balance",SEPA Lastschrift Ueberweisung BKK Linde 2024-10,00_INBOX - Входящи - Eingang/Accounting_Organized/04_Health_Insurance
GAP-0185,BKK Linde,2024-10,KRANKENKASSE_COMMUNICATION,No source row in current evidence package establishes this link.,communication with Krankenkasse/Einzugsstelle,email BKK Linde Ratenzahlung Mahnung 2024-10,00_INBOX - Входящи - Eingang/Accounting_Organized/04_Health_Insurance
GAP-0186,BKK Linde,2024-10,PAYMENT_PLAN_OR_STUNDUNG,No source row in current evidence package establishes this link.,request/response/payment plan if applicable,Ratenzahlung Stundung Zahlungsvereinbarung BKK Linde 2024-10,00_INBOX - Входящи - Eingang/Accounting_Organized/04_Health_Insurance
GAP-0187,BKK Linde,2025-02,CONTRIBUTION_DUE,No source row in current evidence package establishes this link.,contribution notice or contribution list,Beitragsnachweis BKK Linde 2025-02,00_INBOX - Входящи - Eingang/Accounting_Organized/04_Health_Insurance
GAP-0188,BKK Linde,2025-02,ACCOUNTING_NOTIFICATION,No source row in current evidence package establishes this link.,accountant-to-Martin obligation notification,Brunettin Zahlung BKK Linde 2025-02,00_INBOX - Входящи - Eingang/Accounting_Organized/04_Health_Insurance
GAP-0189,BKK Linde,2025-02,PAYMENT_OR_NONPAYMENT,No source row in current evidence package establishes this link.,"bank payment, returned debit, or explicit outstanding balance",SEPA Lastschrift Ueberweisung BKK Linde 2025-02,00_INBOX - Входящи - Eingang/Accounting_Organized/04_Health_Insurance
GAP-0190,BKK Linde,2025-02,PAYMENT_PLAN_OR_STUNDUNG,No source row in current evidence package establishes this link.,request/response/payment plan if applicable,Ratenzahlung Stundung Zahlungsvereinbarung BKK Linde 2025-02,00_INBOX - Входящи - Eingang/Accounting_Organized/04_Health_Insurance
GAP-0191,BKK Linde,2025-03,CONTRIBUTION_DUE,No source row in current evidence package establishes this link.,contribution notice or contribution list,Beitragsnachweis BKK Linde 2025-03,00_INBOX - Входящи - Eingang/Accounting_Organized/04_Health_Insurance
GAP-0192,BKK Linde,2025-03,ACCOUNTING_NOTIFICATION,No source row in current evidence package establishes this link.,accountant-to-Martin obligation notification,Brunettin Zahlung BKK Linde 2025-03,00_INBOX - Входящи - Eingang/Accounting_Organized/04_Health_Insurance
GAP-0193,BKK Linde,2025-03,PAYMENT_OR_NONPAYMENT,No source row in current evidence package establishes this link.,"bank payment, returned debit, or explicit outstanding balance",SEPA Lastschrift Ueberweisung BKK Linde 2025-03,00_INBOX - Входящи - Eingang/Accounting_Organized/04_Health_Insurance
GAP-0194,BKK Linde,2025-03,KRANKENKASSE_COMMUNICATION,No source row in current evidence package establishes this link.,communication with Krankenkasse/Einzugsstelle,email BKK Linde Ratenzahlung Mahnung 2025-03,00_INBOX - Входящи - Eingang/Accounting_Organized/04_Health_Insurance
GAP-0195,BKK Linde,2025-03,PAYMENT_PLAN_OR_STUNDUNG,No source row in current evidence package establishes this link.,request/response/payment plan if applicable,Ratenzahlung Stundung Zahlungsvereinbarung BKK Linde 2025-03,00_INBOX - Входящи - Eingang/Accounting_Organized/04_Health_Insurance
GAP-0196,BKK Linde,2025-06,CONTRIBUTION_DUE,No source row in current evidence package establishes this link.,contribution notice or contribution list,Beitragsnachweis BKK Linde 2025-06,00_INBOX - Входящи - Eingang/Accounting_Organized/04_Health_Insurance
GAP-0197,BKK Linde,2025-06,ACCOUNTING_NOTIFICATION,No source row in current evidence package establishes this link.,accountant-to-Martin obligation notification,Brunettin Zahlung BKK Linde 2025-06,00_INBOX - Входящи - Eingang/Accounting_Organized/04_Health_Insurance
GAP-0198,BKK Linde,2025-06,PAYMENT_OR_NONPAYMENT,No source row in current evidence package establishes this link.,"bank payment, returned debit, or explicit outstanding balance",SEPA Lastschrift Ueberweisung BKK Linde 2025-06,00_INBOX - Входящи - Eingang/Accounting_Organized/04_Health_Insurance
GAP-0199,BKK Linde,2025-06,KRANKENKASSE_COMMUNICATION,No source row in current evidence package establishes this link.,communication with Krankenkasse/Einzugsstelle,email BKK Linde Ratenzahlung Mahnung 2025-06,00_INBOX - Входящи - Eingang/Accounting_Organized/04_Health_Insurance
GAP-0200,BKK Linde,2025-06,PAYMENT_PLAN_OR_STUNDUNG,No source row in current evidence package establishes this link.,request/response/payment plan if applicable,Ratenzahlung Stundung Zahlungsvereinbarung BKK Linde 2025-06,00_INBOX - Входящи - Eingang/Accounting_Organized/04_Health_Insurance
GAP-0201,Barmer,2024-09,CONTRIBUTION_DUE,No source row in current evidence package establishes this link.,contribution notice or contribution list,Beitragsnachweis Barmer 2024-09,00_INBOX - Входящи - Eingang/Accounting_Organized/04_Health_Insurance
GAP-0202,Barmer,2024-09,ACCOUNTING_NOTIFICATION,No source row in current evidence package establishes this link.,accountant-to-Martin obligation notification,Brunettin Zahlung Barmer 2024-09,00_INBOX - Входящи - Eingang/Accounting_Organized/04_Health_Insurance
GAP-0203,Barmer,2024-09,PAYMENT_OR_NONPAYMENT,No source row in current evidence package establishes this link.,"bank payment, returned debit, or explicit outstanding balance",SEPA Lastschrift Ueberweisung Barmer 2024-09,00_INBOX - Входящи - Eingang/Accounting_Organized/04_Health_Insurance
GAP-0204,Barmer,2024-09,KRANKENKASSE_COMMUNICATION,No source row in current evidence package establishes this link.,communication with Krankenkasse/Einzugsstelle,email Barmer Ratenzahlung Mahnung 2024-09,00_INBOX - Входящи - Eingang/Accounting_Organized/04_Health_Insurance
GAP-0205,Barmer,2024-09,PAYMENT_PLAN_OR_STUNDUNG,No source row in current evidence package establishes this link.,request/response/payment plan if applicable,Ratenzahlung Stundung Zahlungsvereinbarung Barmer 2024-09,00_INBOX - Входящи - Eingang/Accounting_Organized/04_Health_Insurance
GAP-0206,Barmer,2024-10,CONTRIBUTION_DUE,No source row in current evidence package establishes this link.,contribution notice or contribution list,Beitragsnachweis Barmer 2024-10,00_INBOX - Входящи - Eingang/Accounting_Organized/04_Health_Insurance
GAP-0207,Barmer,2024-10,ACCOUNTING_NOTIFICATION,No source row in current evidence package establishes this link.,accountant-to-Martin obligation notification,Brunettin Zahlung Barmer 2024-10,00_INBOX - Входящи - Eingang/Accounting_Organized/04_Health_Insurance
GAP-0208,Barmer,2024-10,PAYMENT_OR_NONPAYMENT,No source row in current evidence package establishes this link.,"bank payment, returned debit, or explicit outstanding balance",SEPA Lastschrift Ueberweisung Barmer 2024-10,00_INBOX - Входящи - Eingang/Accounting_Organized/04_Health_Insurance
GAP-0209,Barmer,2024-10,KRANKENKASSE_COMMUNICATION,No source row in current evidence package establishes this link.,communication with Krankenkasse/Einzugsstelle,email Barmer Ratenzahlung Mahnung 2024-10,00_INBOX - Входящи - Eingang/Accounting_Organized/04_Health_Insurance
GAP-0210,Barmer,2024-10,PAYMENT_PLAN_OR_STUNDUNG,No source row in current evidence package establishes this link.,request/response/payment plan if applicable,Ratenzahlung Stundung Zahlungsvereinbarung Barmer 2024-10,00_INBOX - Входящи - Eingang/Accounting_Organized/04_Health_Insurance
GAP-0211,Barmer,2024-11,CONTRIBUTION_DUE,No source row in current evidence package establishes this link.,contribution notice or contribution list,Beitragsnachweis Barmer 2024-11,00_INBOX - Входящи - Eingang/Accounting_Organized/04_Health_Insurance
GAP-0212,Barmer,2024-11,ACCOUNTING_NOTIFICATION,No source row in current evidence package establishes this link.,accountant-to-Martin obligation notification,Brunettin Zahlung Barmer 2024-11,00_INBOX - Входящи - Eingang/Accounting_Organized/04_Health_Insurance
GAP-0213,Barmer,2024-11,PAYMENT_OR_NONPAYMENT,No source row in current evidence package establishes this link.,"bank payment, returned debit, or explicit outstanding balance",SEPA Lastschrift Ueberweisung Barmer 2024-11,00_INBOX - Входящи - Eingang/Accounting_Organized/04_Health_Insurance
GAP-0214,Barmer,2024-11,KRANKENKASSE_COMMUNICATION,No source row in current evidence package establishes this link.,communication with Krankenkasse/Einzugsstelle,email Barmer Ratenzahlung Mahnung 2024-11,00_INBOX - Входящи - Eingang/Accounting_Organized/04_Health_Insurance
GAP-0215,Barmer,2024-11,PAYMENT_PLAN_OR_STUNDUNG,No source row in current evidence package establishes this link.,request/response/payment plan if applicable,Ratenzahlung Stundung Zahlungsvereinbarung Barmer 2024-11,00_INBOX - Входящи - Eingang/Accounting_Organized/04_Health_Insurance
GAP-0216,Barmer,2024-12,CONTRIBUTION_DUE,No source row in current evidence package establishes this link.,contribution notice or contribution list,Beitragsnachweis Barmer 2024-12,00_INBOX - Входящи - Eingang/Accounting_Organized/04_Health_Insurance
GAP-0217,Barmer,2024-12,ACCOUNTING_NOTIFICATION,No source row in current evidence package establishes this link.,accountant-to-Martin obligation notification,Brunettin Zahlung Barmer 2024-12,00_INBOX - Входящи - Eingang/Accounting_Organized/04_Health_Insurance
GAP-0218,Barmer,2024-12,PAYMENT_OR_NONPAYMENT,No source row in current evidence package establishes this link.,"bank payment, returned debit, or explicit outstanding balance",SEPA Lastschrift Ueberweisung Barmer 2024-12,00_INBOX - Входящи - Eingang/Accounting_Organized/04_Health_Insurance
GAP-0219,Barmer,2024-12,KRANKENKASSE_COMMUNICATION,No source row in current evidence package establishes this link.,communication with Krankenkasse/Einzugsstelle,email Barmer Ratenzahlung Mahnung 2024-12,00_INBOX - Входящи - Eingang/Accounting_Organized/04_Health_Insurance
GAP-0220,Barmer,2024-12,PAYMENT_PLAN_OR_STUNDUNG,No source row in current evidence package establishes this link.,request/response/payment plan if applicable,Ratenzahlung Stundung Zahlungsvereinbarung Barmer 2024-12,00_INBOX - Входящи - Eingang/Accounting_Organized/04_Health_Insurance
GAP-0221,Barmer,2025-01,CONTRIBUTION_DUE,No source row in current evidence package establishes this link.,contribution notice or contribution list,Beitragsnachweis Barmer 2025-01,00_INBOX - Входящи - Eingang/Accounting_Organized/04_Health_Insurance
GAP-0222,Barmer,2025-01,ACCOUNTING_NOTIFICATION,No source row in current evidence package establishes this link.,accountant-to-Martin obligation notification,Brunettin Zahlung Barmer 2025-01,00_INBOX - Входящи - Eingang/Accounting_Organized/04_Health_Insurance
GAP-0223,Barmer,2025-01,PAYMENT_PLAN_OR_STUNDUNG,No source row in current evidence package establishes this link.,request/response/payment plan if applicable,Ratenzahlung Stundung Zahlungsvereinbarung Barmer 2025-01,00_INBOX - Входящи - Eingang/Accounting_Organized/04_Health_Insurance
GAP-0224,Barmer,2025-03,CONTRIBUTION_DUE,No source row in current evidence package establishes this link.,contribution notice or contribution list,Beitragsnachweis Barmer 2025-03,00_INBOX - Входящи - Eingang/Accounting_Organized/04_Health_Insurance
GAP-0225,Barmer,2025-03,ACCOUNTING_NOTIFICATION,No source row in current evidence package establishes this link.,accountant-to-Martin obligation notification,Brunettin Zahlung Barmer 2025-03,00_INBOX - Входящи - Eingang/Accounting_Organized/04_Health_Insurance
GAP-0226,Barmer,2025-03,PAYMENT_OR_NONPAYMENT,No source row in current evidence package establishes this link.,"bank payment, returned debit, or explicit outstanding balance",SEPA Lastschrift Ueberweisung Barmer 2025-03,00_INBOX - Входящи - Eingang/Accounting_Organized/04_Health_Insurance
GAP-0227,Barmer,2025-03,KRANKENKASSE_COMMUNICATION,No source row in current evidence package establishes this link.,communication with Krankenkasse/Einzugsstelle,email Barmer Ratenzahlung Mahnung 2025-03,00_INBOX - Входящи - Eingang/Accounting_Organized/04_Health_Insurance
GAP-0228,Barmer,2025-03,PAYMENT_PLAN_OR_STUNDUNG,No source row in current evidence package establishes this link.,request/response/payment plan if applicable,Ratenzahlung Stundung Zahlungsvereinbarung Barmer 2025-03,00_INBOX - Входящи - Eingang/Accounting_Organized/04_Health_Insurance
GAP-0229,Barmer,2025-04,CONTRIBUTION_DUE,No source row in current evidence package establishes this link.,contribution notice or contribution list,Beitragsnachweis Barmer 2025-04,00_INBOX - Входящи - Eingang/Accounting_Organized/04_Health_Insurance
GAP-0230,Barmer,2025-04,ACCOUNTING_NOTIFICATION,No source row in current evidence package establishes this link.,accountant-to-Martin obligation notification,Brunettin Zahlung Barmer 2025-04,00_INBOX - Входящи - Eingang/Accounting_Organized/04_Health_Insurance
GAP-0231,Barmer,2025-04,PAYMENT_OR_NONPAYMENT,No source row in current evidence package establishes this link.,"bank payment, returned debit, or explicit outstanding balance",SEPA Lastschrift Ueberweisung Barmer 2025-04,00_INBOX - Входящи - Eingang/Accounting_Organized/04_Health_Insurance
GAP-0232,Barmer,2025-04,KRANKENKASSE_COMMUNICATION,No source row in current evidence package establishes this link.,communication with Krankenkasse/Einzugsstelle,email Barmer Ratenzahlung Mahnung 2025-04,00_INBOX - Входящи - Eingang/Accounting_Organized/04_Health_Insurance
GAP-0233,Barmer,2025-04,PAYMENT_PLAN_OR_STUNDUNG,No source row in current evidence package establishes this link.,request/response/payment plan if applicable,Ratenzahlung Stundung Zahlungsvereinbarung Barmer 2025-04,00_INBOX - Входящи - Eingang/Accounting_Organized/04_Health_Insurance
GAP-0234,Barmer,2025-05,PAYMENT_OR_NONPAYMENT,No source row in current evidence package establishes this link.,"bank payment, returned debit, or explicit outstanding balance",SEPA Lastschrift Ueberweisung Barmer 2025-05,00_INBOX - Входящи - Eingang/Accounting_Organized/04_Health_Insurance
GAP-0235,Barmer,2025-05,KRANKENKASSE_COMMUNICATION,No source row in current evidence package establishes this link.,communication with Krankenkasse/Einzugsstelle,email Barmer Ratenzahlung Mahnung 2025-05,00_INBOX - Входящи - Eingang/Accounting_Organized/04_Health_Insurance
GAP-0236,Barmer,2025-05,PAYMENT_PLAN_OR_STUNDUNG,No source row in current evidence package establishes this link.,request/response/payment plan if applicable,Ratenzahlung Stundung Zahlungsvereinbarung Barmer 2025-05,00_INBOX - Входящи - Eingang/Accounting_Organized/04_Health_Insurance
GAP-0237,Barmer,2025-06,PAYMENT_OR_NONPAYMENT,No source row in current evidence package establishes this link.,"bank payment, returned debit, or explicit outstanding balance",SEPA Lastschrift Ueberweisung Barmer 2025-06,00_INBOX - Входящи - Eingang/Accounting_Organized/04_Health_Insurance
GAP-0238,Barmer,2025-06,KRANKENKASSE_COMMUNICATION,No source row in current evidence package establishes this link.,communication with Krankenkasse/Einzugsstelle,email Barmer Ratenzahlung Mahnung 2025-06,00_INBOX - Входящи - Eingang/Accounting_Organized/04_Health_Insurance
GAP-0239,Barmer,2025-06,PAYMENT_PLAN_OR_STUNDUNG,No source row in current evidence package establishes this link.,request/response/payment plan if applicable,Ratenzahlung Stundung Zahlungsvereinbarung Barmer 2025-06,00_INBOX - Входящи - Eingang/Accounting_Organized/04_Health_Insurance
GAP-0240,DAK,2024-01,CONTRIBUTION_DUE,No source row in current evidence package establishes this link.,contribution notice or contribution list,Beitragsnachweis DAK 2024-01,00_INBOX - Входящи - Eingang/Accounting_Organized/04_Health_Insurance
GAP-0241,DAK,2024-01,ACCOUNTING_NOTIFICATION,No source row in current evidence package establishes this link.,accountant-to-Martin obligation notification,Brunettin Zahlung DAK 2024-01,00_INBOX - Входящи - Eingang/Accounting_Organized/04_Health_Insurance
GAP-0242,DAK,2024-01,PAYMENT_OR_NONPAYMENT,No source row in current evidence package establishes this link.,"bank payment, returned debit, or explicit outstanding balance",SEPA Lastschrift Ueberweisung DAK 2024-01,00_INBOX - Входящи - Eingang/Accounting_Organized/04_Health_Insurance
GAP-0243,DAK,2024-01,KRANKENKASSE_COMMUNICATION,No source row in current evidence package establishes this link.,communication with Krankenkasse/Einzugsstelle,email DAK Ratenzahlung Mahnung 2024-01,00_INBOX - Входящи - Eingang/Accounting_Organized/04_Health_Insurance
GAP-0244,DAK,2024-01,PAYMENT_PLAN_OR_STUNDUNG,No source row in current evidence package establishes this link.,request/response/payment plan if applicable,Ratenzahlung Stundung Zahlungsvereinbarung DAK 2024-01,00_INBOX - Входящи - Eingang/Accounting_Organized/04_Health_Insurance
GAP-0245,DAK,2024-05,CONTRIBUTION_DUE,No source row in current evidence package establishes this link.,contribution notice or contribution list,Beitragsnachweis DAK 2024-05,00_INBOX - Входящи - Eingang/Accounting_Organized/04_Health_Insurance
GAP-0246,DAK,2024-05,ACCOUNTING_NOTIFICATION,No source row in current evidence package establishes this link.,accountant-to-Martin obligation notification,Brunettin Zahlung DAK 2024-05,00_INBOX - Входящи - Eingang/Accounting_Organized/04_Health_Insurance
GAP-0247,DAK,2024-05,PAYMENT_OR_NONPAYMENT,No source row in current evidence package establishes this link.,"bank payment, returned debit, or explicit outstanding balance",SEPA Lastschrift Ueberweisung DAK 2024-05,00_INBOX - Входящи - Eingang/Accounting_Organized/04_Health_Insurance
GAP-0248,DAK,2024-05,KRANKENKASSE_COMMUNICATION,No source row in current evidence package establishes this link.,communication with Krankenkasse/Einzugsstelle,email DAK Ratenzahlung Mahnung 2024-05,00_INBOX - Входящи - Eingang/Accounting_Organized/04_Health_Insurance
GAP-0249,DAK,2024-05,PAYMENT_PLAN_OR_STUNDUNG,No source row in current evidence package establishes this link.,request/response/payment plan if applicable,Ratenzahlung Stundung Zahlungsvereinbarung DAK 2024-05,00_INBOX - Входящи - Eingang/Accounting_Organized/04_Health_Insurance
GAP-0250,DAK,2025-01,CONTRIBUTION_DUE,No source row in current evidence package establishes this link.,contribution notice or contribution list,Beitragsnachweis DAK 2025-01,00_INBOX - Входящи - Eingang/Accounting_Organized/04_Health_Insurance
GAP-0251,DAK,2025-01,PAYMENT_OR_NONPAYMENT,No source row in current evidence package establishes this link.,"bank payment, returned debit, or explicit outstanding balance",SEPA Lastschrift Ueberweisung DAK 2025-01,00_INBOX - Входящи - Eingang/Accounting_Organized/04_Health_Insurance
GAP-0252,DAK,2025-01,PAYMENT_PLAN_OR_STUNDUNG,No source row in current evidence package establishes this link.,request/response/payment plan if applicable,Ratenzahlung Stundung Zahlungsvereinbarung DAK 2025-01,00_INBOX - Входящи - Eingang/Accounting_Organized/04_Health_Insurance
GAP-0253,DAK,2025-04,CONTRIBUTION_DUE,No source row in current evidence package establishes this link.,contribution notice or contribution list,Beitragsnachweis DAK 2025-04,00_INBOX - Входящи - Eingang/Accounting_Organized/04_Health_Insurance
GAP-0254,DAK,2025-04,ACCOUNTING_NOTIFICATION,No source row in current evidence package establishes this link.,accountant-to-Martin obligation notification,Brunettin Zahlung DAK 2025-04,00_INBOX - Входящи - Eingang/Accounting_Organized/04_Health_Insurance
GAP-0255,DAK,2025-04,PAYMENT_OR_NONPAYMENT,No source row in current evidence package establishes this link.,"bank payment, returned debit, or explicit outstanding balance",SEPA Lastschrift Ueberweisung DAK 2025-04,00_INBOX - Входящи - Eingang/Accounting_Organized/04_Health_Insurance
GAP-0256,DAK,2025-04,KRANKENKASSE_COMMUNICATION,No source row in current evidence package establishes this link.,communication with Krankenkasse/Einzugsstelle,email DAK Ratenzahlung Mahnung 2025-04,00_INBOX - Входящи - Eingang/Accounting_Organized/04_Health_Insurance
GAP-0257,DAK,2025-04,PAYMENT_PLAN_OR_STUNDUNG,No source row in current evidence package establishes this link.,request/response/payment plan if applicable,Ratenzahlung Stundung Zahlungsvereinbarung DAK 2025-04,00_INBOX - Входящи - Eingang/Accounting_Organized/04_Health_Insurance
GAP-0258,DAK,2025-05,CONTRIBUTION_DUE,No source row in current evidence package establishes this link.,contribution notice or contribution list,Beitragsnachweis DAK 2025-05,00_INBOX - Входящи - Eingang/Accounting_Organized/04_Health_Insurance
GAP-0259,DAK,2025-05,ACCOUNTING_NOTIFICATION,No source row in current evidence package establishes this link.,accountant-to-Martin obligation notification,Brunettin Zahlung DAK 2025-05,00_INBOX - Входящи - Eingang/Accounting_Organized/04_Health_Insurance
GAP-0260,DAK,2025-05,PAYMENT_OR_NONPAYMENT,No source row in current evidence package establishes this link.,"bank payment, returned debit, or explicit outstanding balance",SEPA Lastschrift Ueberweisung DAK 2025-05,00_INBOX - Входящи - Eingang/Accounting_Organized/04_Health_Insurance
GAP-0261,DAK,2025-05,KRANKENKASSE_COMMUNICATION,No source row in current evidence package establishes this link.,communication with Krankenkasse/Einzugsstelle,email DAK Ratenzahlung Mahnung 2025-05,00_INBOX - Входящи - Eingang/Accounting_Organized/04_Health_Insurance
GAP-0262,DAK,2025-05,PAYMENT_PLAN_OR_STUNDUNG,No source row in current evidence package establishes this link.,request/response/payment plan if applicable,Ratenzahlung Stundung Zahlungsvereinbarung DAK 2025-05,00_INBOX - Входящи - Eingang/Accounting_Organized/04_Health_Insurance
GAP-0263,DAK,2025-06,CONTRIBUTION_DUE,No source row in current evidence package establishes this link.,contribution notice or contribution list,Beitragsnachweis DAK 2025-06,00_INBOX - Входящи - Eingang/Accounting_Organized/04_Health_Insurance
GAP-0264,DAK,2025-06,ACCOUNTING_NOTIFICATION,No source row in current evidence package establishes this link.,accountant-to-Martin obligation notification,Brunettin Zahlung DAK 2025-06,00_INBOX - Входящи - Eingang/Accounting_Organized/04_Health_Insurance
GAP-0265,DAK,2025-06,PAYMENT_OR_NONPAYMENT,No source row in current evidence package establishes this link.,"bank payment, returned debit, or explicit outstanding balance",SEPA Lastschrift Ueberweisung DAK 2025-06,00_INBOX - Входящи - Eingang/Accounting_Organized/04_Health_Insurance
GAP-0266,DAK,2025-06,KRANKENKASSE_COMMUNICATION,No source row in current evidence package establishes this link.,communication with Krankenkasse/Einzugsstelle,email DAK Ratenzahlung Mahnung 2025-06,00_INBOX - Входящи - Eingang/Accounting_Organized/04_Health_Insurance
GAP-0267,DAK,2025-06,PAYMENT_PLAN_OR_STUNDUNG,No source row in current evidence package establishes this link.,request/response/payment plan if applicable,Ratenzahlung Stundung Zahlungsvereinbarung DAK 2025-06,00_INBOX - Входящи - Eingang/Accounting_Organized/04_Health_Insurance
GAP-0268,Hauptzollamt / Krankenkasse,2024-01,CONTRIBUTION_DUE,No source row in current evidence package establishes this link.,contribution notice or contribution list,Beitragsnachweis Hauptzollamt / Krankenkasse 2024-01,00_INBOX - Входящи - Eingang/Accounting_Organized/04_Health_Insurance
GAP-0269,Hauptzollamt / Krankenkasse,2024-01,ACCOUNTING_NOTIFICATION,No source row in current evidence package establishes this link.,accountant-to-Martin obligation notification,Brunettin Zahlung Hauptzollamt / Krankenkasse 2024-01,00_INBOX - Входящи - Eingang/Accounting_Organized/04_Health_Insurance
GAP-0270,Hauptzollamt / Krankenkasse,2024-01,PAYMENT_OR_NONPAYMENT,No source row in current evidence package establishes this link.,"bank payment, returned debit, or explicit outstanding balance",SEPA Lastschrift Ueberweisung Hauptzollamt / Krankenkasse 2024-01,00_INBOX - Входящи - Eingang/Accounting_Organized/04_Health_Insurance
GAP-0271,Hauptzollamt / Krankenkasse,2024-01,KRANKENKASSE_COMMUNICATION,No source row in current evidence package establishes this link.,communication with Krankenkasse/Einzugsstelle,email Hauptzollamt / Krankenkasse Ratenzahlung Mahnung 2024-01,00_INBOX - Входящи - Eingang/Accounting_Organized/04_Health_Insurance
GAP-0272,Hauptzollamt / Krankenkasse,2024-01,PAYMENT_PLAN_OR_STUNDUNG,No source row in current evidence package establishes this link.,request/response/payment plan if applicable,Ratenzahlung Stundung Zahlungsvereinbarung Hauptzollamt / Krankenkasse 2024-01,00_INBOX - Входящи - Eingang/Accounting_Organized/04_Health_Insurance
GAP-0273,Hauptzollamt / Krankenkasse,2024-02,CONTRIBUTION_DUE,No source row in current evidence package establishes this link.,contribution notice or contribution list,Beitragsnachweis Hauptzollamt / Krankenkasse 2024-02,00_INBOX - Входящи - Eingang/Accounting_Organized/04_Health_Insurance
GAP-0274,Hauptzollamt / Krankenkasse,2024-02,ACCOUNTING_NOTIFICATION,No source row in current evidence package establishes this link.,accountant-to-Martin obligation notification,Brunettin Zahlung Hauptzollamt / Krankenkasse 2024-02,00_INBOX - Входящи - Eingang/Accounting_Organized/04_Health_Insurance
GAP-0275,Hauptzollamt / Krankenkasse,2024-02,PAYMENT_OR_NONPAYMENT,No source row in current evidence package establishes this link.,"bank payment, returned debit, or explicit outstanding balance",SEPA Lastschrift Ueberweisung Hauptzollamt / Krankenkasse 2024-02,00_INBOX - Входящи - Eingang/Accounting_Organized/04_Health_Insurance
GAP-0276,Hauptzollamt / Krankenkasse,2024-02,KRANKENKASSE_COMMUNICATION,No source row in current evidence package establishes this link.,communication with Krankenkasse/Einzugsstelle,email Hauptzollamt / Krankenkasse Ratenzahlung Mahnung 2024-02,00_INBOX - Входящи - Eingang/Accounting_Organized/04_Health_Insurance
GAP-0277,Hauptzollamt / Krankenkasse,2024-02,PAYMENT_PLAN_OR_STUNDUNG,No source row in current evidence package establishes this link.,request/response/payment plan if applicable,Ratenzahlung Stundung Zahlungsvereinbarung Hauptzollamt / Krankenkasse 2024-02,00_INBOX - Входящи - Eingang/Accounting_Organized/04_Health_Insurance
GAP-0278,Hauptzollamt / Krankenkasse,2024-03,CONTRIBUTION_DUE,No source row in current evidence package establishes this link.,contribution notice or contribution list,Beitragsnachweis Hauptzollamt / Krankenkasse 2024-03,00_INBOX - Входящи - Eingang/Accounting_Organized/04_Health_Insurance
GAP-0279,Hauptzollamt / Krankenkasse,2024-03,ACCOUNTING_NOTIFICATION,No source row in current evidence package establishes this link.,accountant-to-Martin obligation notification,Brunettin Zahlung Hauptzollamt / Krankenkasse 2024-03,00_INBOX - Входящи - Eingang/Accounting_Organized/04_Health_Insurance
GAP-0280,Hauptzollamt / Krankenkasse,2024-03,PAYMENT_OR_NONPAYMENT,No source row in current evidence package establishes this link.,"bank payment, returned debit, or explicit outstanding balance",SEPA Lastschrift Ueberweisung Hauptzollamt / Krankenkasse 2024-03,00_INBOX - Входящи - Eingang/Accounting_Organized/04_Health_Insurance
GAP-0281,Hauptzollamt / Krankenkasse,2024-03,KRANKENKASSE_COMMUNICATION,No source row in current evidence package establishes this link.,communication with Krankenkasse/Einzugsstelle,email Hauptzollamt / Krankenkasse Ratenzahlung Mahnung 2024-03,00_INBOX - Входящи - Eingang/Accounting_Organized/04_Health_Insurance
GAP-0282,Hauptzollamt / Krankenkasse,2024-03,PAYMENT_PLAN_OR_STUNDUNG,No source row in current evidence package establishes this link.,request/response/payment plan if applicable,Ratenzahlung Stundung Zahlungsvereinbarung Hauptzollamt / Krankenkasse 2024-03,00_INBOX - Входящи - Eingang/Accounting_Organized/04_Health_Insurance
GAP-0283,Hauptzollamt / Krankenkasse,2024-04,CONTRIBUTION_DUE,No source row in current evidence package establishes this link.,contribution notice or contribution list,Beitragsnachweis Hauptzollamt / Krankenkasse 2024-04,00_INBOX - Входящи - Eingang/Accounting_Organized/04_Health_Insurance
GAP-0284,Hauptzollamt / Krankenkasse,2024-04,ACCOUNTING_NOTIFICATION,No source row in current evidence package establishes this link.,accountant-to-Martin obligation notification,Brunettin Zahlung Hauptzollamt / Krankenkasse 2024-04,00_INBOX - Входящи - Eingang/Accounting_Organized/04_Health_Insurance
GAP-0285,Hauptzollamt / Krankenkasse,2024-04,PAYMENT_OR_NONPAYMENT,No source row in current evidence package establishes this link.,"bank payment, returned debit, or explicit outstanding balance",SEPA Lastschrift Ueberweisung Hauptzollamt / Krankenkasse 2024-04,00_INBOX - Входящи - Eingang/Accounting_Organized/04_Health_Insurance
GAP-0286,Hauptzollamt / Krankenkasse,2024-04,KRANKENKASSE_COMMUNICATION,No source row in current evidence package establishes this link.,communication with Krankenkasse/Einzugsstelle,email Hauptzollamt / Krankenkasse Ratenzahlung Mahnung 2024-04,00_INBOX - Входящи - Eingang/Accounting_Organized/04_Health_Insurance
GAP-0287,Hauptzollamt / Krankenkasse,2024-04,PAYMENT_PLAN_OR_STUNDUNG,No source row in current evidence package establishes this link.,request/response/payment plan if applicable,Ratenzahlung Stundung Zahlungsvereinbarung Hauptzollamt / Krankenkasse 2024-04,00_INBOX - Входящи - Eingang/Accounting_Organized/04_Health_Insurance
GAP-0288,Hauptzollamt / Krankenkasse,2024-05,CONTRIBUTION_DUE,No source row in current evidence package establishes this link.,contribution notice or contribution list,Beitragsnachweis Hauptzollamt / Krankenkasse 2024-05,00_INBOX - Входящи - Eingang/Accounting_Organized/04_Health_Insurance
GAP-0289,Hauptzollamt / Krankenkasse,2024-05,ACCOUNTING_NOTIFICATION,No source row in current evidence package establishes this link.,accountant-to-Martin obligation notification,Brunettin Zahlung Hauptzollamt / Krankenkasse 2024-05,00_INBOX - Входящи - Eingang/Accounting_Organized/04_Health_Insurance
GAP-0290,Hauptzollamt / Krankenkasse,2024-05,PAYMENT_OR_NONPAYMENT,No source row in current evidence package establishes this link.,"bank payment, returned debit, or explicit outstanding balance",SEPA Lastschrift Ueberweisung Hauptzollamt / Krankenkasse 2024-05,00_INBOX - Входящи - Eingang/Accounting_Organized/04_Health_Insurance
GAP-0291,Hauptzollamt / Krankenkasse,2024-05,KRANKENKASSE_COMMUNICATION,No source row in current evidence package establishes this link.,communication with Krankenkasse/Einzugsstelle,email Hauptzollamt / Krankenkasse Ratenzahlung Mahnung 2024-05,00_INBOX - Входящи - Eingang/Accounting_Organized/04_Health_Insurance
GAP-0292,Hauptzollamt / Krankenkasse,2024-05,PAYMENT_PLAN_OR_STUNDUNG,No source row in current evidence package establishes this link.,request/response/payment plan if applicable,Ratenzahlung Stundung Zahlungsvereinbarung Hauptzollamt / Krankenkasse 2024-05,00_INBOX - Входящи - Eingang/Accounting_Organized/04_Health_Insurance
GAP-0293,Hauptzollamt / Krankenkasse,2024-06,CONTRIBUTION_DUE,No source row in current evidence package establishes this link.,contribution notice or contribution list,Beitragsnachweis Hauptzollamt / Krankenkasse 2024-06,00_INBOX - Входящи - Eingang/Accounting_Organized/04_Health_Insurance
GAP-0294,Hauptzollamt / Krankenkasse,2024-06,ACCOUNTING_NOTIFICATION,No source row in current evidence package establishes this link.,accountant-to-Martin obligation notification,Brunettin Zahlung Hauptzollamt / Krankenkasse 2024-06,00_INBOX - Входящи - Eingang/Accounting_Organized/04_Health_Insurance
GAP-0295,Hauptzollamt / Krankenkasse,2024-06,PAYMENT_OR_NONPAYMENT,No source row in current evidence package establishes this link.,"bank payment, returned debit, or explicit outstanding balance",SEPA Lastschrift Ueberweisung Hauptzollamt / Krankenkasse 2024-06,00_INBOX - Входящи - Eingang/Accounting_Organized/04_Health_Insurance
GAP-0296,Hauptzollamt / Krankenkasse,2024-06,KRANKENKASSE_COMMUNICATION,No source row in current evidence package establishes this link.,communication with Krankenkasse/Einzugsstelle,email Hauptzollamt / Krankenkasse Ratenzahlung Mahnung 2024-06,00_INBOX - Входящи - Eingang/Accounting_Organized/04_Health_Insurance
GAP-0297,Hauptzollamt / Krankenkasse,2024-06,PAYMENT_PLAN_OR_STUNDUNG,No source row in current evidence package establishes this link.,request/response/payment plan if applicable,Ratenzahlung Stundung Zahlungsvereinbarung Hauptzollamt / Krankenkasse 2024-06,00_INBOX - Входящи - Eingang/Accounting_Organized/04_Health_Insurance
GAP-0298,Hauptzollamt / Krankenkasse,2024-07,CONTRIBUTION_DUE,No source row in current evidence package establishes this link.,contribution notice or contribution list,Beitragsnachweis Hauptzollamt / Krankenkasse 2024-07,00_INBOX - Входящи - Eingang/Accounting_Organized/04_Health_Insurance
GAP-0299,Hauptzollamt / Krankenkasse,2024-07,ACCOUNTING_NOTIFICATION,No source row in current evidence package establishes this link.,accountant-to-Martin obligation notification,Brunettin Zahlung Hauptzollamt / Krankenkasse 2024-07,00_INBOX - Входящи - Eingang/Accounting_Organized/04_Health_Insurance
GAP-0300,Hauptzollamt / Krankenkasse,2024-07,PAYMENT_OR_NONPAYMENT,No source row in current evidence package establishes this link.,"bank payment, returned debit, or explicit outstanding balance",SEPA Lastschrift Ueberweisung Hauptzollamt / Krankenkasse 2024-07,00_INBOX - Входящи - Eingang/Accounting_Organized/04_Health_Insurance
GAP-0301,Hauptzollamt / Krankenkasse,2024-07,KRANKENKASSE_COMMUNICATION,No source row in current evidence package establishes this link.,communication with Krankenkasse/Einzugsstelle,email Hauptzollamt / Krankenkasse Ratenzahlung Mahnung 2024-07,00_INBOX - Входящи - Eingang/Accounting_Organized/04_Health_Insurance
GAP-0302,Hauptzollamt / Krankenkasse,2024-07,PAYMENT_PLAN_OR_STUNDUNG,No source row in current evidence package establishes this link.,request/response/payment plan if applicable,Ratenzahlung Stundung Zahlungsvereinbarung Hauptzollamt / Krankenkasse 2024-07,00_INBOX - Входящи - Eingang/Accounting_Organized/04_Health_Insurance
GAP-0303,Hauptzollamt / Krankenkasse,2024-08,CONTRIBUTION_DUE,No source row in current evidence package establishes this link.,contribution notice or contribution list,Beitragsnachweis Hauptzollamt / Krankenkasse 2024-08,00_INBOX - Входящи - Eingang/Accounting_Organized/04_Health_Insurance
GAP-0304,Hauptzollamt / Krankenkasse,2024-08,ACCOUNTING_NOTIFICATION,No source row in current evidence package establishes this link.,accountant-to-Martin obligation notification,Brunettin Zahlung Hauptzollamt / Krankenkasse 2024-08,00_INBOX - Входящи - Eingang/Accounting_Organized/04_Health_Insurance
GAP-0305,Hauptzollamt / Krankenkasse,2024-08,PAYMENT_OR_NONPAYMENT,No source row in current evidence package establishes this link.,"bank payment, returned debit, or explicit outstanding balance",SEPA Lastschrift Ueberweisung Hauptzollamt / Krankenkasse 2024-08,00_INBOX - Входящи - Eingang/Accounting_Organized/04_Health_Insurance
GAP-0306,Hauptzollamt / Krankenkasse,2024-08,KRANKENKASSE_COMMUNICATION,No source row in current evidence package establishes this link.,communication with Krankenkasse/Einzugsstelle,email Hauptzollamt / Krankenkasse Ratenzahlung Mahnung 2024-08,00_INBOX - Входящи - Eingang/Accounting_Organized/04_Health_Insurance
GAP-0307,Hauptzollamt / Krankenkasse,2024-08,PAYMENT_PLAN_OR_STUNDUNG,No source row in current evidence package establishes this link.,request/response/payment plan if applicable,Ratenzahlung Stundung Zahlungsvereinbarung Hauptzollamt / Krankenkasse 2024-08,00_INBOX - Входящи - Eingang/Accounting_Organized/04_Health_Insurance
GAP-0308,Hauptzollamt / Krankenkasse,2024-09,CONTRIBUTION_DUE,No source row in current evidence package establishes this link.,contribution notice or contribution list,Beitragsnachweis Hauptzollamt / Krankenkasse 2024-09,00_INBOX - Входящи - Eingang/Accounting_Organized/04_Health_Insurance
GAP-0309,Hauptzollamt / Krankenkasse,2024-09,ACCOUNTING_NOTIFICATION,No source row in current evidence package establishes this link.,accountant-to-Martin obligation notification,Brunettin Zahlung Hauptzollamt / Krankenkasse 2024-09,00_INBOX - Входящи - Eingang/Accounting_Organized/04_Health_Insurance
GAP-0310,Hauptzollamt / Krankenkasse,2024-09,PAYMENT_OR_NONPAYMENT,No source row in current evidence package establishes this link.,"bank payment, returned debit, or explicit outstanding balance",SEPA Lastschrift Ueberweisung Hauptzollamt / Krankenkasse 2024-09,00_INBOX - Входящи - Eingang/Accounting_Organized/04_Health_Insurance
GAP-0311,Hauptzollamt / Krankenkasse,2024-09,KRANKENKASSE_COMMUNICATION,No source row in current evidence package establishes this link.,communication with Krankenkasse/Einzugsstelle,email Hauptzollamt / Krankenkasse Ratenzahlung Mahnung 2024-09,00_INBOX - Входящи - Eingang/Accounting_Organized/04_Health_Insurance
GAP-0312,Hauptzollamt / Krankenkasse,2024-09,PAYMENT_PLAN_OR_STUNDUNG,No source row in current evidence package establishes this link.,request/response/payment plan if applicable,Ratenzahlung Stundung Zahlungsvereinbarung Hauptzollamt / Krankenkasse 2024-09,00_INBOX - Входящи - Eingang/Accounting_Organized/04_Health_Insurance
GAP-0313,Hauptzollamt / Krankenkasse,2024-11,CONTRIBUTION_DUE,No source row in current evidence package establishes this link.,contribution notice or contribution list,Beitragsnachweis Hauptzollamt / Krankenkasse 2024-11,00_INBOX - Входящи - Eingang/Accounting_Organized/04_Health_Insurance
GAP-0314,Hauptzollamt / Krankenkasse,2024-11,ACCOUNTING_NOTIFICATION,No source row in current evidence package establishes this link.,accountant-to-Martin obligation notification,Brunettin Zahlung Hauptzollamt / Krankenkasse 2024-11,00_INBOX - Входящи - Eingang/Accounting_Organized/04_Health_Insurance
GAP-0315,Hauptzollamt / Krankenkasse,2024-11,PAYMENT_OR_NONPAYMENT,No source row in current evidence package establishes this link.,"bank payment, returned debit, or explicit outstanding balance",SEPA Lastschrift Ueberweisung Hauptzollamt / Krankenkasse 2024-11,00_INBOX - Входящи - Eingang/Accounting_Organized/04_Health_Insurance
GAP-0316,Hauptzollamt / Krankenkasse,2024-11,KRANKENKASSE_COMMUNICATION,No source row in current evidence package establishes this link.,communication with Krankenkasse/Einzugsstelle,email Hauptzollamt / Krankenkasse Ratenzahlung Mahnung 2024-11,00_INBOX - Входящи - Eingang/Accounting_Organized/04_Health_Insurance
GAP-0317,Hauptzollamt / Krankenkasse,2024-11,PAYMENT_PLAN_OR_STUNDUNG,No source row in current evidence package establishes this link.,request/response/payment plan if applicable,Ratenzahlung Stundung Zahlungsvereinbarung Hauptzollamt / Krankenkasse 2024-11,00_INBOX - Входящи - Eingang/Accounting_Organized/04_Health_Insurance
GAP-0318,Hauptzollamt / Krankenkasse,2024-12,CONTRIBUTION_DUE,No source row in current evidence package establishes this link.,contribution notice or contribution list,Beitragsnachweis Hauptzollamt / Krankenkasse 2024-12,00_INBOX - Входящи - Eingang/Accounting_Organized/04_Health_Insurance
GAP-0319,Hauptzollamt / Krankenkasse,2024-12,ACCOUNTING_NOTIFICATION,No source row in current evidence package establishes this link.,accountant-to-Martin obligation notification,Brunettin Zahlung Hauptzollamt / Krankenkasse 2024-12,00_INBOX - Входящи - Eingang/Accounting_Organized/04_Health_Insurance
GAP-0320,Hauptzollamt / Krankenkasse,2024-12,PAYMENT_OR_NONPAYMENT,No source row in current evidence package establishes this link.,"bank payment, returned debit, or explicit outstanding balance",SEPA Lastschrift Ueberweisung Hauptzollamt / Krankenkasse 2024-12,00_INBOX - Входящи - Eingang/Accounting_Organized/04_Health_Insurance
GAP-0321,Hauptzollamt / Krankenkasse,2024-12,KRANKENKASSE_COMMUNICATION,No source row in current evidence package establishes this link.,communication with Krankenkasse/Einzugsstelle,email Hauptzollamt / Krankenkasse Ratenzahlung Mahnung 2024-12,00_INBOX - Входящи - Eingang/Accounting_Organized/04_Health_Insurance
GAP-0322,Hauptzollamt / Krankenkasse,2024-12,PAYMENT_PLAN_OR_STUNDUNG,No source row in current evidence package establishes this link.,request/response/payment plan if applicable,Ratenzahlung Stundung Zahlungsvereinbarung Hauptzollamt / Krankenkasse 2024-12,00_INBOX - Входящи - Eingang/Accounting_Organized/04_Health_Insurance
GAP-0323,Hauptzollamt / Krankenkasse,2025-01,CONTRIBUTION_DUE,No source row in current evidence package establishes this link.,contribution notice or contribution list,Beitragsnachweis Hauptzollamt / Krankenkasse 2025-01,00_INBOX - Входящи - Eingang/Accounting_Organized/04_Health_Insurance
GAP-0324,Hauptzollamt / Krankenkasse,2025-01,ACCOUNTING_NOTIFICATION,No source row in current evidence package establishes this link.,accountant-to-Martin obligation notification,Brunettin Zahlung Hauptzollamt / Krankenkasse 2025-01,00_INBOX - Входящи - Eingang/Accounting_Organized/04_Health_Insurance
GAP-0325,Hauptzollamt / Krankenkasse,2025-01,PAYMENT_OR_NONPAYMENT,No source row in current evidence package establishes this link.,"bank payment, returned debit, or explicit outstanding balance",SEPA Lastschrift Ueberweisung Hauptzollamt / Krankenkasse 2025-01,00_INBOX - Входящи - Eingang/Accounting_Organized/04_Health_Insurance
GAP-0326,Hauptzollamt / Krankenkasse,2025-01,KRANKENKASSE_COMMUNICATION,No source row in current evidence package establishes this link.,communication with Krankenkasse/Einzugsstelle,email Hauptzollamt / Krankenkasse Ratenzahlung Mahnung 2025-01,00_INBOX - Входящи - Eingang/Accounting_Organized/04_Health_Insurance
GAP-0327,Hauptzollamt / Krankenkasse,2025-01,PAYMENT_PLAN_OR_STUNDUNG,No source row in current evidence package establishes this link.,request/response/payment plan if applicable,Ratenzahlung Stundung Zahlungsvereinbarung Hauptzollamt / Krankenkasse 2025-01,00_INBOX - Входящи - Eingang/Accounting_Organized/04_Health_Insurance
GAP-0328,Hauptzollamt / Krankenkasse,2025-02,CONTRIBUTION_DUE,No source row in current evidence package establishes this link.,contribution notice or contribution list,Beitragsnachweis Hauptzollamt / Krankenkasse 2025-02,00_INBOX - Входящи - Eingang/Accounting_Organized/04_Health_Insurance
GAP-0329,Hauptzollamt / Krankenkasse,2025-02,ACCOUNTING_NOTIFICATION,No source row in current evidence package establishes this link.,accountant-to-Martin obligation notification,Brunettin Zahlung Hauptzollamt / Krankenkasse 2025-02,00_INBOX - Входящи - Eingang/Accounting_Organized/04_Health_Insurance
GAP-0330,Hauptzollamt / Krankenkasse,2025-02,PAYMENT_OR_NONPAYMENT,No source row in current evidence package establishes this link.,"bank payment, returned debit, or explicit outstanding balance",SEPA Lastschrift Ueberweisung Hauptzollamt / Krankenkasse 2025-02,00_INBOX - Входящи - Eingang/Accounting_Organized/04_Health_Insurance
GAP-0331,Hauptzollamt / Krankenkasse,2025-02,KRANKENKASSE_COMMUNICATION,No source row in current evidence package establishes this link.,communication with Krankenkasse/Einzugsstelle,email Hauptzollamt / Krankenkasse Ratenzahlung Mahnung 2025-02,00_INBOX - Входящи - Eingang/Accounting_Organized/04_Health_Insurance
GAP-0332,Hauptzollamt / Krankenkasse,2025-02,PAYMENT_PLAN_OR_STUNDUNG,No source row in current evidence package establishes this link.,request/response/payment plan if applicable,Ratenzahlung Stundung Zahlungsvereinbarung Hauptzollamt / Krankenkasse 2025-02,00_INBOX - Входящи - Eingang/Accounting_Organized/04_Health_Insurance
GAP-0333,Hauptzollamt / Krankenkasse,2025-03,CONTRIBUTION_DUE,No source row in current evidence package establishes this link.,contribution notice or contribution list,Beitragsnachweis Hauptzollamt / Krankenkasse 2025-03,00_INBOX - Входящи - Eingang/Accounting_Organized/04_Health_Insurance
GAP-0334,Hauptzollamt / Krankenkasse,2025-03,ACCOUNTING_NOTIFICATION,No source row in current evidence package establishes this link.,accountant-to-Martin obligation notification,Brunettin Zahlung Hauptzollamt / Krankenkasse 2025-03,00_INBOX - Входящи - Eingang/Accounting_Organized/04_Health_Insurance
GAP-0335,Hauptzollamt / Krankenkasse,2025-03,PAYMENT_OR_NONPAYMENT,No source row in current evidence package establishes this link.,"bank payment, returned debit, or explicit outstanding balance",SEPA Lastschrift Ueberweisung Hauptzollamt / Krankenkasse 2025-03,00_INBOX - Входящи - Eingang/Accounting_Organized/04_Health_Insurance
GAP-0336,Hauptzollamt / Krankenkasse,2025-03,KRANKENKASSE_COMMUNICATION,No source row in current evidence package establishes this link.,communication with Krankenkasse/Einzugsstelle,email Hauptzollamt / Krankenkasse Ratenzahlung Mahnung 2025-03,00_INBOX - Входящи - Eingang/Accounting_Organized/04_Health_Insurance
GAP-0337,Hauptzollamt / Krankenkasse,2025-03,PAYMENT_PLAN_OR_STUNDUNG,No source row in current evidence package establishes this link.,request/response/payment plan if applicable,Ratenzahlung Stundung Zahlungsvereinbarung Hauptzollamt / Krankenkasse 2025-03,00_INBOX - Входящи - Eingang/Accounting_Organized/04_Health_Insurance
GAP-0338,Hauptzollamt / Krankenkasse,2025-04,CONTRIBUTION_DUE,No source row in current evidence package establishes this link.,contribution notice or contribution list,Beitragsnachweis Hauptzollamt / Krankenkasse 2025-04,00_INBOX - Входящи - Eingang/Accounting_Organized/04_Health_Insurance
GAP-0339,Hauptzollamt / Krankenkasse,2025-04,ACCOUNTING_NOTIFICATION,No source row in current evidence package establishes this link.,accountant-to-Martin obligation notification,Brunettin Zahlung Hauptzollamt / Krankenkasse 2025-04,00_INBOX - Входящи - Eingang/Accounting_Organized/04_Health_Insurance
GAP-0340,Hauptzollamt / Krankenkasse,2025-04,PAYMENT_OR_NONPAYMENT,No source row in current evidence package establishes this link.,"bank payment, returned debit, or explicit outstanding balance",SEPA Lastschrift Ueberweisung Hauptzollamt / Krankenkasse 2025-04,00_INBOX - Входящи - Eingang/Accounting_Organized/04_Health_Insurance
GAP-0341,Hauptzollamt / Krankenkasse,2025-04,KRANKENKASSE_COMMUNICATION,No source row in current evidence package establishes this link.,communication with Krankenkasse/Einzugsstelle,email Hauptzollamt / Krankenkasse Ratenzahlung Mahnung 2025-04,00_INBOX - Входящи - Eingang/Accounting_Organized/04_Health_Insurance
GAP-0342,Hauptzollamt / Krankenkasse,2025-04,PAYMENT_PLAN_OR_STUNDUNG,No source row in current evidence package establishes this link.,request/response/payment plan if applicable,Ratenzahlung Stundung Zahlungsvereinbarung Hauptzollamt / Krankenkasse 2025-04,00_INBOX - Входящи - Eingang/Accounting_Organized/04_Health_Insurance
GAP-0343,Hauptzollamt / Krankenkasse,2025-05,CONTRIBUTION_DUE,No source row in current evidence package establishes this link.,contribution notice or contribution list,Beitragsnachweis Hauptzollamt / Krankenkasse 2025-05,00_INBOX - Входящи - Eingang/Accounting_Organized/04_Health_Insurance
GAP-0344,Hauptzollamt / Krankenkasse,2025-05,ACCOUNTING_NOTIFICATION,No source row in current evidence package establishes this link.,accountant-to-Martin obligation notification,Brunettin Zahlung Hauptzollamt / Krankenkasse 2025-05,00_INBOX - Входящи - Eingang/Accounting_Organized/04_Health_Insurance
GAP-0345,Hauptzollamt / Krankenkasse,2025-05,PAYMENT_OR_NONPAYMENT,No source row in current evidence package establishes this link.,"bank payment, returned debit, or explicit outstanding balance",SEPA Lastschrift Ueberweisung Hauptzollamt / Krankenkasse 2025-05,00_INBOX - Входящи - Eingang/Accounting_Organized/04_Health_Insurance
GAP-0346,Hauptzollamt / Krankenkasse,2025-05,KRANKENKASSE_COMMUNICATION,No source row in current evidence package establishes this link.,communication with Krankenkasse/Einzugsstelle,email Hauptzollamt / Krankenkasse Ratenzahlung Mahnung 2025-05,00_INBOX - Входящи - Eingang/Accounting_Organized/04_Health_Insurance
GAP-0347,Hauptzollamt / Krankenkasse,2025-05,PAYMENT_PLAN_OR_STUNDUNG,No source row in current evidence package establishes this link.,request/response/payment plan if applicable,Ratenzahlung Stundung Zahlungsvereinbarung Hauptzollamt / Krankenkasse 2025-05,00_INBOX - Входящи - Eingang/Accounting_Organized/04_Health_Insurance
GAP-0348,Hauptzollamt / Krankenkasse,2025-06,CONTRIBUTION_DUE,No source row in current evidence package establishes this link.,contribution notice or contribution list,Beitragsnachweis Hauptzollamt / Krankenkasse 2025-06,00_INBOX - Входящи - Eingang/Accounting_Organized/04_Health_Insurance
GAP-0349,Hauptzollamt / Krankenkasse,2025-06,ACCOUNTING_NOTIFICATION,No source row in current evidence package establishes this link.,accountant-to-Martin obligation notification,Brunettin Zahlung Hauptzollamt / Krankenkasse 2025-06,00_INBOX - Входящи - Eingang/Accounting_Organized/04_Health_Insurance
GAP-0350,Hauptzollamt / Krankenkasse,2025-06,PAYMENT_OR_NONPAYMENT,No source row in current evidence package establishes this link.,"bank payment, returned debit, or explicit outstanding balance",SEPA Lastschrift Ueberweisung Hauptzollamt / Krankenkasse 2025-06,00_INBOX - Входящи - Eingang/Accounting_Organized/04_Health_Insurance
GAP-0351,Hauptzollamt / Krankenkasse,2025-06,KRANKENKASSE_COMMUNICATION,No source row in current evidence package establishes this link.,communication with Krankenkasse/Einzugsstelle,email Hauptzollamt / Krankenkasse Ratenzahlung Mahnung 2025-06,00_INBOX - Входящи - Eingang/Accounting_Organized/04_Health_Insurance
GAP-0352,Hauptzollamt / Krankenkasse,2025-06,PAYMENT_PLAN_OR_STUNDUNG,No source row in current evidence package establishes this link.,request/response/payment plan if applicable,Ratenzahlung Stundung Zahlungsvereinbarung Hauptzollamt / Krankenkasse 2025-06,00_INBOX - Входящи - Eingang/Accounting_Organized/04_Health_Insurance
GAP-0353,KKH,2024-05,CONTRIBUTION_DUE,No source row in current evidence package establishes this link.,contribution notice or contribution list,Beitragsnachweis KKH 2024-05,00_INBOX - Входящи - Eingang/Accounting_Organized/04_Health_Insurance
GAP-0354,KKH,2024-05,ACCOUNTING_NOTIFICATION,No source row in current evidence package establishes this link.,accountant-to-Martin obligation notification,Brunettin Zahlung KKH 2024-05,00_INBOX - Входящи - Eingang/Accounting_Organized/04_Health_Insurance
GAP-0355,KKH,2024-05,PAYMENT_OR_NONPAYMENT,No source row in current evidence package establishes this link.,"bank payment, returned debit, or explicit outstanding balance",SEPA Lastschrift Ueberweisung KKH 2024-05,00_INBOX - Входящи - Eingang/Accounting_Organized/04_Health_Insurance
GAP-0356,KKH,2024-05,KRANKENKASSE_COMMUNICATION,No source row in current evidence package establishes this link.,communication with Krankenkasse/Einzugsstelle,email KKH Ratenzahlung Mahnung 2024-05,00_INBOX - Входящи - Eingang/Accounting_Organized/04_Health_Insurance
GAP-0357,KKH,2024-05,PAYMENT_PLAN_OR_STUNDUNG,No source row in current evidence package establishes this link.,request/response/payment plan if applicable,Ratenzahlung Stundung Zahlungsvereinbarung KKH 2024-05,00_INBOX - Входящи - Eingang/Accounting_Organized/04_Health_Insurance
GAP-0358,KKH,2024-07,CONTRIBUTION_DUE,No source row in current evidence package establishes this link.,contribution notice or contribution list,Beitragsnachweis KKH 2024-07,00_INBOX - Входящи - Eingang/Accounting_Organized/04_Health_Insurance
GAP-0359,KKH,2024-07,ACCOUNTING_NOTIFICATION,No source row in current evidence package establishes this link.,accountant-to-Martin obligation notification,Brunettin Zahlung KKH 2024-07,00_INBOX - Входящи - Eingang/Accounting_Organized/04_Health_Insurance
GAP-0360,KKH,2024-07,KRANKENKASSE_COMMUNICATION,No source row in current evidence package establishes this link.,communication with Krankenkasse/Einzugsstelle,email KKH Ratenzahlung Mahnung 2024-07,00_INBOX - Входящи - Eingang/Accounting_Organized/04_Health_Insurance
GAP-0361,KKH,2024-07,PAYMENT_PLAN_OR_STUNDUNG,No source row in current evidence package establishes this link.,request/response/payment plan if applicable,Ratenzahlung Stundung Zahlungsvereinbarung KKH 2024-07,00_INBOX - Входящи - Eingang/Accounting_Organized/04_Health_Insurance
GAP-0362,KKH,2024-08,CONTRIBUTION_DUE,No source row in current evidence package establishes this link.,contribution notice or contribution list,Beitragsnachweis KKH 2024-08,00_INBOX - Входящи - Eingang/Accounting_Organized/04_Health_Insurance
GAP-0363,KKH,2024-08,ACCOUNTING_NOTIFICATION,No source row in current evidence package establishes this link.,accountant-to-Martin obligation notification,Brunettin Zahlung KKH 2024-08,00_INBOX - Входящи - Eingang/Accounting_Organized/04_Health_Insurance
GAP-0364,KKH,2024-08,PAYMENT_OR_NONPAYMENT,No source row in current evidence package establishes this link.,"bank payment, returned debit, or explicit outstanding balance",SEPA Lastschrift Ueberweisung KKH 2024-08,00_INBOX - Входящи - Eingang/Accounting_Organized/04_Health_Insurance
GAP-0365,KKH,2024-08,KRANKENKASSE_COMMUNICATION,No source row in current evidence package establishes this link.,communication with Krankenkasse/Einzugsstelle,email KKH Ratenzahlung Mahnung 2024-08,00_INBOX - Входящи - Eingang/Accounting_Organized/04_Health_Insurance
GAP-0366,KKH,2024-08,PAYMENT_PLAN_OR_STUNDUNG,No source row in current evidence package establishes this link.,request/response/payment plan if applicable,Ratenzahlung Stundung Zahlungsvereinbarung KKH 2024-08,00_INBOX - Входящи - Eingang/Accounting_Organized/04_Health_Insurance
GAP-0367,KKH,2024-09,PAYMENT_OR_NONPAYMENT,No source row in current evidence package establishes this link.,"bank payment, returned debit, or explicit outstanding balance",SEPA Lastschrift Ueberweisung KKH 2024-09,00_INBOX - Входящи - Eingang/Accounting_Organized/04_Health_Insurance
GAP-0368,KKH,2024-09,PAYMENT_PLAN_OR_STUNDUNG,No source row in current evidence package establishes this link.,request/response/payment plan if applicable,Ratenzahlung Stundung Zahlungsvereinbarung KKH 2024-09,00_INBOX - Входящи - Eingang/Accounting_Organized/04_Health_Insurance
GAP-0369,KKH,2024-10,CONTRIBUTION_DUE,No source row in current evidence package establishes this link.,contribution notice or contribution list,Beitragsnachweis KKH 2024-10,00_INBOX - Входящи - Eingang/Accounting_Organized/04_Health_Insurance
GAP-0370,KKH,2024-10,ACCOUNTING_NOTIFICATION,No source row in current evidence package establishes this link.,accountant-to-Martin obligation notification,Brunettin Zahlung KKH 2024-10,00_INBOX - Входящи - Eingang/Accounting_Organized/04_Health_Insurance
GAP-0371,KKH,2024-10,PAYMENT_OR_NONPAYMENT,No source row in current evidence package establishes this link.,"bank payment, returned debit, or explicit outstanding balance",SEPA Lastschrift Ueberweisung KKH 2024-10,00_INBOX - Входящи - Eingang/Accounting_Organized/04_Health_Insurance
GAP-0372,KKH,2024-10,KRANKENKASSE_COMMUNICATION,No source row in current evidence package establishes this link.,communication with Krankenkasse/Einzugsstelle,email KKH Ratenzahlung Mahnung 2024-10,00_INBOX - Входящи - Eingang/Accounting_Organized/04_Health_Insurance
GAP-0373,KKH,2024-10,PAYMENT_PLAN_OR_STUNDUNG,No source row in current evidence package establishes this link.,request/response/payment plan if applicable,Ratenzahlung Stundung Zahlungsvereinbarung KKH 2024-10,00_INBOX - Входящи - Eingang/Accounting_Organized/04_Health_Insurance
GAP-0374,KKH,2024-11,CONTRIBUTION_DUE,No source row in current evidence package establishes this link.,contribution notice or contribution list,Beitragsnachweis KKH 2024-11,00_INBOX - Входящи - Eingang/Accounting_Organized/04_Health_Insurance
GAP-0375,KKH,2024-11,ACCOUNTING_NOTIFICATION,No source row in current evidence package establishes this link.,accountant-to-Martin obligation notification,Brunettin Zahlung KKH 2024-11,00_INBOX - Входящи - Eingang/Accounting_Organized/04_Health_Insurance
GAP-0376,KKH,2024-11,PAYMENT_OR_NONPAYMENT,No source row in current evidence package establishes this link.,"bank payment, returned debit, or explicit outstanding balance",SEPA Lastschrift Ueberweisung KKH 2024-11,00_INBOX - Входящи - Eingang/Accounting_Organized/04_Health_Insurance
GAP-0377,KKH,2024-11,KRANKENKASSE_COMMUNICATION,No source row in current evidence package establishes this link.,communication with Krankenkasse/Einzugsstelle,email KKH Ratenzahlung Mahnung 2024-11,00_INBOX - Входящи - Eingang/Accounting_Organized/04_Health_Insurance
GAP-0378,KKH,2024-11,PAYMENT_PLAN_OR_STUNDUNG,No source row in current evidence package establishes this link.,request/response/payment plan if applicable,Ratenzahlung Stundung Zahlungsvereinbarung KKH 2024-11,00_INBOX - Входящи - Eingang/Accounting_Organized/04_Health_Insurance
GAP-0379,KKH,2024-12,PAYMENT_OR_NONPAYMENT,No source row in current evidence package establishes this link.,"bank payment, returned debit, or explicit outstanding balance",SEPA Lastschrift Ueberweisung KKH 2024-12,00_INBOX - Входящи - Eingang/Accounting_Organized/04_Health_Insurance
GAP-0380,KKH,2024-12,KRANKENKASSE_COMMUNICATION,No source row in current evidence package establishes this link.,communication with Krankenkasse/Einzugsstelle,email KKH Ratenzahlung Mahnung 2024-12,00_INBOX - Входящи - Eingang/Accounting_Organized/04_Health_Insurance
GAP-0381,KKH,2024-12,PAYMENT_PLAN_OR_STUNDUNG,No source row in current evidence package establishes this link.,request/response/payment plan if applicable,Ratenzahlung Stundung Zahlungsvereinbarung KKH 2024-12,00_INBOX - Входящи - Eingang/Accounting_Organized/04_Health_Insurance
GAP-0382,KKH,2025-01,PAYMENT_OR_NONPAYMENT,No source row in current evidence package establishes this link.,"bank payment, returned debit, or explicit outstanding balance",SEPA Lastschrift Ueberweisung KKH 2025-01,00_INBOX - Входящи - Eingang/Accounting_Organized/04_Health_Insurance
GAP-0383,KKH,2025-01,PAYMENT_PLAN_OR_STUNDUNG,No source row in current evidence package establishes this link.,request/response/payment plan if applicable,Ratenzahlung Stundung Zahlungsvereinbarung KKH 2025-01,00_INBOX - Входящи - Eingang/Accounting_Organized/04_Health_Insurance
GAP-0384,KKH,2025-02,PAYMENT_OR_NONPAYMENT,No source row in current evidence package establishes this link.,"bank payment, returned debit, or explicit outstanding balance",SEPA Lastschrift Ueberweisung KKH 2025-02,00_INBOX - Входящи - Eingang/Accounting_Organized/04_Health_Insurance
GAP-0385,KKH,2025-02,PAYMENT_PLAN_OR_STUNDUNG,No source row in current evidence package establishes this link.,request/response/payment plan if applicable,Ratenzahlung Stundung Zahlungsvereinbarung KKH 2025-02,00_INBOX - Входящи - Eingang/Accounting_Organized/04_Health_Insurance
GAP-0386,TK,2025-03,ACCOUNTING_NOTIFICATION,No source row in current evidence package establishes this link.,accountant-to-Martin obligation notification,Brunettin Zahlung TK 2025-03,00_INBOX - Входящи - Eingang/Accounting_Organized/04_Health_Insurance
GAP-0387,TK,2025-03,PAYMENT_OR_NONPAYMENT,No source row in current evidence package establishes this link.,"bank payment, returned debit, or explicit outstanding balance",SEPA Lastschrift Ueberweisung TK 2025-03,00_INBOX - Входящи - Eingang/Accounting_Organized/04_Health_Insurance
GAP-0388,TK,2025-03,KRANKENKASSE_COMMUNICATION,No source row in current evidence package establishes this link.,communication with Krankenkasse/Einzugsstelle,email TK Ratenzahlung Mahnung 2025-03,00_INBOX - Входящи - Eingang/Accounting_Organized/04_Health_Insurance
GAP-0389,TK,2025-03,PAYMENT_PLAN_OR_STUNDUNG,No source row in current evidence package establishes this link.,request/response/payment plan if applicable,Ratenzahlung Stundung Zahlungsvereinbarung TK 2025-03,00_INBOX - Входящи - Eingang/Accounting_Organized/04_Health_Insurance
GAP-0390,Techniker Krankenkasse,2024-09,PAYMENT_OR_NONPAYMENT,No source row in current evidence package establishes this link.,"bank payment, returned debit, or explicit outstanding balance",SEPA Lastschrift Ueberweisung Techniker Krankenkasse 2024-09,00_INBOX - Входящи - Eingang/Accounting_Organized/04_Health_Insurance
GAP-0391,Techniker Krankenkasse,2024-09,PAYMENT_PLAN_OR_STUNDUNG,No source row in current evidence package establishes this link.,request/response/payment plan if applicable,Ratenzahlung Stundung Zahlungsvereinbarung Techniker Krankenkasse 2024-09,00_INBOX - Входящи - Eingang/Accounting_Organized/04_Health_Insurance
GAP-0392,Techniker Krankenkasse,2024-10,PAYMENT_OR_NONPAYMENT,No source row in current evidence package establishes this link.,"bank payment, returned debit, or explicit outstanding balance",SEPA Lastschrift Ueberweisung Techniker Krankenkasse 2024-10,00_INBOX - Входящи - Eingang/Accounting_Organized/04_Health_Insurance
GAP-0393,Techniker Krankenkasse,2024-10,KRANKENKASSE_COMMUNICATION,No source row in current evidence package establishes this link.,communication with Krankenkasse/Einzugsstelle,email Techniker Krankenkasse Ratenzahlung Mahnung 2024-10,00_INBOX - Входящи - Eingang/Accounting_Organized/04_Health_Insurance
GAP-0394,Techniker Krankenkasse,2024-10,PAYMENT_PLAN_OR_STUNDUNG,No source row in current evidence package establishes this link.,request/response/payment plan if applicable,Ratenzahlung Stundung Zahlungsvereinbarung Techniker Krankenkasse 2024-10,00_INBOX - Входящи - Eingang/Accounting_Organized/04_Health_Insurance
GAP-0395,Techniker Krankenkasse,2024-11,PAYMENT_OR_NONPAYMENT,No source row in current evidence package establishes this link.,"bank payment, returned debit, or explicit outstanding balance",SEPA Lastschrift Ueberweisung Techniker Krankenkasse 2024-11,00_INBOX - Входящи - Eingang/Accounting_Organized/04_Health_Insurance
GAP-0396,Techniker Krankenkasse,2024-11,KRANKENKASSE_COMMUNICATION,No source row in current evidence package establishes this link.,communication with Krankenkasse/Einzugsstelle,email Techniker Krankenkasse Ratenzahlung Mahnung 2024-11,00_INBOX - Входящи - Eingang/Accounting_Organized/04_Health_Insurance
GAP-0397,Techniker Krankenkasse,2024-11,PAYMENT_PLAN_OR_STUNDUNG,No source row in current evidence package establishes this link.,request/response/payment plan if applicable,Ratenzahlung Stundung Zahlungsvereinbarung Techniker Krankenkasse 2024-11,00_INBOX - Входящи - Eingang/Accounting_Organized/04_Health_Insurance
GAP-0398,Techniker Krankenkasse,2025-01,CONTRIBUTION_DUE,No source row in current evidence package establishes this link.,contribution notice or contribution list,Beitragsnachweis Techniker Krankenkasse 2025-01,00_INBOX - Входящи - Eingang/Accounting_Organized/04_Health_Insurance
GAP-0399,Techniker Krankenkasse,2025-01,ACCOUNTING_NOTIFICATION,No source row in current evidence package establishes this link.,accountant-to-Martin obligation notification,Brunettin Zahlung Techniker Krankenkasse 2025-01,00_INBOX - Входящи - Eingang/Accounting_Organized/04_Health_Insurance
GAP-0400,Techniker Krankenkasse,2025-01,PAYMENT_OR_NONPAYMENT,No source row in current evidence package establishes this link.,"bank payment, returned debit, or explicit outstanding balance",SEPA Lastschrift Ueberweisung Techniker Krankenkasse 2025-01,00_INBOX - Входящи - Eingang/Accounting_Organized/04_Health_Insurance
GAP-0401,Techniker Krankenkasse,2025-01,PAYMENT_PLAN_OR_STUNDUNG,No source row in current evidence package establishes this link.,request/response/payment plan if applicable,Ratenzahlung Stundung Zahlungsvereinbarung Techniker Krankenkasse 2025-01,00_INBOX - Входящи - Eingang/Accounting_Organized/04_Health_Insurance
GAP-0402,Techniker Krankenkasse,2025-02,CONTRIBUTION_DUE,No source row in current evidence package establishes this link.,contribution notice or contribution list,Beitragsnachweis Techniker Krankenkasse 2025-02,00_INBOX - Входящи - Eingang/Accounting_Organized/04_Health_Insurance
GAP-0403,Techniker Krankenkasse,2025-02,ACCOUNTING_NOTIFICATION,No source row in current evidence package establishes this link.,accountant-to-Martin obligation notification,Brunettin Zahlung Techniker Krankenkasse 2025-02,00_INBOX - Входящи - Eingang/Accounting_Organized/04_Health_Insurance
GAP-0404,Techniker Krankenkasse,2025-02,PAYMENT_OR_NONPAYMENT,No source row in current evidence package establishes this link.,"bank payment, returned debit, or explicit outstanding balance",SEPA Lastschrift Ueberweisung Techniker Krankenkasse 2025-02,00_INBOX - Входящи - Eingang/Accounting_Organized/04_Health_Insurance
GAP-0405,Techniker Krankenkasse,2025-02,KRANKENKASSE_COMMUNICATION,No source row in current evidence package establishes this link.,communication with Krankenkasse/Einzugsstelle,email Techniker Krankenkasse Ratenzahlung Mahnung 2025-02,00_INBOX - Входящи - Eingang/Accounting_Organized/04_Health_Insurance
GAP-0406,Techniker Krankenkasse,2025-02,PAYMENT_PLAN_OR_STUNDUNG,No source row in current evidence package establishes this link.,request/response/payment plan if applicable,Ratenzahlung Stundung Zahlungsvereinbarung Techniker Krankenkasse 2025-02,00_INBOX - Входящи - Eingang/Accounting_Organized/04_Health_Insurance
GAP-0407,Techniker Krankenkasse,2025-03,CONTRIBUTION_DUE,No source row in current evidence package establishes this link.,contribution notice or contribution list,Beitragsnachweis Techniker Krankenkasse 2025-03,00_INBOX - Входящи - Eingang/Accounting_Organized/04_Health_Insurance
GAP-0408,Techniker Krankenkasse,2025-03,ACCOUNTING_NOTIFICATION,No source row in current evidence package establishes this link.,accountant-to-Martin obligation notification,Brunettin Zahlung Techniker Krankenkasse 2025-03,00_INBOX - Входящи - Eingang/Accounting_Organized/04_Health_Insurance
GAP-0409,Techniker Krankenkasse,2025-03,PAYMENT_OR_NONPAYMENT,No source row in current evidence package establishes this link.,"bank payment, returned debit, or explicit outstanding balance",SEPA Lastschrift Ueberweisung Techniker Krankenkasse 2025-03,00_INBOX - Входящи - Eingang/Accounting_Organized/04_Health_Insurance
GAP-0410,Techniker Krankenkasse,2025-03,KRANKENKASSE_COMMUNICATION,No source row in current evidence package establishes this link.,communication with Krankenkasse/Einzugsstelle,email Techniker Krankenkasse Ratenzahlung Mahnung 2025-03,00_INBOX - Входящи - Eingang/Accounting_Organized/04_Health_Insurance
GAP-0411,Techniker Krankenkasse,2025-03,PAYMENT_PLAN_OR_STUNDUNG,No source row in current evidence package establishes this link.,request/response/payment plan if applicable,Ratenzahlung Stundung Zahlungsvereinbarung Techniker Krankenkasse 2025-03,00_INBOX - Входящи - Eingang/Accounting_Organized/04_Health_Insurance
GAP-0412,Techniker Krankenkasse,2025-04,PAYMENT_OR_NONPAYMENT,No source row in current evidence package establishes this link.,"bank payment, returned debit, or explicit outstanding balance",SEPA Lastschrift Ueberweisung Techniker Krankenkasse 2025-04,00_INBOX - Входящи - Eingang/Accounting_Organized/04_Health_Insurance
GAP-0413,Techniker Krankenkasse,2025-04,KRANKENKASSE_COMMUNICATION,No source row in current evidence package establishes this link.,communication with Krankenkasse/Einzugsstelle,email Techniker Krankenkasse Ratenzahlung Mahnung 2025-04,00_INBOX - Входящи - Eingang/Accounting_Organized/04_Health_Insurance
GAP-0414,Techniker Krankenkasse,2025-04,PAYMENT_PLAN_OR_STUNDUNG,No source row in current evidence package establishes this link.,request/response/payment plan if applicable,Ratenzahlung Stundung Zahlungsvereinbarung Techniker Krankenkasse 2025-04,00_INBOX - Входящи - Eingang/Accounting_Organized/04_Health_Insurance
GAP-0415,Techniker Krankenkasse,2025-05,PAYMENT_OR_NONPAYMENT,No source row in current evidence package establishes this link.,"bank payment, returned debit, or explicit outstanding balance",SEPA Lastschrift Ueberweisung Techniker Krankenkasse 2025-05,00_INBOX - Входящи - Eingang/Accounting_Organized/04_Health_Insurance
GAP-0416,Techniker Krankenkasse,2025-05,KRANKENKASSE_COMMUNICATION,No source row in current evidence package establishes this link.,communication with Krankenkasse/Einzugsstelle,email Techniker Krankenkasse Ratenzahlung Mahnung 2025-05,00_INBOX - Входящи - Eingang/Accounting_Organized/04_Health_Insurance
GAP-0417,Techniker Krankenkasse,2025-05,PAYMENT_PLAN_OR_STUNDUNG,No source row in current evidence package establishes this link.,request/response/payment plan if applicable,Ratenzahlung Stundung Zahlungsvereinbarung Techniker Krankenkasse 2025-05,00_INBOX - Входящи - Eingang/Accounting_Organized/04_Health_Insurance
GAP-0418,Techniker Krankenkasse,2025-06,PAYMENT_OR_NONPAYMENT,No source row in current evidence package establishes this link.,"bank payment, returned debit, or explicit outstanding balance",SEPA Lastschrift Ueberweisung Techniker Krankenkasse 2025-06,00_INBOX - Входящи - Eingang/Accounting_Organized/04_Health_Insurance
GAP-0419,Techniker Krankenkasse,2025-06,KRANKENKASSE_COMMUNICATION,No source row in current evidence package establishes this link.,communication with Krankenkasse/Einzugsstelle,email Techniker Krankenkasse Ratenzahlung Mahnung 2025-06,00_INBOX - Входящи - Eingang/Accounting_Organized/04_Health_Insurance
GAP-0420,Techniker Krankenkasse,2025-06,PAYMENT_PLAN_OR_STUNDUNG,No source row in current evidence package establishes this link.,request/response/payment plan if applicable,Ratenzahlung Stundung Zahlungsvereinbarung Techniker Krankenkasse 2025-06,00_INBOX - Входящи - Eingang/Accounting_Organized/04_Health_Insurance
GAP-0421,VIACTIV,2024-10,CONTRIBUTION_DUE,No source row in current evidence package establishes this link.,contribution notice or contribution list,Beitragsnachweis VIACTIV 2024-10,00_INBOX - Входящи - Eingang/Accounting_Organized/04_Health_Insurance
GAP-0422,VIACTIV,2024-10,ACCOUNTING_NOTIFICATION,No source row in current evidence package establishes this link.,accountant-to-Martin obligation notification,Brunettin Zahlung VIACTIV 2024-10,00_INBOX - Входящи - Eingang/Accounting_Organized/04_Health_Insurance
GAP-0423,VIACTIV,2024-10,PAYMENT_OR_NONPAYMENT,No source row in current evidence package establishes this link.,"bank payment, returned debit, or explicit outstanding balance",SEPA Lastschrift Ueberweisung VIACTIV 2024-10,00_INBOX - Входящи - Eingang/Accounting_Organized/04_Health_Insurance
GAP-0424,VIACTIV,2024-10,KRANKENKASSE_COMMUNICATION,No source row in current evidence package establishes this link.,communication with Krankenkasse/Einzugsstelle,email VIACTIV Ratenzahlung Mahnung 2024-10,00_INBOX - Входящи - Eingang/Accounting_Organized/04_Health_Insurance
GAP-0425,VIACTIV,2024-10,PAYMENT_PLAN_OR_STUNDUNG,No source row in current evidence package establishes this link.,request/response/payment plan if applicable,Ratenzahlung Stundung Zahlungsvereinbarung VIACTIV 2024-10,00_INBOX - Входящи - Eingang/Accounting_Organized/04_Health_Insurance
