evidence_id,classification,reason,event_date,contribution_period,Krankenkasse,amount_paid,amount_outstanding,source_file,source_snippet,confidence
SI-390JS-5935-26-00439,ROUTINE_ACCOUNTING,Generic accounting/fee context without resolution wording.,2023-10-30,2023-09,AOK,,19.00,00_INBOX - Входящи - Eingang/Accounting/accountings112023/90f3df27-1ca1-4b3a-9f1b-e33ffd37f10a.pdf,"42303 Rechnungsnummer: 230946 Rechnungsjahr: 2023 Übertrag 1.318,60 EUR Bezeichnung §, Abs., Nr. Zeitraum Gegenstandswert Satz Betrag Tab. § 16 StBVV 4 15,00 EUR Pfändungen Garnishment 60,00 EUR AN September/2023 Marco Brunettin 1.398,60 EUR 1.664,33 EUR 265,73 EUR Summe Nettobeträge Umsatzsteuerbetrag 19,00 % gemäß § 15 StBVV Rechnungsbetrag Bitte überweisen Sie den offenen Rechnungsbetrag unter Angabe der Rechnungs",HIGH
SI-390JS-5935-26-00440,DUPLICATE,Same date/period/Krankenkasse/event/source already audited.,2023-10-30,2023-09,AOK,,19.00,00_INBOX - Входящи - Eingang/Accounting_Organized/01_Accountant_Emails/90f3df27-1ca1-4b3a-9f1b-e33ffd37f10a.pdf,"42303 Rechnungsnummer: 230946 Rechnungsjahr: 2023 Übertrag 1.318,60 EUR Bezeichnung §, Abs., Nr. Zeitraum Gegenstandswert Satz Betrag Tab. § 16 StBVV 4 15,00 EUR Pfändungen Garnishment 60,00 EUR AN September/2023 Marco Brunettin 1.398,60 EUR 1.664,33 EUR 265,73 EUR Summe Nettobeträge Umsatzsteuerbetrag 19,00 % gemäß § 15 StBVV Rechnungsbetrag Bitte überweisen Sie den offenen Rechnungsbetrag unter Angabe der Rechnungs",HIGH
SI-390JS-5935-26-00441,DUPLICATE,Same date/period/Krankenkasse/event/source already audited.,2023-10-30,2023-09,AOK,,19.00,00_INBOX - Входящи - Eingang/Accounting_Organized/05_Taxes/90f3df27-1ca1-4b3a-9f1b-e33ffd37f10a.pdf,"42303 Rechnungsnummer: 230946 Rechnungsjahr: 2023 Übertrag 1.318,60 EUR Bezeichnung §, Abs., Nr. Zeitraum Gegenstandswert Satz Betrag Tab. § 16 StBVV 4 15,00 EUR Pfändungen Garnishment 60,00 EUR AN September/2023 Marco Brunettin 1.398,60 EUR 1.664,33 EUR 265,73 EUR Summe Nettobeträge Umsatzsteuerbetrag 19,00 % gemäß § 15 StBVV Rechnungsbetrag Bitte überweisen Sie den offenen Rechnungsbetrag unter Angabe der Rechnungs",HIGH
SI-390JS-5935-26-00442,ROUTINE_ACCOUNTING,Generic accounting/fee context without resolution wording.,2023-10-30,2023-09,AOK,,19.00,00_INBOX - Входящи - Eingang/Accounting_Organized/05_Taxes/90f3df27-1ca1-4b3a-9f1b-e33ffd37f10a__copy2.pdf,"42303 Rechnungsnummer: 230946 Rechnungsjahr: 2023 Übertrag 1.318,60 EUR Bezeichnung §, Abs., Nr. Zeitraum Gegenstandswert Satz Betrag Tab. § 16 StBVV 4 15,00 EUR Pfändungen Garnishment 60,00 EUR AN September/2023 Marco Brunettin 1.398,60 EUR 1.664,33 EUR 265,73 EUR Summe Nettobeträge Umsatzsteuerbetrag 19,00 % gemäß § 15 StBVV Rechnungsbetrag Bitte überweisen Sie den offenen Rechnungsbetrag unter Angabe der Rechnungs",HIGH
SI-390JS-5935-26-00448,UNCLEAR,Source row has insufficient semantic evidence for a resolution-action classification.,2023-12-28,2023-12,AOK,,,"00_INBOX - Входящи - Eingang/Accounting/accountings112023/39739 - Rechnung 231128_2023 vom 28.12.2023, Aufträge 31_23, 32_23, 33_23, 34_23, 50_23, 98_23, Mandant 42303.pdf","g von Lohnkonten und Aufnahme der Stammdaten 25,00 EUR AN November/2023 2 15,00 EUR Abmeldung eines Arbeitnehmers nach § 25 DEÜV 30,00 EUR AN November/2023 1 15,00 EUR Pfändungen Garnishment 15,00 EUR AN November/2023 1 15,00 EUR Bescheinigung für die Familienkasse Certificate for the family fund 15,00 EUR AN November/2023 Seite 1 Übertrag 1.298,60 EUR [[page 2]] Mandantennummer: 42303 Rechnungsnummer: 231128 Rechnun",MEDIUM
SI-390JS-5935-26-00449,DUPLICATE,Same date/period/Krankenkasse/event/source already audited.,2023-12-28,2023-12,AOK,,,"00_INBOX - Входящи - Eingang/Accounting_Organized/01_Accountant_Emails/39739 - Rechnung 231128_2023 vom 28.12.2023, Aufträge 31_23, 32_23, 33_23, 34_23, 50_23, 98_23, Mandant 42303.pdf","g von Lohnkonten und Aufnahme der Stammdaten 25,00 EUR AN November/2023 2 15,00 EUR Abmeldung eines Arbeitnehmers nach § 25 DEÜV 30,00 EUR AN November/2023 1 15,00 EUR Pfändungen Garnishment 15,00 EUR AN November/2023 1 15,00 EUR Bescheinigung für die Familienkasse Certificate for the family fund 15,00 EUR AN November/2023 Seite 1 Übertrag 1.298,60 EUR [[page 2]] Mandantennummer: 42303 Rechnungsnummer: 231128 Rechnun",MEDIUM
SI-390JS-5935-26-00450,DUPLICATE,Same date/period/Krankenkasse/event/source already audited.,2023-12-28,2023-12,AOK,,,"00_INBOX - Входящи - Eingang/Accounting_Organized/08_Operating_Costs/39739 - Rechnung 231128_2023 vom 28.12.2023, Aufträge 31_23, 32_23, 33_23, 34_23, 50_23, 98_23, Mandant 42303.pdf","g von Lohnkonten und Aufnahme der Stammdaten 25,00 EUR AN November/2023 2 15,00 EUR Abmeldung eines Arbeitnehmers nach § 25 DEÜV 30,00 EUR AN November/2023 1 15,00 EUR Pfändungen Garnishment 15,00 EUR AN November/2023 1 15,00 EUR Bescheinigung für die Familienkasse Certificate for the family fund 15,00 EUR AN November/2023 Seite 1 Übertrag 1.298,60 EUR [[page 2]] Mandantennummer: 42303 Rechnungsnummer: 231128 Rechnun",MEDIUM
SI-390JS-5935-26-00451,UNCLEAR,Source row has insufficient semantic evidence for a resolution-action classification.,2023-12-28,2023-12,AOK,,,"00_INBOX - Входящи - Eingang/Accounting_Organized/08_Operating_Costs/39739 - Rechnung 231128_2023 vom 28.12.2023, Aufträge 31_23, 32_23, 33_23, 34_23, 50_23, 98_23, Mandant 42303__copy2.pdf","g von Lohnkonten und Aufnahme der Stammdaten 25,00 EUR AN November/2023 2 15,00 EUR Abmeldung eines Arbeitnehmers nach § 25 DEÜV 30,00 EUR AN November/2023 1 15,00 EUR Pfändungen Garnishment 15,00 EUR AN November/2023 1 15,00 EUR Bescheinigung für die Familienkasse Certificate for the family fund 15,00 EUR AN November/2023 Seite 1 Übertrag 1.298,60 EUR [[page 2]] Mandantennummer: 42303 Rechnungsnummer: 231128 Rechnun",MEDIUM
SI-390JS-5935-26-00456,UNCLEAR,Source row has insufficient semantic evidence for a resolution-action classification.,2024-01-11,,AOK Hessen,,,00_INBOX - Входящи - Eingang/Accounting/10001_12-2023_DivAuswertungen_DivMitarbeiter_ZZ1.pdf,eise zur Abrechnung Brutto-Bezüge Betrag Lohnart Bezeichnung Einheit Menge Faktor3 Prozentsatz St SV GB 4 4 5 Gesamt-Brutto Steuerrechtliche Abzüge Netto-Verdienst Betrag Auszahlungsbetrag SV-rechtliche Abzüge Steuer/Sozialversicherung Netto-Bezüge/Netto-Abzüge St Steuer-Brutto Lohnsteuer Kirchensteuer Solidaritätszuschlag St4 SV4 KV-Brutto RV-Brutto AV-Brutto PV-Brutto KV-Beitrag RV-Beitrag AV-Beitrag PV-Beitrag6 SV,MEDIUM
SI-390JS-5935-26-00457,DUPLICATE,Same date/period/Krankenkasse/event/source already audited.,2024-01-11,,AOK Hessen,,,00_INBOX - Входящи - Eingang/Accounting_Organized/02_Payroll/10001_12-2023_DivAuswertungen_DivMitarbeiter_ZZ1.pdf,eise zur Abrechnung Brutto-Bezüge Betrag Lohnart Bezeichnung Einheit Menge Faktor3 Prozentsatz St SV GB 4 4 5 Gesamt-Brutto Steuerrechtliche Abzüge Netto-Verdienst Betrag Auszahlungsbetrag SV-rechtliche Abzüge Steuer/Sozialversicherung Netto-Bezüge/Netto-Abzüge St Steuer-Brutto Lohnsteuer Kirchensteuer Solidaritätszuschlag St4 SV4 KV-Brutto RV-Brutto AV-Brutto PV-Brutto KV-Beitrag RV-Beitrag AV-Beitrag PV-Beitrag6 SV,MEDIUM
SI-390JS-5935-26-00458,UNCLEAR,Source row has insufficient semantic evidence for a resolution-action classification.,2024-01-11,,AOK Hessen,,,00_INBOX - Входящи - Eingang/Accounting_Organized/02_Payroll/10001_12-2023_DivAuswertungen_DivMitarbeiter_ZZ1__copy2.pdf,eise zur Abrechnung Brutto-Bezüge Betrag Lohnart Bezeichnung Einheit Menge Faktor3 Prozentsatz St SV GB 4 4 5 Gesamt-Brutto Steuerrechtliche Abzüge Netto-Verdienst Betrag Auszahlungsbetrag SV-rechtliche Abzüge Steuer/Sozialversicherung Netto-Bezüge/Netto-Abzüge St Steuer-Brutto Lohnsteuer Kirchensteuer Solidaritätszuschlag St4 SV4 KV-Brutto RV-Brutto AV-Brutto PV-Brutto KV-Beitrag RV-Beitrag AV-Beitrag PV-Beitrag6 SV,MEDIUM
SI-390JS-5935-26-00459,DUPLICATE,Same date/period/Krankenkasse/event/source already audited.,2024-01-11,,AOK Hessen,,,00_INBOX - Входящи - Eingang/Accounting_Organized/13_Unknown_To_Review/10001_12-2023_DivAuswertungen_DivMitarbeiter_ZZ1.pdf,eise zur Abrechnung Brutto-Bezüge Betrag Lohnart Bezeichnung Einheit Menge Faktor3 Prozentsatz St SV GB 4 4 5 Gesamt-Brutto Steuerrechtliche Abzüge Netto-Verdienst Betrag Auszahlungsbetrag SV-rechtliche Abzüge Steuer/Sozialversicherung Netto-Bezüge/Netto-Abzüge St Steuer-Brutto Lohnsteuer Kirchensteuer Solidaritätszuschlag St4 SV4 KV-Brutto RV-Brutto AV-Brutto PV-Brutto KV-Beitrag RV-Beitrag AV-Beitrag PV-Beitrag6 SV,MEDIUM
SI-390JS-5935-26-00460,UNCLEAR,Source row has insufficient semantic evidence for a resolution-action classification.,2024-01-11,,AOK Nordost,,,00_INBOX - Входящи - Eingang/Accounting/10001_12-2023_DivAuswertungen_DivMitarbeiter_ZZ1.pdf,eise zur Abrechnung Brutto-Bezüge Betrag Lohnart Bezeichnung Einheit Menge Faktor3 Prozentsatz St SV GB 4 4 5 Gesamt-Brutto Steuerrechtliche Abzüge Netto-Verdienst Betrag Auszahlungsbetrag SV-rechtliche Abzüge Steuer/Sozialversicherung Netto-Bezüge/Netto-Abzüge St Steuer-Brutto Lohnsteuer Kirchensteuer Solidaritätszuschlag St4 SV4 KV-Brutto RV-Brutto AV-Brutto PV-Brutto KV-Beitrag RV-Beitrag AV-Beitrag PV-Beitrag6 SV,MEDIUM
SI-390JS-5935-26-00461,DUPLICATE,Same date/period/Krankenkasse/event/source already audited.,2024-01-11,,AOK Nordost,,,00_INBOX - Входящи - Eingang/Accounting_Organized/02_Payroll/10001_12-2023_DivAuswertungen_DivMitarbeiter_ZZ1.pdf,eise zur Abrechnung Brutto-Bezüge Betrag Lohnart Bezeichnung Einheit Menge Faktor3 Prozentsatz St SV GB 4 4 5 Gesamt-Brutto Steuerrechtliche Abzüge Netto-Verdienst Betrag Auszahlungsbetrag SV-rechtliche Abzüge Steuer/Sozialversicherung Netto-Bezüge/Netto-Abzüge St Steuer-Brutto Lohnsteuer Kirchensteuer Solidaritätszuschlag St4 SV4 KV-Brutto RV-Brutto AV-Brutto PV-Brutto KV-Beitrag RV-Beitrag AV-Beitrag PV-Beitrag6 SV,MEDIUM
SI-390JS-5935-26-00462,UNCLEAR,Source row has insufficient semantic evidence for a resolution-action classification.,2024-01-11,,AOK Nordost,,,00_INBOX - Входящи - Eingang/Accounting_Organized/02_Payroll/10001_12-2023_DivAuswertungen_DivMitarbeiter_ZZ1__copy2.pdf,eise zur Abrechnung Brutto-Bezüge Betrag Lohnart Bezeichnung Einheit Menge Faktor3 Prozentsatz St SV GB 4 4 5 Gesamt-Brutto Steuerrechtliche Abzüge Netto-Verdienst Betrag Auszahlungsbetrag SV-rechtliche Abzüge Steuer/Sozialversicherung Netto-Bezüge/Netto-Abzüge St Steuer-Brutto Lohnsteuer Kirchensteuer Solidaritätszuschlag St4 SV4 KV-Brutto RV-Brutto AV-Brutto PV-Brutto KV-Beitrag RV-Beitrag AV-Beitrag PV-Beitrag6 SV,MEDIUM
SI-390JS-5935-26-00463,DUPLICATE,Same date/period/Krankenkasse/event/source already audited.,2024-01-11,,AOK Nordost,,,00_INBOX - Входящи - Eingang/Accounting_Organized/13_Unknown_To_Review/10001_12-2023_DivAuswertungen_DivMitarbeiter_ZZ1.pdf,eise zur Abrechnung Brutto-Bezüge Betrag Lohnart Bezeichnung Einheit Menge Faktor3 Prozentsatz St SV GB 4 4 5 Gesamt-Brutto Steuerrechtliche Abzüge Netto-Verdienst Betrag Auszahlungsbetrag SV-rechtliche Abzüge Steuer/Sozialversicherung Netto-Bezüge/Netto-Abzüge St Steuer-Brutto Lohnsteuer Kirchensteuer Solidaritätszuschlag St4 SV4 KV-Brutto RV-Brutto AV-Brutto PV-Brutto KV-Beitrag RV-Beitrag AV-Beitrag PV-Beitrag6 SV,MEDIUM
SI-390JS-5935-26-00464,UNCLEAR,Source row has insufficient semantic evidence for a resolution-action classification.,2024-01-11,,KKH,,,00_INBOX - Входящи - Eingang/Accounting/10001_12-2023_DivAuswertungen_DivMitarbeiter_ZZ1.pdf,eise zur Abrechnung Brutto-Bezüge Betrag Lohnart Bezeichnung Einheit Menge Faktor3 Prozentsatz St SV GB 4 4 5 Gesamt-Brutto Steuerrechtliche Abzüge Netto-Verdienst Betrag Auszahlungsbetrag SV-rechtliche Abzüge Steuer/Sozialversicherung Netto-Bezüge/Netto-Abzüge St Steuer-Brutto Lohnsteuer Kirchensteuer Solidaritätszuschlag St4 SV4 KV-Brutto RV-Brutto AV-Brutto PV-Brutto KV-Beitrag RV-Beitrag AV-Beitrag PV-Beitrag6 SV,MEDIUM
SI-390JS-5935-26-00465,DUPLICATE,Same date/period/Krankenkasse/event/source already audited.,2024-01-11,,KKH,,,00_INBOX - Входящи - Eingang/Accounting_Organized/02_Payroll/10001_12-2023_DivAuswertungen_DivMitarbeiter_ZZ1.pdf,eise zur Abrechnung Brutto-Bezüge Betrag Lohnart Bezeichnung Einheit Menge Faktor3 Prozentsatz St SV GB 4 4 5 Gesamt-Brutto Steuerrechtliche Abzüge Netto-Verdienst Betrag Auszahlungsbetrag SV-rechtliche Abzüge Steuer/Sozialversicherung Netto-Bezüge/Netto-Abzüge St Steuer-Brutto Lohnsteuer Kirchensteuer Solidaritätszuschlag St4 SV4 KV-Brutto RV-Brutto AV-Brutto PV-Brutto KV-Beitrag RV-Beitrag AV-Beitrag PV-Beitrag6 SV,MEDIUM
SI-390JS-5935-26-00466,UNCLEAR,Source row has insufficient semantic evidence for a resolution-action classification.,2024-01-11,,KKH,,,00_INBOX - Входящи - Eingang/Accounting_Organized/02_Payroll/10001_12-2023_DivAuswertungen_DivMitarbeiter_ZZ1__copy2.pdf,eise zur Abrechnung Brutto-Bezüge Betrag Lohnart Bezeichnung Einheit Menge Faktor3 Prozentsatz St SV GB 4 4 5 Gesamt-Brutto Steuerrechtliche Abzüge Netto-Verdienst Betrag Auszahlungsbetrag SV-rechtliche Abzüge Steuer/Sozialversicherung Netto-Bezüge/Netto-Abzüge St Steuer-Brutto Lohnsteuer Kirchensteuer Solidaritätszuschlag St4 SV4 KV-Brutto RV-Brutto AV-Brutto PV-Brutto KV-Beitrag RV-Beitrag AV-Beitrag PV-Beitrag6 SV,MEDIUM
SI-390JS-5935-26-00467,DUPLICATE,Same date/period/Krankenkasse/event/source already audited.,2024-01-11,,KKH,,,00_INBOX - Входящи - Eingang/Accounting_Organized/13_Unknown_To_Review/10001_12-2023_DivAuswertungen_DivMitarbeiter_ZZ1.pdf,eise zur Abrechnung Brutto-Bezüge Betrag Lohnart Bezeichnung Einheit Menge Faktor3 Prozentsatz St SV GB 4 4 5 Gesamt-Brutto Steuerrechtliche Abzüge Netto-Verdienst Betrag Auszahlungsbetrag SV-rechtliche Abzüge Steuer/Sozialversicherung Netto-Bezüge/Netto-Abzüge St Steuer-Brutto Lohnsteuer Kirchensteuer Solidaritätszuschlag St4 SV4 KV-Brutto RV-Brutto AV-Brutto PV-Brutto KV-Beitrag RV-Beitrag AV-Beitrag PV-Beitrag6 SV,MEDIUM
SI-390JS-5935-26-00468,UNCLEAR,Source row has insufficient semantic evidence for a resolution-action classification.,2024-01-12,,AOK,,,00_INBOX - Входящи - Eingang/Accounting/10001_12-2023_Brutto_NettoProbe_00025_ZZ1.pdf,eise zur Abrechnung Brutto-Bezüge Betrag Lohnart Bezeichnung Einheit Menge Faktor3 Prozentsatz St SV GB 4 4 5 Gesamt-Brutto Steuerrechtliche Abzüge Netto-Verdienst Betrag Auszahlungsbetrag SV-rechtliche Abzüge Steuer/Sozialversicherung Netto-Bezüge/Netto-Abzüge St Steuer-Brutto Lohnsteuer Kirchensteuer Solidaritätszuschlag St4 SV4 KV-Brutto RV-Brutto AV-Brutto PV-Brutto KV-Beitrag RV-Beitrag AV-Beitrag PV-Beitrag6 SV,MEDIUM
SI-390JS-5935-26-00469,UNCLEAR,Source row has insufficient semantic evidence for a resolution-action classification.,2024-01-12,2023-12,AOK,,,00_INBOX - Входящи - Eingang/Accounting/payroll12_2023/Pay Roll 12.2023.pdf,"Usti Nad Labem 27 1 09119 Chemnitz Übersicht Zahlungen im Dezember 2023 Empfänger PLZ Ort Zahlart Verwendungszweck Betrag AOK Baden-Württemberg 70025 Stuttgart Überweisung 89878877 2.253,54 AOK Bayern Die Gesundheitsk 81739 München Überweisung 89878877 6.670,50 AOK Hessen 61281 Bad Homburg Überweisung 89878877",MEDIUM
SI-390JS-5935-26-00470,DUPLICATE,Same date/period/Krankenkasse/event/source already audited.,2024-01-12,,AOK,,,00_INBOX - Входящи - Eingang/Accounting_Organized/02_Payroll/10001_12-2023_Brutto_NettoProbe_00025_ZZ1.pdf,eise zur Abrechnung Brutto-Bezüge Betrag Lohnart Bezeichnung Einheit Menge Faktor3 Prozentsatz St SV GB 4 4 5 Gesamt-Brutto Steuerrechtliche Abzüge Netto-Verdienst Betrag Auszahlungsbetrag SV-rechtliche Abzüge Steuer/Sozialversicherung Netto-Bezüge/Netto-Abzüge St Steuer-Brutto Lohnsteuer Kirchensteuer Solidaritätszuschlag St4 SV4 KV-Brutto RV-Brutto AV-Brutto PV-Brutto KV-Beitrag RV-Beitrag AV-Beitrag PV-Beitrag6 SV,MEDIUM
SI-390JS-5935-26-00471,UNCLEAR,Source row has insufficient semantic evidence for a resolution-action classification.,2024-01-12,,AOK,,,00_INBOX - Входящи - Eingang/Accounting_Organized/02_Payroll/10001_12-2023_Brutto_NettoProbe_00025_ZZ1__copy2.pdf,eise zur Abrechnung Brutto-Bezüge Betrag Lohnart Bezeichnung Einheit Menge Faktor3 Prozentsatz St SV GB 4 4 5 Gesamt-Brutto Steuerrechtliche Abzüge Netto-Verdienst Betrag Auszahlungsbetrag SV-rechtliche Abzüge Steuer/Sozialversicherung Netto-Bezüge/Netto-Abzüge St Steuer-Brutto Lohnsteuer Kirchensteuer Solidaritätszuschlag St4 SV4 KV-Brutto RV-Brutto AV-Brutto PV-Brutto KV-Beitrag RV-Beitrag AV-Beitrag PV-Beitrag6 SV,MEDIUM
SI-390JS-5935-26-00472,DUPLICATE,Same date/period/Krankenkasse/event/source already audited.,2024-01-12,2023-12,AOK,,,00_INBOX - Входящи - Eingang/Accounting_Organized/02_Payroll/Pay Roll 12.2023.pdf,"Usti Nad Labem 27 1 09119 Chemnitz Übersicht Zahlungen im Dezember 2023 Empfänger PLZ Ort Zahlart Verwendungszweck Betrag AOK Baden-Württemberg 70025 Stuttgart Überweisung 89878877 2.253,54 AOK Bayern Die Gesundheitsk 81739 München Überweisung 89878877 6.670,50 AOK Hessen 61281 Bad Homburg Überweisung 89878877",MEDIUM
SI-390JS-5935-26-00473,UNCLEAR,Source row has insufficient semantic evidence for a resolution-action classification.,2024-01-12,2023-12,AOK,,,00_INBOX - Входящи - Eingang/Accounting_Organized/02_Payroll/Pay Roll 12.2023__copy2.pdf,"Usti Nad Labem 27 1 09119 Chemnitz Übersicht Zahlungen im Dezember 2023 Empfänger PLZ Ort Zahlart Verwendungszweck Betrag AOK Baden-Württemberg 70025 Stuttgart Überweisung 89878877 2.253,54 AOK Bayern Die Gesundheitsk 81739 München Überweisung 89878877 6.670,50 AOK Hessen 61281 Bad Homburg Überweisung 89878877",MEDIUM
SI-390JS-5935-26-00474,DUPLICATE,Same date/period/Krankenkasse/event/source already audited.,2024-01-12,,AOK,,,00_INBOX - Входящи - Eingang/Accounting_Organized/13_Unknown_To_Review/10001_12-2023_Brutto_NettoProbe_00025_ZZ1.pdf,eise zur Abrechnung Brutto-Bezüge Betrag Lohnart Bezeichnung Einheit Menge Faktor3 Prozentsatz St SV GB 4 4 5 Gesamt-Brutto Steuerrechtliche Abzüge Netto-Verdienst Betrag Auszahlungsbetrag SV-rechtliche Abzüge Steuer/Sozialversicherung Netto-Bezüge/Netto-Abzüge St Steuer-Brutto Lohnsteuer Kirchensteuer Solidaritätszuschlag St4 SV4 KV-Brutto RV-Brutto AV-Brutto PV-Brutto KV-Beitrag RV-Beitrag AV-Beitrag PV-Beitrag6 SV,MEDIUM
SI-390JS-5935-26-00475,DUPLICATE,Same date/period/Krankenkasse/event/source already audited.,2024-01-12,2023-12,AOK,,,00_INBOX - Входящи - Eingang/Accounting_Organized/13_Unknown_To_Review/Pay Roll 12.2023.pdf,"Usti Nad Labem 27 1 09119 Chemnitz Übersicht Zahlungen im Dezember 2023 Empfänger PLZ Ort Zahlart Verwendungszweck Betrag AOK Baden-Württemberg 70025 Stuttgart Überweisung 89878877 2.253,54 AOK Bayern Die Gesundheitsk 81739 München Überweisung 89878877 6.670,50 AOK Hessen 61281 Bad Homburg Überweisung 89878877",MEDIUM
SI-390JS-5935-26-00484,UNCLEAR,Source row has insufficient semantic evidence for a resolution-action classification.,2024-01-12,,KKH,,,00_INBOX - Входящи - Eingang/Accounting/10001_12-2023_Brutto_NettoProbe_00025_ZZ1.pdf,eise zur Abrechnung Brutto-Bezüge Betrag Lohnart Bezeichnung Einheit Menge Faktor3 Prozentsatz St SV GB 4 4 5 Gesamt-Brutto Steuerrechtliche Abzüge Netto-Verdienst Betrag Auszahlungsbetrag SV-rechtliche Abzüge Steuer/Sozialversicherung Netto-Bezüge/Netto-Abzüge St Steuer-Brutto Lohnsteuer Kirchensteuer Solidaritätszuschlag St4 SV4 KV-Brutto RV-Brutto AV-Brutto PV-Brutto KV-Beitrag RV-Beitrag AV-Beitrag PV-Beitrag6 SV,MEDIUM
SI-390JS-5935-26-00485,DUPLICATE,Same date/period/Krankenkasse/event/source already audited.,2024-01-12,,KKH,,,00_INBOX - Входящи - Eingang/Accounting_Organized/02_Payroll/10001_12-2023_Brutto_NettoProbe_00025_ZZ1.pdf,eise zur Abrechnung Brutto-Bezüge Betrag Lohnart Bezeichnung Einheit Menge Faktor3 Prozentsatz St SV GB 4 4 5 Gesamt-Brutto Steuerrechtliche Abzüge Netto-Verdienst Betrag Auszahlungsbetrag SV-rechtliche Abzüge Steuer/Sozialversicherung Netto-Bezüge/Netto-Abzüge St Steuer-Brutto Lohnsteuer Kirchensteuer Solidaritätszuschlag St4 SV4 KV-Brutto RV-Brutto AV-Brutto PV-Brutto KV-Beitrag RV-Beitrag AV-Beitrag PV-Beitrag6 SV,MEDIUM
SI-390JS-5935-26-00486,UNCLEAR,Source row has insufficient semantic evidence for a resolution-action classification.,2024-01-12,,KKH,,,00_INBOX - Входящи - Eingang/Accounting_Organized/02_Payroll/10001_12-2023_Brutto_NettoProbe_00025_ZZ1__copy2.pdf,eise zur Abrechnung Brutto-Bezüge Betrag Lohnart Bezeichnung Einheit Menge Faktor3 Prozentsatz St SV GB 4 4 5 Gesamt-Brutto Steuerrechtliche Abzüge Netto-Verdienst Betrag Auszahlungsbetrag SV-rechtliche Abzüge Steuer/Sozialversicherung Netto-Bezüge/Netto-Abzüge St Steuer-Brutto Lohnsteuer Kirchensteuer Solidaritätszuschlag St4 SV4 KV-Brutto RV-Brutto AV-Brutto PV-Brutto KV-Beitrag RV-Beitrag AV-Beitrag PV-Beitrag6 SV,MEDIUM
SI-390JS-5935-26-00487,DUPLICATE,Same date/period/Krankenkasse/event/source already audited.,2024-01-12,,KKH,,,00_INBOX - Входящи - Eingang/Accounting_Organized/13_Unknown_To_Review/10001_12-2023_Brutto_NettoProbe_00025_ZZ1.pdf,eise zur Abrechnung Brutto-Bezüge Betrag Lohnart Bezeichnung Einheit Menge Faktor3 Prozentsatz St SV GB 4 4 5 Gesamt-Brutto Steuerrechtliche Abzüge Netto-Verdienst Betrag Auszahlungsbetrag SV-rechtliche Abzüge Steuer/Sozialversicherung Netto-Bezüge/Netto-Abzüge St Steuer-Brutto Lohnsteuer Kirchensteuer Solidaritätszuschlag St4 SV4 KV-Brutto RV-Brutto AV-Brutto PV-Brutto KV-Beitrag RV-Beitrag AV-Beitrag PV-Beitrag6 SV,MEDIUM
SI-390JS-5935-26-00496,UNCLEAR,Source row has insufficient semantic evidence for a resolution-action classification.,2024-01-29,2024-01,AOK,,,"00_INBOX - Входящи - Eingang/Accounting/accountings012024/40850 - Rechnung 240213_2024 vom 29.01.2024, Aufträge 31_24, 32_23, 33_23, 33_24, 34_24, 98_24, Mandant 42303.pdf","DEÜV 30,00 EUR AN Januar/2024 § 34 Abs. 1 StBVV 2022 3 25,00 EUR Erstmalige Einrichtung von Lohnkonten und Aufnahme der Stammdaten 75,00 EUR AN Januar/2024 2 15,00 EUR Pfändungen Garnishment 30,00 EUR AN Januar/2024 4 15,00 EUR Lohnbescheinigungen für die Arbeitnehmer (Certificate for the familiy fund/ housing benefit/parental leave) 60,00 EUR AN Januar/2024 Seite 1 Übertrag 1.559,20 EUR [[page 2]] Mandantennummer: 4",MEDIUM
SI-390JS-5935-26-00497,DUPLICATE,Same date/period/Krankenkasse/event/source already audited.,2024-01-29,2024-01,AOK,,,"00_INBOX - Входящи - Eingang/Accounting_Organized/01_Accountant_Emails/40850 - Rechnung 240213_2024 vom 29.01.2024, Aufträge 31_24, 32_23, 33_23, 33_24, 34_24, 98_24, Mandant 42303.pdf","DEÜV 30,00 EUR AN Januar/2024 § 34 Abs. 1 StBVV 2022 3 25,00 EUR Erstmalige Einrichtung von Lohnkonten und Aufnahme der Stammdaten 75,00 EUR AN Januar/2024 2 15,00 EUR Pfändungen Garnishment 30,00 EUR AN Januar/2024 4 15,00 EUR Lohnbescheinigungen für die Arbeitnehmer (Certificate for the familiy fund/ housing benefit/parental leave) 60,00 EUR AN Januar/2024 Seite 1 Übertrag 1.559,20 EUR [[page 2]] Mandantennummer: 4",MEDIUM
SI-390JS-5935-26-00498,DUPLICATE,Same date/period/Krankenkasse/event/source already audited.,2024-01-29,2024-01,AOK,,,"00_INBOX - Входящи - Eingang/Accounting_Organized/08_Operating_Costs/40850 - Rechnung 240213_2024 vom 29.01.2024, Aufträge 31_24, 32_23, 33_23, 33_24, 34_24, 98_24, Mandant 42303.pdf","DEÜV 30,00 EUR AN Januar/2024 § 34 Abs. 1 StBVV 2022 3 25,00 EUR Erstmalige Einrichtung von Lohnkonten und Aufnahme der Stammdaten 75,00 EUR AN Januar/2024 2 15,00 EUR Pfändungen Garnishment 30,00 EUR AN Januar/2024 4 15,00 EUR Lohnbescheinigungen für die Arbeitnehmer (Certificate for the familiy fund/ housing benefit/parental leave) 60,00 EUR AN Januar/2024 Seite 1 Übertrag 1.559,20 EUR [[page 2]] Mandantennummer: 4",MEDIUM
SI-390JS-5935-26-00499,UNCLEAR,Source row has insufficient semantic evidence for a resolution-action classification.,2024-01-29,2024-01,AOK,,,"00_INBOX - Входящи - Eingang/Accounting_Organized/08_Operating_Costs/40850 - Rechnung 240213_2024 vom 29.01.2024, Aufträge 31_24, 32_23, 33_23, 33_24, 34_24, 98_24, Mandant 42303__copy2.pdf","DEÜV 30,00 EUR AN Januar/2024 § 34 Abs. 1 StBVV 2022 3 25,00 EUR Erstmalige Einrichtung von Lohnkonten und Aufnahme der Stammdaten 75,00 EUR AN Januar/2024 2 15,00 EUR Pfändungen Garnishment 30,00 EUR AN Januar/2024 4 15,00 EUR Lohnbescheinigungen für die Arbeitnehmer (Certificate for the familiy fund/ housing benefit/parental leave) 60,00 EUR AN Januar/2024 Seite 1 Übertrag 1.559,20 EUR [[page 2]] Mandantennummer: 4",MEDIUM
SI-390JS-5935-26-00576,UNCLEAR,Source row has insufficient semantic evidence for a resolution-action classification.,2024-02-14,,AOK Hessen,,,00_INBOX - Входящи - Eingang/Accounting/10001_01-2024_DivAuswertungen_DivMitarbeiter_2Z1.pdf,eise zur Abrechnung Brutto-Bezüge Betrag Lohnart Bezeichnung Einheit Menge Faktor3 Prozentsatz St SV GB 4 4 5 Gesamt-Brutto Steuerrechtliche Abzüge Netto-Verdienst Betrag Auszahlungsbetrag SV-rechtliche Abzüge Steuer/Sozialversicherung Netto-Bezüge/Netto-Abzüge St Steuer-Brutto Lohnsteuer Kirchensteuer Solidaritätszuschlag St4 SV4 KV-Brutto RV-Brutto AV-Brutto PV-Brutto KV-Beitrag RV-Beitrag AV-Beitrag PV-Beitrag6 SV,MEDIUM
SI-390JS-5935-26-00577,DUPLICATE,Same date/period/Krankenkasse/event/source already audited.,2024-02-14,,AOK Hessen,,,00_INBOX - Входящи - Eingang/Accounting_Organized/02_Payroll/10001_01-2024_DivAuswertungen_DivMitarbeiter_2Z1.pdf,eise zur Abrechnung Brutto-Bezüge Betrag Lohnart Bezeichnung Einheit Menge Faktor3 Prozentsatz St SV GB 4 4 5 Gesamt-Brutto Steuerrechtliche Abzüge Netto-Verdienst Betrag Auszahlungsbetrag SV-rechtliche Abzüge Steuer/Sozialversicherung Netto-Bezüge/Netto-Abzüge St Steuer-Brutto Lohnsteuer Kirchensteuer Solidaritätszuschlag St4 SV4 KV-Brutto RV-Brutto AV-Brutto PV-Brutto KV-Beitrag RV-Beitrag AV-Beitrag PV-Beitrag6 SV,MEDIUM
SI-390JS-5935-26-00578,UNCLEAR,Source row has insufficient semantic evidence for a resolution-action classification.,2024-02-14,,AOK Hessen,,,00_INBOX - Входящи - Eingang/Accounting_Organized/02_Payroll/10001_01-2024_DivAuswertungen_DivMitarbeiter_2Z1__copy2.pdf,eise zur Abrechnung Brutto-Bezüge Betrag Lohnart Bezeichnung Einheit Menge Faktor3 Prozentsatz St SV GB 4 4 5 Gesamt-Brutto Steuerrechtliche Abzüge Netto-Verdienst Betrag Auszahlungsbetrag SV-rechtliche Abzüge Steuer/Sozialversicherung Netto-Bezüge/Netto-Abzüge St Steuer-Brutto Lohnsteuer Kirchensteuer Solidaritätszuschlag St4 SV4 KV-Brutto RV-Brutto AV-Brutto PV-Brutto KV-Beitrag RV-Beitrag AV-Beitrag PV-Beitrag6 SV,MEDIUM
SI-390JS-5935-26-00579,DUPLICATE,Same date/period/Krankenkasse/event/source already audited.,2024-02-14,,AOK Hessen,,,00_INBOX - Входящи - Eingang/Accounting_Organized/13_Unknown_To_Review/10001_01-2024_DivAuswertungen_DivMitarbeiter_2Z1.pdf,eise zur Abrechnung Brutto-Bezüge Betrag Lohnart Bezeichnung Einheit Menge Faktor3 Prozentsatz St SV GB 4 4 5 Gesamt-Brutto Steuerrechtliche Abzüge Netto-Verdienst Betrag Auszahlungsbetrag SV-rechtliche Abzüge Steuer/Sozialversicherung Netto-Bezüge/Netto-Abzüge St Steuer-Brutto Lohnsteuer Kirchensteuer Solidaritätszuschlag St4 SV4 KV-Brutto RV-Brutto AV-Brutto PV-Brutto KV-Beitrag RV-Beitrag AV-Beitrag PV-Beitrag6 SV,MEDIUM
SI-390JS-5935-26-00580,UNCLEAR,Source row has insufficient semantic evidence for a resolution-action classification.,2024-02-14,,AOK Nordost,,,00_INBOX - Входящи - Eingang/Accounting/10001_01-2024_DivAuswertungen_DivMitarbeiter_2Z1.pdf,eise zur Abrechnung Brutto-Bezüge Betrag Lohnart Bezeichnung Einheit Menge Faktor3 Prozentsatz St SV GB 4 4 5 Gesamt-Brutto Steuerrechtliche Abzüge Netto-Verdienst Betrag Auszahlungsbetrag SV-rechtliche Abzüge Steuer/Sozialversicherung Netto-Bezüge/Netto-Abzüge St Steuer-Brutto Lohnsteuer Kirchensteuer Solidaritätszuschlag St4 SV4 KV-Brutto RV-Brutto AV-Brutto PV-Brutto KV-Beitrag RV-Beitrag AV-Beitrag PV-Beitrag6 SV,MEDIUM
SI-390JS-5935-26-00581,DUPLICATE,Same date/period/Krankenkasse/event/source already audited.,2024-02-14,,AOK Nordost,,,00_INBOX - Входящи - Eingang/Accounting_Organized/02_Payroll/10001_01-2024_DivAuswertungen_DivMitarbeiter_2Z1.pdf,eise zur Abrechnung Brutto-Bezüge Betrag Lohnart Bezeichnung Einheit Menge Faktor3 Prozentsatz St SV GB 4 4 5 Gesamt-Brutto Steuerrechtliche Abzüge Netto-Verdienst Betrag Auszahlungsbetrag SV-rechtliche Abzüge Steuer/Sozialversicherung Netto-Bezüge/Netto-Abzüge St Steuer-Brutto Lohnsteuer Kirchensteuer Solidaritätszuschlag St4 SV4 KV-Brutto RV-Brutto AV-Brutto PV-Brutto KV-Beitrag RV-Beitrag AV-Beitrag PV-Beitrag6 SV,MEDIUM
SI-390JS-5935-26-00582,UNCLEAR,Source row has insufficient semantic evidence for a resolution-action classification.,2024-02-14,,AOK Nordost,,,00_INBOX - Входящи - Eingang/Accounting_Organized/02_Payroll/10001_01-2024_DivAuswertungen_DivMitarbeiter_2Z1__copy2.pdf,eise zur Abrechnung Brutto-Bezüge Betrag Lohnart Bezeichnung Einheit Menge Faktor3 Prozentsatz St SV GB 4 4 5 Gesamt-Brutto Steuerrechtliche Abzüge Netto-Verdienst Betrag Auszahlungsbetrag SV-rechtliche Abzüge Steuer/Sozialversicherung Netto-Bezüge/Netto-Abzüge St Steuer-Brutto Lohnsteuer Kirchensteuer Solidaritätszuschlag St4 SV4 KV-Brutto RV-Brutto AV-Brutto PV-Brutto KV-Beitrag RV-Beitrag AV-Beitrag PV-Beitrag6 SV,MEDIUM
SI-390JS-5935-26-00583,DUPLICATE,Same date/period/Krankenkasse/event/source already audited.,2024-02-14,,AOK Nordost,,,00_INBOX - Входящи - Eingang/Accounting_Organized/13_Unknown_To_Review/10001_01-2024_DivAuswertungen_DivMitarbeiter_2Z1.pdf,eise zur Abrechnung Brutto-Bezüge Betrag Lohnart Bezeichnung Einheit Menge Faktor3 Prozentsatz St SV GB 4 4 5 Gesamt-Brutto Steuerrechtliche Abzüge Netto-Verdienst Betrag Auszahlungsbetrag SV-rechtliche Abzüge Steuer/Sozialversicherung Netto-Bezüge/Netto-Abzüge St Steuer-Brutto Lohnsteuer Kirchensteuer Solidaritätszuschlag St4 SV4 KV-Brutto RV-Brutto AV-Brutto PV-Brutto KV-Beitrag RV-Beitrag AV-Beitrag PV-Beitrag6 SV,MEDIUM
SI-390JS-5935-26-00584,UNCLEAR,Source row has insufficient semantic evidence for a resolution-action classification.,2024-02-14,,KKH,,,00_INBOX - Входящи - Eingang/Accounting/10001_01-2024_DivAuswertungen_DivMitarbeiter_2Z1.pdf,eise zur Abrechnung Brutto-Bezüge Betrag Lohnart Bezeichnung Einheit Menge Faktor3 Prozentsatz St SV GB 4 4 5 Gesamt-Brutto Steuerrechtliche Abzüge Netto-Verdienst Betrag Auszahlungsbetrag SV-rechtliche Abzüge Steuer/Sozialversicherung Netto-Bezüge/Netto-Abzüge St Steuer-Brutto Lohnsteuer Kirchensteuer Solidaritätszuschlag St4 SV4 KV-Brutto RV-Brutto AV-Brutto PV-Brutto KV-Beitrag RV-Beitrag AV-Beitrag PV-Beitrag6 SV,MEDIUM
SI-390JS-5935-26-00585,DUPLICATE,Same date/period/Krankenkasse/event/source already audited.,2024-02-14,,KKH,,,00_INBOX - Входящи - Eingang/Accounting_Organized/02_Payroll/10001_01-2024_DivAuswertungen_DivMitarbeiter_2Z1.pdf,eise zur Abrechnung Brutto-Bezüge Betrag Lohnart Bezeichnung Einheit Menge Faktor3 Prozentsatz St SV GB 4 4 5 Gesamt-Brutto Steuerrechtliche Abzüge Netto-Verdienst Betrag Auszahlungsbetrag SV-rechtliche Abzüge Steuer/Sozialversicherung Netto-Bezüge/Netto-Abzüge St Steuer-Brutto Lohnsteuer Kirchensteuer Solidaritätszuschlag St4 SV4 KV-Brutto RV-Brutto AV-Brutto PV-Brutto KV-Beitrag RV-Beitrag AV-Beitrag PV-Beitrag6 SV,MEDIUM
SI-390JS-5935-26-00586,UNCLEAR,Source row has insufficient semantic evidence for a resolution-action classification.,2024-02-14,,KKH,,,00_INBOX - Входящи - Eingang/Accounting_Organized/02_Payroll/10001_01-2024_DivAuswertungen_DivMitarbeiter_2Z1__copy2.pdf,eise zur Abrechnung Brutto-Bezüge Betrag Lohnart Bezeichnung Einheit Menge Faktor3 Prozentsatz St SV GB 4 4 5 Gesamt-Brutto Steuerrechtliche Abzüge Netto-Verdienst Betrag Auszahlungsbetrag SV-rechtliche Abzüge Steuer/Sozialversicherung Netto-Bezüge/Netto-Abzüge St Steuer-Brutto Lohnsteuer Kirchensteuer Solidaritätszuschlag St4 SV4 KV-Brutto RV-Brutto AV-Brutto PV-Brutto KV-Beitrag RV-Beitrag AV-Beitrag PV-Beitrag6 SV,MEDIUM
SI-390JS-5935-26-00587,DUPLICATE,Same date/period/Krankenkasse/event/source already audited.,2024-02-14,,KKH,,,00_INBOX - Входящи - Eingang/Accounting_Organized/13_Unknown_To_Review/10001_01-2024_DivAuswertungen_DivMitarbeiter_2Z1.pdf,eise zur Abrechnung Brutto-Bezüge Betrag Lohnart Bezeichnung Einheit Menge Faktor3 Prozentsatz St SV GB 4 4 5 Gesamt-Brutto Steuerrechtliche Abzüge Netto-Verdienst Betrag Auszahlungsbetrag SV-rechtliche Abzüge Steuer/Sozialversicherung Netto-Bezüge/Netto-Abzüge St Steuer-Brutto Lohnsteuer Kirchensteuer Solidaritätszuschlag St4 SV4 KV-Brutto RV-Brutto AV-Brutto PV-Brutto KV-Beitrag RV-Beitrag AV-Beitrag PV-Beitrag6 SV,MEDIUM
SI-390JS-5935-26-00588,UNCLEAR,Source row has insufficient semantic evidence for a resolution-action classification.,2024-02-15,2024-01,AOK,,2217.50,00_INBOX - Входящи - Eingang/Accounting/2024/Entgeltbescheinigungen 01-2024.pdf,"Usti Nad Labem 27 1 09119 Chemnitz Übersicht Zahlungen im Januar 2024 Empfänger PLZ Ort Zahlart Verwendungszweck Betrag AOK Baden-Württemberg 70025 Stuttgart Überweisung 89878877 2.217,50 AOK Bayern Die Gesundheitsk 81739 München Keine Überw. 89878877 1.111,75- AOK Hessen 61281 Bad Homburg Überweisung 89878877",HIGH
SI-390JS-5935-26-00589,UNCLEAR,Source row has insufficient semantic evidence for a resolution-action classification.,2024-02-15,2024-01,AOK,,2217.50,00_INBOX - Входящи - Eingang/Accounting/ihrelohnauswertungenjanuar2024/Lohnauswertungen.pdf,"Usti Nad Labem 27 1 09119 Chemnitz Übersicht Zahlungen im Januar 2024 Empfänger PLZ Ort Zahlart Verwendungszweck Betrag AOK Baden-Württemberg 70025 Stuttgart Überweisung 89878877 2.217,50 AOK Bayern Die Gesundheitsk 81739 München Keine Überw. 89878877 1.111,75- AOK Hessen 61281 Bad Homburg Überweisung 89878877",HIGH
SI-390JS-5935-26-00590,DUPLICATE,Same date/period/Krankenkasse/event/source already audited.,2024-02-15,2024-01,AOK,,2217.50,00_INBOX - Входящи - Eingang/Accounting_Organized/03_Employee_Payslips/Entgeltbescheinigungen 01-2024.pdf,"Usti Nad Labem 27 1 09119 Chemnitz Übersicht Zahlungen im Januar 2024 Empfänger PLZ Ort Zahlart Verwendungszweck Betrag AOK Baden-Württemberg 70025 Stuttgart Überweisung 89878877 2.217,50 AOK Bayern Die Gesundheitsk 81739 München Keine Überw. 89878877 1.111,75- AOK Hessen 61281 Bad Homburg Überweisung 89878877",HIGH
SI-390JS-5935-26-00591,UNCLEAR,Source row has insufficient semantic evidence for a resolution-action classification.,2024-02-15,2024-01,AOK,,2217.50,00_INBOX - Входящи - Eingang/Accounting_Organized/03_Employee_Payslips/Entgeltbescheinigungen 01-2024__copy2.pdf,"Usti Nad Labem 27 1 09119 Chemnitz Übersicht Zahlungen im Januar 2024 Empfänger PLZ Ort Zahlart Verwendungszweck Betrag AOK Baden-Württemberg 70025 Stuttgart Überweisung 89878877 2.217,50 AOK Bayern Die Gesundheitsk 81739 München Keine Überw. 89878877 1.111,75- AOK Hessen 61281 Bad Homburg Überweisung 89878877",HIGH
SI-390JS-5935-26-00592,UNCLEAR,Source row has insufficient semantic evidence for a resolution-action classification.,2024-02-15,2024-01,AOK,,2217.50,00_INBOX - Входящи - Eingang/Accounting_Organized/03_Employee_Payslips/Entgeltbescheinigungen 01-2024__copy3.pdf,"Usti Nad Labem 27 1 09119 Chemnitz Übersicht Zahlungen im Januar 2024 Empfänger PLZ Ort Zahlart Verwendungszweck Betrag AOK Baden-Württemberg 70025 Stuttgart Überweisung 89878877 2.217,50 AOK Bayern Die Gesundheitsk 81739 München Keine Überw. 89878877 1.111,75- AOK Hessen 61281 Bad Homburg Überweisung 89878877",HIGH
SI-390JS-5935-26-00593,UNCLEAR,Source row has insufficient semantic evidence for a resolution-action classification.,2024-02-15,2024-01,AOK,,2217.50,00_INBOX - Входящи - Eingang/Accounting_Organized/14_Duplicates/Lohnauswertungen__copy13.pdf,"Usti Nad Labem 27 1 09119 Chemnitz Übersicht Zahlungen im Januar 2024 Empfänger PLZ Ort Zahlart Verwendungszweck Betrag AOK Baden-Württemberg 70025 Stuttgart Überweisung 89878877 2.217,50 AOK Bayern Die Gesundheitsk 81739 München Keine Überw. 89878877 1.111,75- AOK Hessen 61281 Bad Homburg Überweisung 89878877",HIGH
SI-390JS-5935-26-00594,UNCLEAR,Source row has insufficient semantic evidence for a resolution-action classification.,2024-02-15,2024-01,AOK,,2217.50,00_INBOX - Входящи - Eingang/Accounting_Organized/14_Duplicates/Lohnauswertungen__copy31.pdf,"Usti Nad Labem 27 1 09119 Chemnitz Übersicht Zahlungen im Januar 2024 Empfänger PLZ Ort Zahlart Verwendungszweck Betrag AOK Baden-Württemberg 70025 Stuttgart Überweisung 89878877 2.217,50 AOK Bayern Die Gesundheitsk 81739 München Keine Überw. 89878877 1.111,75- AOK Hessen 61281 Bad Homburg Überweisung 89878877",HIGH
SI-390JS-5935-26-00595,UNCLEAR,Source row has insufficient semantic evidence for a resolution-action classification.,2024-02-15,2024-01,AOK,,2217.50,00_INBOX - Входящи - Eingang/Accounting_Organized/14_Duplicates/Lohnauswertungen__copy49.pdf,"Usti Nad Labem 27 1 09119 Chemnitz Übersicht Zahlungen im Januar 2024 Empfänger PLZ Ort Zahlart Verwendungszweck Betrag AOK Baden-Württemberg 70025 Stuttgart Überweisung 89878877 2.217,50 AOK Bayern Die Gesundheitsk 81739 München Keine Überw. 89878877 1.111,75- AOK Hessen 61281 Bad Homburg Überweisung 89878877",HIGH
SI-390JS-5935-26-00600,UNCLEAR,Source row has insufficient semantic evidence for a resolution-action classification.,2024-02-15,,AOK Hessen,,,00_INBOX - Входящи - Eingang/Accounting/10001_01-2024_DivAuswertungen_DivMitarbeiter_2Z1 (2)-1.pdf,eise zur Abrechnung Brutto-Bezüge Betrag Lohnart Bezeichnung Einheit Menge Faktor3 Prozentsatz St SV GB 4 4 5 Gesamt-Brutto Steuerrechtliche Abzüge Netto-Verdienst Betrag Auszahlungsbetrag SV-rechtliche Abzüge Steuer/Sozialversicherung Netto-Bezüge/Netto-Abzüge St Steuer-Brutto Lohnsteuer Kirchensteuer Solidaritätszuschlag St4 SV4 KV-Brutto RV-Brutto AV-Brutto PV-Brutto KV-Beitrag RV-Beitrag AV-Beitrag PV-Beitrag6 SV,MEDIUM
SI-390JS-5935-26-00601,UNCLEAR,Source row has insufficient semantic evidence for a resolution-action classification.,2024-02-15,,AOK Hessen,,,00_INBOX - Входящи - Eingang/Accounting/10001_01-2024_DivAuswertungen_DivMitarbeiter_2Z1 (2).pdf,eise zur Abrechnung Brutto-Bezüge Betrag Lohnart Bezeichnung Einheit Menge Faktor3 Prozentsatz St SV GB 4 4 5 Gesamt-Brutto Steuerrechtliche Abzüge Netto-Verdienst Betrag Auszahlungsbetrag SV-rechtliche Abzüge Steuer/Sozialversicherung Netto-Bezüge/Netto-Abzüge St Steuer-Brutto Lohnsteuer Kirchensteuer Solidaritätszuschlag St4 SV4 KV-Brutto RV-Brutto AV-Brutto PV-Brutto KV-Beitrag RV-Beitrag AV-Beitrag PV-Beitrag6 SV,MEDIUM
SI-390JS-5935-26-00602,DUPLICATE,Same date/period/Krankenkasse/event/source already audited.,2024-02-15,,AOK Hessen,,,00_INBOX - Входящи - Eingang/Accounting_Organized/02_Payroll/10001_01-2024_DivAuswertungen_DivMitarbeiter_2Z1 (2)-1.pdf,eise zur Abrechnung Brutto-Bezüge Betrag Lohnart Bezeichnung Einheit Menge Faktor3 Prozentsatz St SV GB 4 4 5 Gesamt-Brutto Steuerrechtliche Abzüge Netto-Verdienst Betrag Auszahlungsbetrag SV-rechtliche Abzüge Steuer/Sozialversicherung Netto-Bezüge/Netto-Abzüge St Steuer-Brutto Lohnsteuer Kirchensteuer Solidaritätszuschlag St4 SV4 KV-Brutto RV-Brutto AV-Brutto PV-Brutto KV-Beitrag RV-Beitrag AV-Beitrag PV-Beitrag6 SV,MEDIUM
SI-390JS-5935-26-00603,UNCLEAR,Source row has insufficient semantic evidence for a resolution-action classification.,2024-02-15,,AOK Hessen,,,00_INBOX - Входящи - Eingang/Accounting_Organized/02_Payroll/10001_01-2024_DivAuswertungen_DivMitarbeiter_2Z1 (2)-1__copy2.pdf,eise zur Abrechnung Brutto-Bezüge Betrag Lohnart Bezeichnung Einheit Menge Faktor3 Prozentsatz St SV GB 4 4 5 Gesamt-Brutto Steuerrechtliche Abzüge Netto-Verdienst Betrag Auszahlungsbetrag SV-rechtliche Abzüge Steuer/Sozialversicherung Netto-Bezüge/Netto-Abzüge St Steuer-Brutto Lohnsteuer Kirchensteuer Solidaritätszuschlag St4 SV4 KV-Brutto RV-Brutto AV-Brutto PV-Brutto KV-Beitrag RV-Beitrag AV-Beitrag PV-Beitrag6 SV,MEDIUM
SI-390JS-5935-26-00604,DUPLICATE,Same date/period/Krankenkasse/event/source already audited.,2024-02-15,,AOK Hessen,,,00_INBOX - Входящи - Eingang/Accounting_Organized/13_Unknown_To_Review/10001_01-2024_DivAuswertungen_DivMitarbeiter_2Z1 (2)-1.pdf,eise zur Abrechnung Brutto-Bezüge Betrag Lohnart Bezeichnung Einheit Menge Faktor3 Prozentsatz St SV GB 4 4 5 Gesamt-Brutto Steuerrechtliche Abzüge Netto-Verdienst Betrag Auszahlungsbetrag SV-rechtliche Abzüge Steuer/Sozialversicherung Netto-Bezüge/Netto-Abzüge St Steuer-Brutto Lohnsteuer Kirchensteuer Solidaritätszuschlag St4 SV4 KV-Brutto RV-Brutto AV-Brutto PV-Brutto KV-Beitrag RV-Beitrag AV-Beitrag PV-Beitrag6 SV,MEDIUM
SI-390JS-5935-26-00605,DUPLICATE,Same date/period/Krankenkasse/event/source already audited.,2024-02-15,,AOK Hessen,,,00_INBOX - Входящи - Eingang/Accounting_Organized/14_Duplicates/10001_01-2024_DivAuswertungen_DivMitarbeiter_2Z1 (2).pdf,eise zur Abrechnung Brutto-Bezüge Betrag Lohnart Bezeichnung Einheit Menge Faktor3 Prozentsatz St SV GB 4 4 5 Gesamt-Brutto Steuerrechtliche Abzüge Netto-Verdienst Betrag Auszahlungsbetrag SV-rechtliche Abzüge Steuer/Sozialversicherung Netto-Bezüge/Netto-Abzüge St Steuer-Brutto Lohnsteuer Kirchensteuer Solidaritätszuschlag St4 SV4 KV-Brutto RV-Brutto AV-Brutto PV-Brutto KV-Beitrag RV-Beitrag AV-Beitrag PV-Beitrag6 SV,MEDIUM
SI-390JS-5935-26-00606,UNCLEAR,Source row has insufficient semantic evidence for a resolution-action classification.,2024-02-15,,AOK Hessen,,,00_INBOX - Входящи - Eingang/Accounting_Organized/14_Duplicates/10001_01-2024_DivAuswertungen_DivMitarbeiter_2Z1 (2)__copy2.pdf,eise zur Abrechnung Brutto-Bezüge Betrag Lohnart Bezeichnung Einheit Menge Faktor3 Prozentsatz St SV GB 4 4 5 Gesamt-Brutto Steuerrechtliche Abzüge Netto-Verdienst Betrag Auszahlungsbetrag SV-rechtliche Abzüge Steuer/Sozialversicherung Netto-Bezüge/Netto-Abzüge St Steuer-Brutto Lohnsteuer Kirchensteuer Solidaritätszuschlag St4 SV4 KV-Brutto RV-Brutto AV-Brutto PV-Brutto KV-Beitrag RV-Beitrag AV-Beitrag PV-Beitrag6 SV,MEDIUM
SI-390JS-5935-26-00607,UNCLEAR,Source row has insufficient semantic evidence for a resolution-action classification.,2024-02-15,,AOK Hessen,,,00_INBOX - Входящи - Eingang/Accounting_Organized/14_Duplicates/10001_01-2024_DivAuswertungen_DivMitarbeiter_2Z1 (2)__copy3.pdf,eise zur Abrechnung Brutto-Bezüge Betrag Lohnart Bezeichnung Einheit Menge Faktor3 Prozentsatz St SV GB 4 4 5 Gesamt-Brutto Steuerrechtliche Abzüge Netto-Verdienst Betrag Auszahlungsbetrag SV-rechtliche Abzüge Steuer/Sozialversicherung Netto-Bezüge/Netto-Abzüge St Steuer-Brutto Lohnsteuer Kirchensteuer Solidaritätszuschlag St4 SV4 KV-Brutto RV-Brutto AV-Brutto PV-Brutto KV-Beitrag RV-Beitrag AV-Beitrag PV-Beitrag6 SV,MEDIUM
SI-390JS-5935-26-00608,UNCLEAR,Source row has insufficient semantic evidence for a resolution-action classification.,2024-02-15,,AOK Nordost,,,00_INBOX - Входящи - Eingang/Accounting/10001_01-2024_DivAuswertungen_DivMitarbeiter_2Z1 (2)-1.pdf,eise zur Abrechnung Brutto-Bezüge Betrag Lohnart Bezeichnung Einheit Menge Faktor3 Prozentsatz St SV GB 4 4 5 Gesamt-Brutto Steuerrechtliche Abzüge Netto-Verdienst Betrag Auszahlungsbetrag SV-rechtliche Abzüge Steuer/Sozialversicherung Netto-Bezüge/Netto-Abzüge St Steuer-Brutto Lohnsteuer Kirchensteuer Solidaritätszuschlag St4 SV4 KV-Brutto RV-Brutto AV-Brutto PV-Brutto KV-Beitrag RV-Beitrag AV-Beitrag PV-Beitrag6 SV,MEDIUM
SI-390JS-5935-26-00609,UNCLEAR,Source row has insufficient semantic evidence for a resolution-action classification.,2024-02-15,,AOK Nordost,,,00_INBOX - Входящи - Eingang/Accounting/10001_01-2024_DivAuswertungen_DivMitarbeiter_2Z1 (2).pdf,eise zur Abrechnung Brutto-Bezüge Betrag Lohnart Bezeichnung Einheit Menge Faktor3 Prozentsatz St SV GB 4 4 5 Gesamt-Brutto Steuerrechtliche Abzüge Netto-Verdienst Betrag Auszahlungsbetrag SV-rechtliche Abzüge Steuer/Sozialversicherung Netto-Bezüge/Netto-Abzüge St Steuer-Brutto Lohnsteuer Kirchensteuer Solidaritätszuschlag St4 SV4 KV-Brutto RV-Brutto AV-Brutto PV-Brutto KV-Beitrag RV-Beitrag AV-Beitrag PV-Beitrag6 SV,MEDIUM
SI-390JS-5935-26-00610,DUPLICATE,Same date/period/Krankenkasse/event/source already audited.,2024-02-15,,AOK Nordost,,,00_INBOX - Входящи - Eingang/Accounting_Organized/02_Payroll/10001_01-2024_DivAuswertungen_DivMitarbeiter_2Z1 (2)-1.pdf,eise zur Abrechnung Brutto-Bezüge Betrag Lohnart Bezeichnung Einheit Menge Faktor3 Prozentsatz St SV GB 4 4 5 Gesamt-Brutto Steuerrechtliche Abzüge Netto-Verdienst Betrag Auszahlungsbetrag SV-rechtliche Abzüge Steuer/Sozialversicherung Netto-Bezüge/Netto-Abzüge St Steuer-Brutto Lohnsteuer Kirchensteuer Solidaritätszuschlag St4 SV4 KV-Brutto RV-Brutto AV-Brutto PV-Brutto KV-Beitrag RV-Beitrag AV-Beitrag PV-Beitrag6 SV,MEDIUM
SI-390JS-5935-26-00611,UNCLEAR,Source row has insufficient semantic evidence for a resolution-action classification.,2024-02-15,,AOK Nordost,,,00_INBOX - Входящи - Eingang/Accounting_Organized/02_Payroll/10001_01-2024_DivAuswertungen_DivMitarbeiter_2Z1 (2)-1__copy2.pdf,eise zur Abrechnung Brutto-Bezüge Betrag Lohnart Bezeichnung Einheit Menge Faktor3 Prozentsatz St SV GB 4 4 5 Gesamt-Brutto Steuerrechtliche Abzüge Netto-Verdienst Betrag Auszahlungsbetrag SV-rechtliche Abzüge Steuer/Sozialversicherung Netto-Bezüge/Netto-Abzüge St Steuer-Brutto Lohnsteuer Kirchensteuer Solidaritätszuschlag St4 SV4 KV-Brutto RV-Brutto AV-Brutto PV-Brutto KV-Beitrag RV-Beitrag AV-Beitrag PV-Beitrag6 SV,MEDIUM
SI-390JS-5935-26-00612,DUPLICATE,Same date/period/Krankenkasse/event/source already audited.,2024-02-15,,AOK Nordost,,,00_INBOX - Входящи - Eingang/Accounting_Organized/13_Unknown_To_Review/10001_01-2024_DivAuswertungen_DivMitarbeiter_2Z1 (2)-1.pdf,eise zur Abrechnung Brutto-Bezüge Betrag Lohnart Bezeichnung Einheit Menge Faktor3 Prozentsatz St SV GB 4 4 5 Gesamt-Brutto Steuerrechtliche Abzüge Netto-Verdienst Betrag Auszahlungsbetrag SV-rechtliche Abzüge Steuer/Sozialversicherung Netto-Bezüge/Netto-Abzüge St Steuer-Brutto Lohnsteuer Kirchensteuer Solidaritätszuschlag St4 SV4 KV-Brutto RV-Brutto AV-Brutto PV-Brutto KV-Beitrag RV-Beitrag AV-Beitrag PV-Beitrag6 SV,MEDIUM
SI-390JS-5935-26-00613,DUPLICATE,Same date/period/Krankenkasse/event/source already audited.,2024-02-15,,AOK Nordost,,,00_INBOX - Входящи - Eingang/Accounting_Organized/14_Duplicates/10001_01-2024_DivAuswertungen_DivMitarbeiter_2Z1 (2).pdf,eise zur Abrechnung Brutto-Bezüge Betrag Lohnart Bezeichnung Einheit Menge Faktor3 Prozentsatz St SV GB 4 4 5 Gesamt-Brutto Steuerrechtliche Abzüge Netto-Verdienst Betrag Auszahlungsbetrag SV-rechtliche Abzüge Steuer/Sozialversicherung Netto-Bezüge/Netto-Abzüge St Steuer-Brutto Lohnsteuer Kirchensteuer Solidaritätszuschlag St4 SV4 KV-Brutto RV-Brutto AV-Brutto PV-Brutto KV-Beitrag RV-Beitrag AV-Beitrag PV-Beitrag6 SV,MEDIUM
SI-390JS-5935-26-00614,UNCLEAR,Source row has insufficient semantic evidence for a resolution-action classification.,2024-02-15,,AOK Nordost,,,00_INBOX - Входящи - Eingang/Accounting_Organized/14_Duplicates/10001_01-2024_DivAuswertungen_DivMitarbeiter_2Z1 (2)__copy2.pdf,eise zur Abrechnung Brutto-Bezüge Betrag Lohnart Bezeichnung Einheit Menge Faktor3 Prozentsatz St SV GB 4 4 5 Gesamt-Brutto Steuerrechtliche Abzüge Netto-Verdienst Betrag Auszahlungsbetrag SV-rechtliche Abzüge Steuer/Sozialversicherung Netto-Bezüge/Netto-Abzüge St Steuer-Brutto Lohnsteuer Kirchensteuer Solidaritätszuschlag St4 SV4 KV-Brutto RV-Brutto AV-Brutto PV-Brutto KV-Beitrag RV-Beitrag AV-Beitrag PV-Beitrag6 SV,MEDIUM
SI-390JS-5935-26-00615,UNCLEAR,Source row has insufficient semantic evidence for a resolution-action classification.,2024-02-15,,AOK Nordost,,,00_INBOX - Входящи - Eingang/Accounting_Organized/14_Duplicates/10001_01-2024_DivAuswertungen_DivMitarbeiter_2Z1 (2)__copy3.pdf,eise zur Abrechnung Brutto-Bezüge Betrag Lohnart Bezeichnung Einheit Menge Faktor3 Prozentsatz St SV GB 4 4 5 Gesamt-Brutto Steuerrechtliche Abzüge Netto-Verdienst Betrag Auszahlungsbetrag SV-rechtliche Abzüge Steuer/Sozialversicherung Netto-Bezüge/Netto-Abzüge St Steuer-Brutto Lohnsteuer Kirchensteuer Solidaritätszuschlag St4 SV4 KV-Brutto RV-Brutto AV-Brutto PV-Brutto KV-Beitrag RV-Beitrag AV-Beitrag PV-Beitrag6 SV,MEDIUM
SI-390JS-5935-26-00620,UNCLEAR,Source row has insufficient semantic evidence for a resolution-action classification.,2024-02-15,,KKH,,,00_INBOX - Входящи - Eingang/Accounting/10001_01-2024_DivAuswertungen_DivMitarbeiter_2Z1 (2)-1.pdf,eise zur Abrechnung Brutto-Bezüge Betrag Lohnart Bezeichnung Einheit Menge Faktor3 Prozentsatz St SV GB 4 4 5 Gesamt-Brutto Steuerrechtliche Abzüge Netto-Verdienst Betrag Auszahlungsbetrag SV-rechtliche Abzüge Steuer/Sozialversicherung Netto-Bezüge/Netto-Abzüge St Steuer-Brutto Lohnsteuer Kirchensteuer Solidaritätszuschlag St4 SV4 KV-Brutto RV-Brutto AV-Brutto PV-Brutto KV-Beitrag RV-Beitrag AV-Beitrag PV-Beitrag6 SV,MEDIUM
SI-390JS-5935-26-00621,UNCLEAR,Source row has insufficient semantic evidence for a resolution-action classification.,2024-02-15,,KKH,,,00_INBOX - Входящи - Eingang/Accounting/10001_01-2024_DivAuswertungen_DivMitarbeiter_2Z1 (2).pdf,eise zur Abrechnung Brutto-Bezüge Betrag Lohnart Bezeichnung Einheit Menge Faktor3 Prozentsatz St SV GB 4 4 5 Gesamt-Brutto Steuerrechtliche Abzüge Netto-Verdienst Betrag Auszahlungsbetrag SV-rechtliche Abzüge Steuer/Sozialversicherung Netto-Bezüge/Netto-Abzüge St Steuer-Brutto Lohnsteuer Kirchensteuer Solidaritätszuschlag St4 SV4 KV-Brutto RV-Brutto AV-Brutto PV-Brutto KV-Beitrag RV-Beitrag AV-Beitrag PV-Beitrag6 SV,MEDIUM
SI-390JS-5935-26-00622,DUPLICATE,Same date/period/Krankenkasse/event/source already audited.,2024-02-15,,KKH,,,00_INBOX - Входящи - Eingang/Accounting_Organized/02_Payroll/10001_01-2024_DivAuswertungen_DivMitarbeiter_2Z1 (2)-1.pdf,eise zur Abrechnung Brutto-Bezüge Betrag Lohnart Bezeichnung Einheit Menge Faktor3 Prozentsatz St SV GB 4 4 5 Gesamt-Brutto Steuerrechtliche Abzüge Netto-Verdienst Betrag Auszahlungsbetrag SV-rechtliche Abzüge Steuer/Sozialversicherung Netto-Bezüge/Netto-Abzüge St Steuer-Brutto Lohnsteuer Kirchensteuer Solidaritätszuschlag St4 SV4 KV-Brutto RV-Brutto AV-Brutto PV-Brutto KV-Beitrag RV-Beitrag AV-Beitrag PV-Beitrag6 SV,MEDIUM
SI-390JS-5935-26-00623,UNCLEAR,Source row has insufficient semantic evidence for a resolution-action classification.,2024-02-15,,KKH,,,00_INBOX - Входящи - Eingang/Accounting_Organized/02_Payroll/10001_01-2024_DivAuswertungen_DivMitarbeiter_2Z1 (2)-1__copy2.pdf,eise zur Abrechnung Brutto-Bezüge Betrag Lohnart Bezeichnung Einheit Menge Faktor3 Prozentsatz St SV GB 4 4 5 Gesamt-Brutto Steuerrechtliche Abzüge Netto-Verdienst Betrag Auszahlungsbetrag SV-rechtliche Abzüge Steuer/Sozialversicherung Netto-Bezüge/Netto-Abzüge St Steuer-Brutto Lohnsteuer Kirchensteuer Solidaritätszuschlag St4 SV4 KV-Brutto RV-Brutto AV-Brutto PV-Brutto KV-Beitrag RV-Beitrag AV-Beitrag PV-Beitrag6 SV,MEDIUM
SI-390JS-5935-26-00624,DUPLICATE,Same date/period/Krankenkasse/event/source already audited.,2024-02-15,,KKH,,,00_INBOX - Входящи - Eingang/Accounting_Organized/13_Unknown_To_Review/10001_01-2024_DivAuswertungen_DivMitarbeiter_2Z1 (2)-1.pdf,eise zur Abrechnung Brutto-Bezüge Betrag Lohnart Bezeichnung Einheit Menge Faktor3 Prozentsatz St SV GB 4 4 5 Gesamt-Brutto Steuerrechtliche Abzüge Netto-Verdienst Betrag Auszahlungsbetrag SV-rechtliche Abzüge Steuer/Sozialversicherung Netto-Bezüge/Netto-Abzüge St Steuer-Brutto Lohnsteuer Kirchensteuer Solidaritätszuschlag St4 SV4 KV-Brutto RV-Brutto AV-Brutto PV-Brutto KV-Beitrag RV-Beitrag AV-Beitrag PV-Beitrag6 SV,MEDIUM
SI-390JS-5935-26-00625,DUPLICATE,Same date/period/Krankenkasse/event/source already audited.,2024-02-15,,KKH,,,00_INBOX - Входящи - Eingang/Accounting_Organized/14_Duplicates/10001_01-2024_DivAuswertungen_DivMitarbeiter_2Z1 (2).pdf,eise zur Abrechnung Brutto-Bezüge Betrag Lohnart Bezeichnung Einheit Menge Faktor3 Prozentsatz St SV GB 4 4 5 Gesamt-Brutto Steuerrechtliche Abzüge Netto-Verdienst Betrag Auszahlungsbetrag SV-rechtliche Abzüge Steuer/Sozialversicherung Netto-Bezüge/Netto-Abzüge St Steuer-Brutto Lohnsteuer Kirchensteuer Solidaritätszuschlag St4 SV4 KV-Brutto RV-Brutto AV-Brutto PV-Brutto KV-Beitrag RV-Beitrag AV-Beitrag PV-Beitrag6 SV,MEDIUM
SI-390JS-5935-26-00626,UNCLEAR,Source row has insufficient semantic evidence for a resolution-action classification.,2024-02-15,,KKH,,,00_INBOX - Входящи - Eingang/Accounting_Organized/14_Duplicates/10001_01-2024_DivAuswertungen_DivMitarbeiter_2Z1 (2)__copy2.pdf,eise zur Abrechnung Brutto-Bezüge Betrag Lohnart Bezeichnung Einheit Menge Faktor3 Prozentsatz St SV GB 4 4 5 Gesamt-Brutto Steuerrechtliche Abzüge Netto-Verdienst Betrag Auszahlungsbetrag SV-rechtliche Abzüge Steuer/Sozialversicherung Netto-Bezüge/Netto-Abzüge St Steuer-Brutto Lohnsteuer Kirchensteuer Solidaritätszuschlag St4 SV4 KV-Brutto RV-Brutto AV-Brutto PV-Brutto KV-Beitrag RV-Beitrag AV-Beitrag PV-Beitrag6 SV,MEDIUM
SI-390JS-5935-26-00627,UNCLEAR,Source row has insufficient semantic evidence for a resolution-action classification.,2024-02-15,,KKH,,,00_INBOX - Входящи - Eingang/Accounting_Organized/14_Duplicates/10001_01-2024_DivAuswertungen_DivMitarbeiter_2Z1 (2)__copy3.pdf,eise zur Abrechnung Brutto-Bezüge Betrag Lohnart Bezeichnung Einheit Menge Faktor3 Prozentsatz St SV GB 4 4 5 Gesamt-Brutto Steuerrechtliche Abzüge Netto-Verdienst Betrag Auszahlungsbetrag SV-rechtliche Abzüge Steuer/Sozialversicherung Netto-Bezüge/Netto-Abzüge St Steuer-Brutto Lohnsteuer Kirchensteuer Solidaritätszuschlag St4 SV4 KV-Brutto RV-Brutto AV-Brutto PV-Brutto KV-Beitrag RV-Beitrag AV-Beitrag PV-Beitrag6 SV,MEDIUM
SI-390JS-5935-26-00628,UNCLEAR,Source row has insufficient semantic evidence for a resolution-action classification.,2024-02-17,2024-02,AOK,,,"00_INBOX - Входящи - Eingang/Accounting/accountings012024/40579 - Rechnung 240155_2024 vom 17.02.2024, Aufträge 31_23, 33_23, 34_23, Mandant 42303.pdf","g von Lohnkonten und Aufnahme der Stammdaten 25,00 EUR AN Dezember/2023 2 15,00 EUR Abmeldung eines Arbeitnehmers nach § 25 DEÜV 30,00 EUR AN Dezember/2023 1 15,00 EUR Pfändungen Garnishment 15,00 EUR AN Dezember/2023 4,00 15,00 EUR Erstellen eines Antrags auf Lohnfortzahlunsgerstattung Requests of reimbursement of wages for the health insurances 60,00 EUR Dezember/2023 § 34 Abs. 5 StBVV u. § 13 Satz 1 Nr. 1 u. Satz ",MEDIUM
SI-390JS-5935-26-00629,DUPLICATE,Same date/period/Krankenkasse/event/source already audited.,2024-02-17,2024-02,AOK,,,"00_INBOX - Входящи - Eingang/Accounting/accountings122023/40579 - Rechnung 240155_2024 vom 17.02.2024, Aufträge 31_23, 33_23, 34_23, Mandant 42303.pdf","g von Lohnkonten und Aufnahme der Stammdaten 25,00 EUR AN Dezember/2023 2 15,00 EUR Abmeldung eines Arbeitnehmers nach § 25 DEÜV 30,00 EUR AN Dezember/2023 1 15,00 EUR Pfändungen Garnishment 15,00 EUR AN Dezember/2023 4,00 15,00 EUR Erstellen eines Antrags auf Lohnfortzahlunsgerstattung Requests of reimbursement of wages for the health insurances 60,00 EUR Dezember/2023 § 34 Abs. 5 StBVV u. § 13 Satz 1 Nr. 1 u. Satz ",MEDIUM
SI-390JS-5935-26-00630,DUPLICATE,Same date/period/Krankenkasse/event/source already audited.,2024-02-17,2024-02,AOK,,,"00_INBOX - Входящи - Eingang/Accounting_Organized/01_Accountant_Emails/40579 - Rechnung 240155_2024 vom 17.02.2024, Aufträge 31_23, 33_23, 34_23, Mandant 42303.pdf","g von Lohnkonten und Aufnahme der Stammdaten 25,00 EUR AN Dezember/2023 2 15,00 EUR Abmeldung eines Arbeitnehmers nach § 25 DEÜV 30,00 EUR AN Dezember/2023 1 15,00 EUR Pfändungen Garnishment 15,00 EUR AN Dezember/2023 4,00 15,00 EUR Erstellen eines Antrags auf Lohnfortzahlunsgerstattung Requests of reimbursement of wages for the health insurances 60,00 EUR Dezember/2023 § 34 Abs. 5 StBVV u. § 13 Satz 1 Nr. 1 u. Satz ",MEDIUM
SI-390JS-5935-26-00631,DUPLICATE,Same date/period/Krankenkasse/event/source already audited.,2024-02-17,2024-02,AOK,,,"00_INBOX - Входящи - Eingang/Accounting_Organized/08_Operating_Costs/40579 - Rechnung 240155_2024 vom 17.02.2024, Aufträge 31_23, 33_23, 34_23, Mandant 42303.pdf","g von Lohnkonten und Aufnahme der Stammdaten 25,00 EUR AN Dezember/2023 2 15,00 EUR Abmeldung eines Arbeitnehmers nach § 25 DEÜV 30,00 EUR AN Dezember/2023 1 15,00 EUR Pfändungen Garnishment 15,00 EUR AN Dezember/2023 4,00 15,00 EUR Erstellen eines Antrags auf Lohnfortzahlunsgerstattung Requests of reimbursement of wages for the health insurances 60,00 EUR Dezember/2023 § 34 Abs. 5 StBVV u. § 13 Satz 1 Nr. 1 u. Satz ",MEDIUM
SI-390JS-5935-26-00632,UNCLEAR,Source row has insufficient semantic evidence for a resolution-action classification.,2024-02-17,2024-02,AOK,,,"00_INBOX - Входящи - Eingang/Accounting_Organized/08_Operating_Costs/40579 - Rechnung 240155_2024 vom 17.02.2024, Aufträge 31_23, 33_23, 34_23, Mandant 42303__copy2.pdf","g von Lohnkonten und Aufnahme der Stammdaten 25,00 EUR AN Dezember/2023 2 15,00 EUR Abmeldung eines Arbeitnehmers nach § 25 DEÜV 30,00 EUR AN Dezember/2023 1 15,00 EUR Pfändungen Garnishment 15,00 EUR AN Dezember/2023 4,00 15,00 EUR Erstellen eines Antrags auf Lohnfortzahlunsgerstattung Requests of reimbursement of wages for the health insurances 60,00 EUR Dezember/2023 § 34 Abs. 5 StBVV u. § 13 Satz 1 Nr. 1 u. Satz ",MEDIUM
SI-390JS-5935-26-00633,DUPLICATE,Same date/period/Krankenkasse/event/source already audited.,2024-02-17,2024-02,AOK,,,"00_INBOX - Входящи - Eingang/Accounting_Organized/14_Duplicates/40579 - Rechnung 240155_2024 vom 17.02.2024, Aufträge 31_23, 33_23, 34_23, Mandant 42303.pdf","g von Lohnkonten und Aufnahme der Stammdaten 25,00 EUR AN Dezember/2023 2 15,00 EUR Abmeldung eines Arbeitnehmers nach § 25 DEÜV 30,00 EUR AN Dezember/2023 1 15,00 EUR Pfändungen Garnishment 15,00 EUR AN Dezember/2023 4,00 15,00 EUR Erstellen eines Antrags auf Lohnfortzahlunsgerstattung Requests of reimbursement of wages for the health insurances 60,00 EUR Dezember/2023 § 34 Abs. 5 StBVV u. § 13 Satz 1 Nr. 1 u. Satz ",MEDIUM
SI-390JS-5935-26-00634,DUPLICATE,Same date/period/Krankenkasse/event/source already audited.,2024-02-17,2024-02,AOK,,,"00_INBOX - Входящи - Eingang/Accounting_Organized/14_Duplicates/40579 - Rechnung 240155_2024 vom 17.02.2024, Aufträge 31_23, 33_23, 34_23, Mandant 42303__copy2.pdf","g von Lohnkonten und Aufnahme der Stammdaten 25,00 EUR AN Dezember/2023 2 15,00 EUR Abmeldung eines Arbeitnehmers nach § 25 DEÜV 30,00 EUR AN Dezember/2023 1 15,00 EUR Pfändungen Garnishment 15,00 EUR AN Dezember/2023 4,00 15,00 EUR Erstellen eines Antrags auf Lohnfortzahlunsgerstattung Requests of reimbursement of wages for the health insurances 60,00 EUR Dezember/2023 § 34 Abs. 5 StBVV u. § 13 Satz 1 Nr. 1 u. Satz ",MEDIUM
SI-390JS-5935-26-00635,UNCLEAR,Source row has insufficient semantic evidence for a resolution-action classification.,2024-02-17,2024-02,AOK,,,"00_INBOX - Входящи - Eingang/Accounting_Organized/14_Duplicates/40579 - Rechnung 240155_2024 vom 17.02.2024, Aufträge 31_23, 33_23, 34_23, Mandant 42303__copy3.pdf","g von Lohnkonten und Aufnahme der Stammdaten 25,00 EUR AN Dezember/2023 2 15,00 EUR Abmeldung eines Arbeitnehmers nach § 25 DEÜV 30,00 EUR AN Dezember/2023 1 15,00 EUR Pfändungen Garnishment 15,00 EUR AN Dezember/2023 4,00 15,00 EUR Erstellen eines Antrags auf Lohnfortzahlunsgerstattung Requests of reimbursement of wages for the health insurances 60,00 EUR Dezember/2023 § 34 Abs. 5 StBVV u. § 13 Satz 1 Nr. 1 u. Satz ",MEDIUM
SI-390JS-5935-26-00662,UNCLEAR,Source row has insufficient semantic evidence for a resolution-action classification.,2024-03-07,,AOK Hessen,,,00_INBOX - Входящи - Eingang/Accounting/10001_02-2024_DivAuswertungen_00006_5Z1.pdf,eise zur Abrechnung Brutto-Bezüge Betrag Lohnart Bezeichnung Einheit Menge Faktor3 Prozentsatz St SV GB 4 4 5 Gesamt-Brutto Steuerrechtliche Abzüge Netto-Verdienst Betrag Auszahlungsbetrag SV-rechtliche Abzüge Steuer/Sozialversicherung Netto-Bezüge/Netto-Abzüge St Steuer-Brutto Lohnsteuer Kirchensteuer Solidaritätszuschlag St4 SV4 KV-Brutto RV-Brutto AV-Brutto PV-Brutto KV-Beitrag RV-Beitrag AV-Beitrag PV-Beitrag6 SV,MEDIUM
SI-390JS-5935-26-00663,DUPLICATE,Same date/period/Krankenkasse/event/source already audited.,2024-03-07,,AOK Hessen,,,00_INBOX - Входящи - Eingang/Accounting_Organized/02_Payroll/10001_02-2024_DivAuswertungen_00006_5Z1.pdf,eise zur Abrechnung Brutto-Bezüge Betrag Lohnart Bezeichnung Einheit Menge Faktor3 Prozentsatz St SV GB 4 4 5 Gesamt-Brutto Steuerrechtliche Abzüge Netto-Verdienst Betrag Auszahlungsbetrag SV-rechtliche Abzüge Steuer/Sozialversicherung Netto-Bezüge/Netto-Abzüge St Steuer-Brutto Lohnsteuer Kirchensteuer Solidaritätszuschlag St4 SV4 KV-Brutto RV-Brutto AV-Brutto PV-Brutto KV-Beitrag RV-Beitrag AV-Beitrag PV-Beitrag6 SV,MEDIUM
SI-390JS-5935-26-00664,UNCLEAR,Source row has insufficient semantic evidence for a resolution-action classification.,2024-03-07,,AOK Hessen,,,00_INBOX - Входящи - Eingang/Accounting_Organized/02_Payroll/10001_02-2024_DivAuswertungen_00006_5Z1__copy2.pdf,eise zur Abrechnung Brutto-Bezüge Betrag Lohnart Bezeichnung Einheit Menge Faktor3 Prozentsatz St SV GB 4 4 5 Gesamt-Brutto Steuerrechtliche Abzüge Netto-Verdienst Betrag Auszahlungsbetrag SV-rechtliche Abzüge Steuer/Sozialversicherung Netto-Bezüge/Netto-Abzüge St Steuer-Brutto Lohnsteuer Kirchensteuer Solidaritätszuschlag St4 SV4 KV-Brutto RV-Brutto AV-Brutto PV-Brutto KV-Beitrag RV-Beitrag AV-Beitrag PV-Beitrag6 SV,MEDIUM
SI-390JS-5935-26-00665,DUPLICATE,Same date/period/Krankenkasse/event/source already audited.,2024-03-07,,AOK Hessen,,,00_INBOX - Входящи - Eingang/Accounting_Organized/13_Unknown_To_Review/10001_02-2024_DivAuswertungen_00006_5Z1.pdf,eise zur Abrechnung Brutto-Bezüge Betrag Lohnart Bezeichnung Einheit Menge Faktor3 Prozentsatz St SV GB 4 4 5 Gesamt-Brutto Steuerrechtliche Abzüge Netto-Verdienst Betrag Auszahlungsbetrag SV-rechtliche Abzüge Steuer/Sozialversicherung Netto-Bezüge/Netto-Abzüge St Steuer-Brutto Lohnsteuer Kirchensteuer Solidaritätszuschlag St4 SV4 KV-Brutto RV-Brutto AV-Brutto PV-Brutto KV-Beitrag RV-Beitrag AV-Beitrag PV-Beitrag6 SV,MEDIUM
SI-390JS-5935-26-00666,UNCLEAR,Source row has insufficient semantic evidence for a resolution-action classification.,2024-03-07,,KKH,,,00_INBOX - Входящи - Eingang/Accounting/10001_02-2024_DivAuswertungen_00006_5Z1.pdf,eise zur Abrechnung Brutto-Bezüge Betrag Lohnart Bezeichnung Einheit Menge Faktor3 Prozentsatz St SV GB 4 4 5 Gesamt-Brutto Steuerrechtliche Abzüge Netto-Verdienst Betrag Auszahlungsbetrag SV-rechtliche Abzüge Steuer/Sozialversicherung Netto-Bezüge/Netto-Abzüge St Steuer-Brutto Lohnsteuer Kirchensteuer Solidaritätszuschlag St4 SV4 KV-Brutto RV-Brutto AV-Brutto PV-Brutto KV-Beitrag RV-Beitrag AV-Beitrag PV-Beitrag6 SV,MEDIUM
SI-390JS-5935-26-00667,DUPLICATE,Same date/period/Krankenkasse/event/source already audited.,2024-03-07,,KKH,,,00_INBOX - Входящи - Eingang/Accounting_Organized/02_Payroll/10001_02-2024_DivAuswertungen_00006_5Z1.pdf,eise zur Abrechnung Brutto-Bezüge Betrag Lohnart Bezeichnung Einheit Menge Faktor3 Prozentsatz St SV GB 4 4 5 Gesamt-Brutto Steuerrechtliche Abzüge Netto-Verdienst Betrag Auszahlungsbetrag SV-rechtliche Abzüge Steuer/Sozialversicherung Netto-Bezüge/Netto-Abzüge St Steuer-Brutto Lohnsteuer Kirchensteuer Solidaritätszuschlag St4 SV4 KV-Brutto RV-Brutto AV-Brutto PV-Brutto KV-Beitrag RV-Beitrag AV-Beitrag PV-Beitrag6 SV,MEDIUM
SI-390JS-5935-26-00668,UNCLEAR,Source row has insufficient semantic evidence for a resolution-action classification.,2024-03-07,,KKH,,,00_INBOX - Входящи - Eingang/Accounting_Organized/02_Payroll/10001_02-2024_DivAuswertungen_00006_5Z1__copy2.pdf,eise zur Abrechnung Brutto-Bezüge Betrag Lohnart Bezeichnung Einheit Menge Faktor3 Prozentsatz St SV GB 4 4 5 Gesamt-Brutto Steuerrechtliche Abzüge Netto-Verdienst Betrag Auszahlungsbetrag SV-rechtliche Abzüge Steuer/Sozialversicherung Netto-Bezüge/Netto-Abzüge St Steuer-Brutto Lohnsteuer Kirchensteuer Solidaritätszuschlag St4 SV4 KV-Brutto RV-Brutto AV-Brutto PV-Brutto KV-Beitrag RV-Beitrag AV-Beitrag PV-Beitrag6 SV,MEDIUM
SI-390JS-5935-26-00669,DUPLICATE,Same date/period/Krankenkasse/event/source already audited.,2024-03-07,,KKH,,,00_INBOX - Входящи - Eingang/Accounting_Organized/13_Unknown_To_Review/10001_02-2024_DivAuswertungen_00006_5Z1.pdf,eise zur Abrechnung Brutto-Bezüge Betrag Lohnart Bezeichnung Einheit Menge Faktor3 Prozentsatz St SV GB 4 4 5 Gesamt-Brutto Steuerrechtliche Abzüge Netto-Verdienst Betrag Auszahlungsbetrag SV-rechtliche Abzüge Steuer/Sozialversicherung Netto-Bezüge/Netto-Abzüge St Steuer-Brutto Lohnsteuer Kirchensteuer Solidaritätszuschlag St4 SV4 KV-Brutto RV-Brutto AV-Brutto PV-Brutto KV-Beitrag RV-Beitrag AV-Beitrag PV-Beitrag6 SV,MEDIUM
SI-390JS-5935-26-00670,UNCLEAR,Source row has insufficient semantic evidence for a resolution-action classification.,2024-03-08,2024-02,AOK,,,00_INBOX - Входящи - Eingang/Accounting/2024/Entgeltbescheinigungen 02-2024.pdf,"Usti Nad Labem 27 1 09119 Chemnitz Übersicht Zahlungen im Februar 2024 Empfänger PLZ Ort Zahlart Verwendungszweck Betrag AOK Baden-Württemberg 70025 Stuttgart Überweisung 89878877 2.359,42 AOK Bayern Die Gesundheitsk 81739 München Überweisung 89878877 1.139,55 AOK Hessen 61281 Bad Homburg Überweisung 89878877",MEDIUM
SI-390JS-5935-26-00671,UNCLEAR,Source row has insufficient semantic evidence for a resolution-action classification.,2024-03-08,2024-02,AOK,,,00_INBOX - Входящи - Eingang/Accounting/ihrelohnauswertungen(3)/Lohnauswertungen.pdf,"Usti Nad Labem 27 1 09119 Chemnitz Übersicht Zahlungen im Februar 2024 Empfänger PLZ Ort Zahlart Verwendungszweck Betrag AOK Baden-Württemberg 70025 Stuttgart Überweisung 89878877 2.359,42 AOK Bayern Die Gesundheitsk 81739 München Überweisung 89878877 1.139,55 AOK Hessen 61281 Bad Homburg Überweisung 89878877",MEDIUM
SI-390JS-5935-26-00672,DUPLICATE,Same date/period/Krankenkasse/event/source already audited.,2024-03-08,2024-02,AOK,,,00_INBOX - Входящи - Eingang/Accounting_Organized/03_Employee_Payslips/Entgeltbescheinigungen 02-2024.pdf,"Usti Nad Labem 27 1 09119 Chemnitz Übersicht Zahlungen im Februar 2024 Empfänger PLZ Ort Zahlart Verwendungszweck Betrag AOK Baden-Württemberg 70025 Stuttgart Überweisung 89878877 2.359,42 AOK Bayern Die Gesundheitsk 81739 München Überweisung 89878877 1.139,55 AOK Hessen 61281 Bad Homburg Überweisung 89878877",MEDIUM
SI-390JS-5935-26-00673,UNCLEAR,Source row has insufficient semantic evidence for a resolution-action classification.,2024-03-08,2024-02,AOK,,,00_INBOX - Входящи - Eingang/Accounting_Organized/03_Employee_Payslips/Entgeltbescheinigungen 02-2024__copy2.pdf,"Usti Nad Labem 27 1 09119 Chemnitz Übersicht Zahlungen im Februar 2024 Empfänger PLZ Ort Zahlart Verwendungszweck Betrag AOK Baden-Württemberg 70025 Stuttgart Überweisung 89878877 2.359,42 AOK Bayern Die Gesundheitsk 81739 München Überweisung 89878877 1.139,55 AOK Hessen 61281 Bad Homburg Überweisung 89878877",MEDIUM
SI-390JS-5935-26-00674,UNCLEAR,Source row has insufficient semantic evidence for a resolution-action classification.,2024-03-08,2024-02,AOK,,,00_INBOX - Входящи - Eingang/Accounting_Organized/03_Employee_Payslips/Entgeltbescheinigungen 02-2024__copy3.pdf,"Usti Nad Labem 27 1 09119 Chemnitz Übersicht Zahlungen im Februar 2024 Empfänger PLZ Ort Zahlart Verwendungszweck Betrag AOK Baden-Württemberg 70025 Stuttgart Überweisung 89878877 2.359,42 AOK Bayern Die Gesundheitsk 81739 München Überweisung 89878877 1.139,55 AOK Hessen 61281 Bad Homburg Überweisung 89878877",MEDIUM
SI-390JS-5935-26-00675,UNCLEAR,Source row has insufficient semantic evidence for a resolution-action classification.,2024-03-08,2024-02,AOK,,,00_INBOX - Входящи - Eingang/Accounting_Organized/14_Duplicates/Lohnauswertungen__copy24.pdf,"Usti Nad Labem 27 1 09119 Chemnitz Übersicht Zahlungen im Februar 2024 Empfänger PLZ Ort Zahlart Verwendungszweck Betrag AOK Baden-Württemberg 70025 Stuttgart Überweisung 89878877 2.359,42 AOK Bayern Die Gesundheitsk 81739 München Überweisung 89878877 1.139,55 AOK Hessen 61281 Bad Homburg Überweisung 89878877",MEDIUM
SI-390JS-5935-26-00676,UNCLEAR,Source row has insufficient semantic evidence for a resolution-action classification.,2024-03-08,2024-02,AOK,,,00_INBOX - Входящи - Eingang/Accounting_Organized/14_Duplicates/Lohnauswertungen__copy42.pdf,"Usti Nad Labem 27 1 09119 Chemnitz Übersicht Zahlungen im Februar 2024 Empfänger PLZ Ort Zahlart Verwendungszweck Betrag AOK Baden-Württemberg 70025 Stuttgart Überweisung 89878877 2.359,42 AOK Bayern Die Gesundheitsk 81739 München Überweisung 89878877 1.139,55 AOK Hessen 61281 Bad Homburg Überweisung 89878877",MEDIUM
SI-390JS-5935-26-00677,UNCLEAR,Source row has insufficient semantic evidence for a resolution-action classification.,2024-03-08,2024-02,AOK,,,00_INBOX - Входящи - Eingang/Accounting_Organized/14_Duplicates/Lohnauswertungen__copy6.pdf,"Usti Nad Labem 27 1 09119 Chemnitz Übersicht Zahlungen im Februar 2024 Empfänger PLZ Ort Zahlart Verwendungszweck Betrag AOK Baden-Württemberg 70025 Stuttgart Überweisung 89878877 2.359,42 AOK Bayern Die Gesundheitsk 81739 München Überweisung 89878877 1.139,55 AOK Hessen 61281 Bad Homburg Überweisung 89878877",MEDIUM
SI-390JS-5935-26-00690,UNCLEAR,Source row has insufficient semantic evidence for a resolution-action classification.,2024-03-27,2024-03,AOK,,,"00_INBOX - Входящи - Eingang/Accounting/accountings022024/41261 - Rechnung 240303_2024 vom 27.03.2024, Aufträge 31_24, 33_24, 34_24, Mandant 42303.pdf","ng von Lohnkonten und Aufnahme der Stammdaten 125,00 EUR AN Februar/2024 3 15,00 EUR Abmeldung eines Arbeitnehmers nach § 25 DEÜV 45,00 EUR AN Februar/2024 1 15,00 EUR Pfändungen Garnishment 15,00 EUR AN Februar/2024 1 25,00 EUR Arbeitsbescheinigung nach §312 SGB III (Chakarov) 25,00 EUR AN Februar/2024 Seite 1 Übertrag 1.675,20 EUR [[page 2]] Mandantennummer: 42303 Rechnungsnummer: 240303 Rechnungsjahr: 2024 Übertra",MEDIUM
SI-390JS-5935-26-00691,DUPLICATE,Same date/period/Krankenkasse/event/source already audited.,2024-03-27,2024-03,AOK,,,"00_INBOX - Входящи - Eingang/Accounting_Organized/01_Accountant_Emails/41261 - Rechnung 240303_2024 vom 27.03.2024, Aufträge 31_24, 33_24, 34_24, Mandant 42303.pdf","ng von Lohnkonten und Aufnahme der Stammdaten 125,00 EUR AN Februar/2024 3 15,00 EUR Abmeldung eines Arbeitnehmers nach § 25 DEÜV 45,00 EUR AN Februar/2024 1 15,00 EUR Pfändungen Garnishment 15,00 EUR AN Februar/2024 1 25,00 EUR Arbeitsbescheinigung nach §312 SGB III (Chakarov) 25,00 EUR AN Februar/2024 Seite 1 Übertrag 1.675,20 EUR [[page 2]] Mandantennummer: 42303 Rechnungsnummer: 240303 Rechnungsjahr: 2024 Übertra",MEDIUM
SI-390JS-5935-26-00692,DUPLICATE,Same date/period/Krankenkasse/event/source already audited.,2024-03-27,2024-03,AOK,,,"00_INBOX - Входящи - Eingang/Accounting_Organized/08_Operating_Costs/41261 - Rechnung 240303_2024 vom 27.03.2024, Aufträge 31_24, 33_24, 34_24, Mandant 42303.pdf","ng von Lohnkonten und Aufnahme der Stammdaten 125,00 EUR AN Februar/2024 3 15,00 EUR Abmeldung eines Arbeitnehmers nach § 25 DEÜV 45,00 EUR AN Februar/2024 1 15,00 EUR Pfändungen Garnishment 15,00 EUR AN Februar/2024 1 25,00 EUR Arbeitsbescheinigung nach §312 SGB III (Chakarov) 25,00 EUR AN Februar/2024 Seite 1 Übertrag 1.675,20 EUR [[page 2]] Mandantennummer: 42303 Rechnungsnummer: 240303 Rechnungsjahr: 2024 Übertra",MEDIUM
SI-390JS-5935-26-00693,UNCLEAR,Source row has insufficient semantic evidence for a resolution-action classification.,2024-03-27,2024-03,AOK,,,"00_INBOX - Входящи - Eingang/Accounting_Organized/08_Operating_Costs/41261 - Rechnung 240303_2024 vom 27.03.2024, Aufträge 31_24, 33_24, 34_24, Mandant 42303__copy2.pdf","ng von Lohnkonten und Aufnahme der Stammdaten 125,00 EUR AN Februar/2024 3 15,00 EUR Abmeldung eines Arbeitnehmers nach § 25 DEÜV 45,00 EUR AN Februar/2024 1 15,00 EUR Pfändungen Garnishment 15,00 EUR AN Februar/2024 1 25,00 EUR Arbeitsbescheinigung nach §312 SGB III (Chakarov) 25,00 EUR AN Februar/2024 Seite 1 Übertrag 1.675,20 EUR [[page 2]] Mandantennummer: 42303 Rechnungsnummer: 240303 Rechnungsjahr: 2024 Übertra",MEDIUM
SI-390JS-5935-26-00698,UNCLEAR,Source row has insufficient semantic evidence for a resolution-action classification.,2024-04-11,,AOK Hessen,,,00_INBOX - Входящи - Eingang/Accounting/10001_03-2024_DivAuswertungen_DivMitarbeiter_8Z1.pdf,eise zur Abrechnung Brutto-Bezüge Betrag Lohnart Bezeichnung Einheit Menge Faktor3 Prozentsatz St SV GB 4 4 5 Gesamt-Brutto Steuerrechtliche Abzüge Netto-Verdienst Betrag Auszahlungsbetrag SV-rechtliche Abzüge Steuer/Sozialversicherung Netto-Bezüge/Netto-Abzüge St Steuer-Brutto Lohnsteuer Kirchensteuer Solidaritätszuschlag St4 SV4 KV-Brutto RV-Brutto AV-Brutto PV-Brutto KV-Beitrag RV-Beitrag AV-Beitrag PV-Beitrag6 SV,MEDIUM
SI-390JS-5935-26-00699,DUPLICATE,Same date/period/Krankenkasse/event/source already audited.,2024-04-11,,AOK Hessen,,,00_INBOX - Входящи - Eingang/Accounting_Organized/02_Payroll/10001_03-2024_DivAuswertungen_DivMitarbeiter_8Z1.pdf,eise zur Abrechnung Brutto-Bezüge Betrag Lohnart Bezeichnung Einheit Menge Faktor3 Prozentsatz St SV GB 4 4 5 Gesamt-Brutto Steuerrechtliche Abzüge Netto-Verdienst Betrag Auszahlungsbetrag SV-rechtliche Abzüge Steuer/Sozialversicherung Netto-Bezüge/Netto-Abzüge St Steuer-Brutto Lohnsteuer Kirchensteuer Solidaritätszuschlag St4 SV4 KV-Brutto RV-Brutto AV-Brutto PV-Brutto KV-Beitrag RV-Beitrag AV-Beitrag PV-Beitrag6 SV,MEDIUM
SI-390JS-5935-26-00700,UNCLEAR,Source row has insufficient semantic evidence for a resolution-action classification.,2024-04-11,,AOK Hessen,,,00_INBOX - Входящи - Eingang/Accounting_Organized/02_Payroll/10001_03-2024_DivAuswertungen_DivMitarbeiter_8Z1__copy3.pdf,eise zur Abrechnung Brutto-Bezüge Betrag Lohnart Bezeichnung Einheit Menge Faktor3 Prozentsatz St SV GB 4 4 5 Gesamt-Brutto Steuerrechtliche Abzüge Netto-Verdienst Betrag Auszahlungsbetrag SV-rechtliche Abzüge Steuer/Sozialversicherung Netto-Bezüge/Netto-Abzüge St Steuer-Brutto Lohnsteuer Kirchensteuer Solidaritätszuschlag St4 SV4 KV-Brutto RV-Brutto AV-Brutto PV-Brutto KV-Beitrag RV-Beitrag AV-Beitrag PV-Beitrag6 SV,MEDIUM
SI-390JS-5935-26-00701,DUPLICATE,Same date/period/Krankenkasse/event/source already audited.,2024-04-11,,AOK Hessen,,,00_INBOX - Входящи - Eingang/Accounting_Organized/13_Unknown_To_Review/10001_03-2024_DivAuswertungen_DivMitarbeiter_8Z1.pdf,eise zur Abrechnung Brutto-Bezüge Betrag Lohnart Bezeichnung Einheit Menge Faktor3 Prozentsatz St SV GB 4 4 5 Gesamt-Brutto Steuerrechtliche Abzüge Netto-Verdienst Betrag Auszahlungsbetrag SV-rechtliche Abzüge Steuer/Sozialversicherung Netto-Bezüge/Netto-Abzüge St Steuer-Brutto Lohnsteuer Kirchensteuer Solidaritätszuschlag St4 SV4 KV-Brutto RV-Brutto AV-Brutto PV-Brutto KV-Beitrag RV-Beitrag AV-Beitrag PV-Beitrag6 SV,MEDIUM
SI-390JS-5935-26-00702,UNCLEAR,Source row has insufficient semantic evidence for a resolution-action classification.,2024-04-11,,BKK,,,00_INBOX - Входящи - Eingang/Accounting/10001_03-2024_DivAuswertungen_DivMitarbeiter_8Z1.pdf,eise zur Abrechnung Brutto-Bezüge Betrag Lohnart Bezeichnung Einheit Menge Faktor3 Prozentsatz St SV GB 4 4 5 Gesamt-Brutto Steuerrechtliche Abzüge Netto-Verdienst Betrag Auszahlungsbetrag SV-rechtliche Abzüge Steuer/Sozialversicherung Netto-Bezüge/Netto-Abzüge St Steuer-Brutto Lohnsteuer Kirchensteuer Solidaritätszuschlag St4 SV4 KV-Brutto RV-Brutto AV-Brutto PV-Brutto KV-Beitrag RV-Beitrag AV-Beitrag PV-Beitrag6 SV,MEDIUM
SI-390JS-5935-26-00703,DUPLICATE,Same date/period/Krankenkasse/event/source already audited.,2024-04-11,,BKK,,,00_INBOX - Входящи - Eingang/Accounting_Organized/02_Payroll/10001_03-2024_DivAuswertungen_DivMitarbeiter_8Z1.pdf,eise zur Abrechnung Brutto-Bezüge Betrag Lohnart Bezeichnung Einheit Menge Faktor3 Prozentsatz St SV GB 4 4 5 Gesamt-Brutto Steuerrechtliche Abzüge Netto-Verdienst Betrag Auszahlungsbetrag SV-rechtliche Abzüge Steuer/Sozialversicherung Netto-Bezüge/Netto-Abzüge St Steuer-Brutto Lohnsteuer Kirchensteuer Solidaritätszuschlag St4 SV4 KV-Brutto RV-Brutto AV-Brutto PV-Brutto KV-Beitrag RV-Beitrag AV-Beitrag PV-Beitrag6 SV,MEDIUM
SI-390JS-5935-26-00704,UNCLEAR,Source row has insufficient semantic evidence for a resolution-action classification.,2024-04-11,,BKK,,,00_INBOX - Входящи - Eingang/Accounting_Organized/02_Payroll/10001_03-2024_DivAuswertungen_DivMitarbeiter_8Z1__copy3.pdf,eise zur Abrechnung Brutto-Bezüge Betrag Lohnart Bezeichnung Einheit Menge Faktor3 Prozentsatz St SV GB 4 4 5 Gesamt-Brutto Steuerrechtliche Abzüge Netto-Verdienst Betrag Auszahlungsbetrag SV-rechtliche Abzüge Steuer/Sozialversicherung Netto-Bezüge/Netto-Abzüge St Steuer-Brutto Lohnsteuer Kirchensteuer Solidaritätszuschlag St4 SV4 KV-Brutto RV-Brutto AV-Brutto PV-Brutto KV-Beitrag RV-Beitrag AV-Beitrag PV-Beitrag6 SV,MEDIUM
SI-390JS-5935-26-00705,DUPLICATE,Same date/period/Krankenkasse/event/source already audited.,2024-04-11,,BKK,,,00_INBOX - Входящи - Eingang/Accounting_Organized/13_Unknown_To_Review/10001_03-2024_DivAuswertungen_DivMitarbeiter_8Z1.pdf,eise zur Abrechnung Brutto-Bezüge Betrag Lohnart Bezeichnung Einheit Menge Faktor3 Prozentsatz St SV GB 4 4 5 Gesamt-Brutto Steuerrechtliche Abzüge Netto-Verdienst Betrag Auszahlungsbetrag SV-rechtliche Abzüge Steuer/Sozialversicherung Netto-Bezüge/Netto-Abzüge St Steuer-Brutto Lohnsteuer Kirchensteuer Solidaritätszuschlag St4 SV4 KV-Brutto RV-Brutto AV-Brutto PV-Brutto KV-Beitrag RV-Beitrag AV-Beitrag PV-Beitrag6 SV,MEDIUM
SI-390JS-5935-26-00706,UNCLEAR,Source row has insufficient semantic evidence for a resolution-action classification.,2024-04-11,,KKH,,,00_INBOX - Входящи - Eingang/Accounting/10001_03-2024_DivAuswertungen_DivMitarbeiter_8Z1.pdf,eise zur Abrechnung Brutto-Bezüge Betrag Lohnart Bezeichnung Einheit Menge Faktor3 Prozentsatz St SV GB 4 4 5 Gesamt-Brutto Steuerrechtliche Abzüge Netto-Verdienst Betrag Auszahlungsbetrag SV-rechtliche Abzüge Steuer/Sozialversicherung Netto-Bezüge/Netto-Abzüge St Steuer-Brutto Lohnsteuer Kirchensteuer Solidaritätszuschlag St4 SV4 KV-Brutto RV-Brutto AV-Brutto PV-Brutto KV-Beitrag RV-Beitrag AV-Beitrag PV-Beitrag6 SV,MEDIUM
SI-390JS-5935-26-00707,DUPLICATE,Same date/period/Krankenkasse/event/source already audited.,2024-04-11,,KKH,,,00_INBOX - Входящи - Eingang/Accounting_Organized/02_Payroll/10001_03-2024_DivAuswertungen_DivMitarbeiter_8Z1.pdf,eise zur Abrechnung Brutto-Bezüge Betrag Lohnart Bezeichnung Einheit Menge Faktor3 Prozentsatz St SV GB 4 4 5 Gesamt-Brutto Steuerrechtliche Abzüge Netto-Verdienst Betrag Auszahlungsbetrag SV-rechtliche Abzüge Steuer/Sozialversicherung Netto-Bezüge/Netto-Abzüge St Steuer-Brutto Lohnsteuer Kirchensteuer Solidaritätszuschlag St4 SV4 KV-Brutto RV-Brutto AV-Brutto PV-Brutto KV-Beitrag RV-Beitrag AV-Beitrag PV-Beitrag6 SV,MEDIUM
SI-390JS-5935-26-00708,UNCLEAR,Source row has insufficient semantic evidence for a resolution-action classification.,2024-04-11,,KKH,,,00_INBOX - Входящи - Eingang/Accounting_Organized/02_Payroll/10001_03-2024_DivAuswertungen_DivMitarbeiter_8Z1__copy3.pdf,eise zur Abrechnung Brutto-Bezüge Betrag Lohnart Bezeichnung Einheit Menge Faktor3 Prozentsatz St SV GB 4 4 5 Gesamt-Brutto Steuerrechtliche Abzüge Netto-Verdienst Betrag Auszahlungsbetrag SV-rechtliche Abzüge Steuer/Sozialversicherung Netto-Bezüge/Netto-Abzüge St Steuer-Brutto Lohnsteuer Kirchensteuer Solidaritätszuschlag St4 SV4 KV-Brutto RV-Brutto AV-Brutto PV-Brutto KV-Beitrag RV-Beitrag AV-Beitrag PV-Beitrag6 SV,MEDIUM
SI-390JS-5935-26-00709,DUPLICATE,Same date/period/Krankenkasse/event/source already audited.,2024-04-11,,KKH,,,00_INBOX - Входящи - Eingang/Accounting_Organized/13_Unknown_To_Review/10001_03-2024_DivAuswertungen_DivMitarbeiter_8Z1.pdf,eise zur Abrechnung Brutto-Bezüge Betrag Lohnart Bezeichnung Einheit Menge Faktor3 Prozentsatz St SV GB 4 4 5 Gesamt-Brutto Steuerrechtliche Abzüge Netto-Verdienst Betrag Auszahlungsbetrag SV-rechtliche Abzüge Steuer/Sozialversicherung Netto-Bezüge/Netto-Abzüge St Steuer-Brutto Lohnsteuer Kirchensteuer Solidaritätszuschlag St4 SV4 KV-Brutto RV-Brutto AV-Brutto PV-Brutto KV-Beitrag RV-Beitrag AV-Beitrag PV-Beitrag6 SV,MEDIUM
SI-390JS-5935-26-00710,UNCLEAR,Source row has insufficient semantic evidence for a resolution-action classification.,2024-04-12,2024-03,AOK,,,00_INBOX - Входящи - Eingang/Accounting/2024/Entgeltbescheinigungen 03-2024.pdf,"Usti Nad Labem 27 1 09119 Chemnitz Übersicht Zahlungen im März 2024 Empfänger PLZ Ort Zahlart Verwendungszweck Betrag AOK Baden-Württemberg 70025 Stuttgart Überweisung 89878877 2.288,46 AOK Bayern Die Gesundheitsk 81739 München Überweisung 89878877 1.125,65 AOK Hessen 61281 Bad Homburg Überweisung 89878877",MEDIUM
SI-390JS-5935-26-00711,UNCLEAR,Source row has insufficient semantic evidence for a resolution-action classification.,2024-04-12,2024-03,AOK,,,00_INBOX - Входящи - Eingang/Accounting/ihrelohnauswertungenmrz2024/Lohnauswertungen.pdf,"Usti Nad Labem 27 1 09119 Chemnitz Übersicht Zahlungen im März 2024 Empfänger PLZ Ort Zahlart Verwendungszweck Betrag AOK Baden-Württemberg 70025 Stuttgart Überweisung 89878877 2.288,46 AOK Bayern Die Gesundheitsk 81739 München Überweisung 89878877 1.125,65 AOK Hessen 61281 Bad Homburg Überweisung 89878877",MEDIUM
SI-390JS-5935-26-00712,DUPLICATE,Same date/period/Krankenkasse/event/source already audited.,2024-04-12,2024-03,AOK,,,00_INBOX - Входящи - Eingang/Accounting_Organized/03_Employee_Payslips/Entgeltbescheinigungen 03-2024.pdf,"Usti Nad Labem 27 1 09119 Chemnitz Übersicht Zahlungen im März 2024 Empfänger PLZ Ort Zahlart Verwendungszweck Betrag AOK Baden-Württemberg 70025 Stuttgart Überweisung 89878877 2.288,46 AOK Bayern Die Gesundheitsk 81739 München Überweisung 89878877 1.125,65 AOK Hessen 61281 Bad Homburg Überweisung 89878877",MEDIUM
SI-390JS-5935-26-00713,UNCLEAR,Source row has insufficient semantic evidence for a resolution-action classification.,2024-04-12,2024-03,AOK,,,00_INBOX - Входящи - Eingang/Accounting_Organized/03_Employee_Payslips/Entgeltbescheinigungen 03-2024__copy2.pdf,"Usti Nad Labem 27 1 09119 Chemnitz Übersicht Zahlungen im März 2024 Empfänger PLZ Ort Zahlart Verwendungszweck Betrag AOK Baden-Württemberg 70025 Stuttgart Überweisung 89878877 2.288,46 AOK Bayern Die Gesundheitsk 81739 München Überweisung 89878877 1.125,65 AOK Hessen 61281 Bad Homburg Überweisung 89878877",MEDIUM
SI-390JS-5935-26-00714,UNCLEAR,Source row has insufficient semantic evidence for a resolution-action classification.,2024-04-12,2024-03,AOK,,,00_INBOX - Входящи - Eingang/Accounting_Organized/03_Employee_Payslips/Entgeltbescheinigungen 03-2024__copy3.pdf,"Usti Nad Labem 27 1 09119 Chemnitz Übersicht Zahlungen im März 2024 Empfänger PLZ Ort Zahlart Verwendungszweck Betrag AOK Baden-Württemberg 70025 Stuttgart Überweisung 89878877 2.288,46 AOK Bayern Die Gesundheitsk 81739 München Überweisung 89878877 1.125,65 AOK Hessen 61281 Bad Homburg Überweisung 89878877",MEDIUM
SI-390JS-5935-26-00715,UNCLEAR,Source row has insufficient semantic evidence for a resolution-action classification.,2024-04-12,2024-03,AOK,,,00_INBOX - Входящи - Eingang/Accounting_Organized/14_Duplicates/Lohnauswertungen__copy15.pdf,"Usti Nad Labem 27 1 09119 Chemnitz Übersicht Zahlungen im März 2024 Empfänger PLZ Ort Zahlart Verwendungszweck Betrag AOK Baden-Württemberg 70025 Stuttgart Überweisung 89878877 2.288,46 AOK Bayern Die Gesundheitsk 81739 München Überweisung 89878877 1.125,65 AOK Hessen 61281 Bad Homburg Überweisung 89878877",MEDIUM
SI-390JS-5935-26-00716,UNCLEAR,Source row has insufficient semantic evidence for a resolution-action classification.,2024-04-12,2024-03,AOK,,,00_INBOX - Входящи - Eingang/Accounting_Organized/14_Duplicates/Lohnauswertungen__copy33.pdf,"Usti Nad Labem 27 1 09119 Chemnitz Übersicht Zahlungen im März 2024 Empfänger PLZ Ort Zahlart Verwendungszweck Betrag AOK Baden-Württemberg 70025 Stuttgart Überweisung 89878877 2.288,46 AOK Bayern Die Gesundheitsk 81739 München Überweisung 89878877 1.125,65 AOK Hessen 61281 Bad Homburg Überweisung 89878877",MEDIUM
SI-390JS-5935-26-00717,UNCLEAR,Source row has insufficient semantic evidence for a resolution-action classification.,2024-04-12,2024-03,AOK,,,00_INBOX - Входящи - Eingang/Accounting_Organized/14_Duplicates/Lohnauswertungen__copy51.pdf,"Usti Nad Labem 27 1 09119 Chemnitz Übersicht Zahlungen im März 2024 Empfänger PLZ Ort Zahlart Verwendungszweck Betrag AOK Baden-Württemberg 70025 Stuttgart Überweisung 89878877 2.288,46 AOK Bayern Die Gesundheitsk 81739 München Überweisung 89878877 1.125,65 AOK Hessen 61281 Bad Homburg Überweisung 89878877",MEDIUM
SI-390JS-5935-26-00722,UNCLEAR,Source row has insufficient semantic evidence for a resolution-action classification.,2024-04-12,,AOK Hessen,,,00_INBOX - Входящи - Eingang/Accounting/awbonusfoodbonus032024/10001_03-2024_DivAuswertungen_DivMitarbeiter_8Z1.pdf,eise zur Abrechnung Brutto-Bezüge Betrag Lohnart Bezeichnung Einheit Menge Faktor3 Prozentsatz St SV GB 4 4 5 Gesamt-Brutto Steuerrechtliche Abzüge Netto-Verdienst Betrag Auszahlungsbetrag SV-rechtliche Abzüge Steuer/Sozialversicherung Netto-Bezüge/Netto-Abzüge St Steuer-Brutto Lohnsteuer Kirchensteuer Solidaritätszuschlag St4 SV4 KV-Brutto RV-Brutto AV-Brutto PV-Brutto KV-Beitrag RV-Beitrag AV-Beitrag PV-Beitrag6 SV,MEDIUM
SI-390JS-5935-26-00723,UNCLEAR,Source row has insufficient semantic evidence for a resolution-action classification.,2024-04-12,,AOK Hessen,,,00_INBOX - Входящи - Eingang/Accounting_Organized/02_Payroll/10001_03-2024_DivAuswertungen_DivMitarbeiter_8Z1__copy2.pdf,eise zur Abrechnung Brutto-Bezüge Betrag Lohnart Bezeichnung Einheit Menge Faktor3 Prozentsatz St SV GB 4 4 5 Gesamt-Brutto Steuerrechtliche Abzüge Netto-Verdienst Betrag Auszahlungsbetrag SV-rechtliche Abzüge Steuer/Sozialversicherung Netto-Bezüge/Netto-Abzüge St Steuer-Brutto Lohnsteuer Kirchensteuer Solidaritätszuschlag St4 SV4 KV-Brutto RV-Brutto AV-Brutto PV-Brutto KV-Beitrag RV-Beitrag AV-Beitrag PV-Beitrag6 SV,MEDIUM
SI-390JS-5935-26-00724,UNCLEAR,Source row has insufficient semantic evidence for a resolution-action classification.,2024-04-12,,AOK Hessen,,,00_INBOX - Входящи - Eingang/Accounting_Organized/02_Payroll/10001_03-2024_DivAuswertungen_DivMitarbeiter_8Z1__copy4.pdf,eise zur Abrechnung Brutto-Bezüge Betrag Lohnart Bezeichnung Einheit Menge Faktor3 Prozentsatz St SV GB 4 4 5 Gesamt-Brutto Steuerrechtliche Abzüge Netto-Verdienst Betrag Auszahlungsbetrag SV-rechtliche Abzüge Steuer/Sozialversicherung Netto-Bezüge/Netto-Abzüge St Steuer-Brutto Lohnsteuer Kirchensteuer Solidaritätszuschlag St4 SV4 KV-Brutto RV-Brutto AV-Brutto PV-Brutto KV-Beitrag RV-Beitrag AV-Beitrag PV-Beitrag6 SV,MEDIUM
SI-390JS-5935-26-00725,DUPLICATE,Same date/period/Krankenkasse/event/source already audited.,2024-04-12,,AOK Hessen,,,00_INBOX - Входящи - Eingang/Accounting_Organized/13_Unknown_To_Review/10001_03-2024_DivAuswertungen_DivMitarbeiter_8Z1__copy2.pdf,eise zur Abrechnung Brutto-Bezüge Betrag Lohnart Bezeichnung Einheit Menge Faktor3 Prozentsatz St SV GB 4 4 5 Gesamt-Brutto Steuerrechtliche Abzüge Netto-Verdienst Betrag Auszahlungsbetrag SV-rechtliche Abzüge Steuer/Sozialversicherung Netto-Bezüge/Netto-Abzüge St Steuer-Brutto Lohnsteuer Kirchensteuer Solidaritätszuschlag St4 SV4 KV-Brutto RV-Brutto AV-Brutto PV-Brutto KV-Beitrag RV-Beitrag AV-Beitrag PV-Beitrag6 SV,MEDIUM
SI-390JS-5935-26-00726,UNCLEAR,Source row has insufficient semantic evidence for a resolution-action classification.,2024-04-12,,BKK,,,00_INBOX - Входящи - Eingang/Accounting/awbonusfoodbonus032024/10001_03-2024_DivAuswertungen_DivMitarbeiter_8Z1.pdf,eise zur Abrechnung Brutto-Bezüge Betrag Lohnart Bezeichnung Einheit Menge Faktor3 Prozentsatz St SV GB 4 4 5 Gesamt-Brutto Steuerrechtliche Abzüge Netto-Verdienst Betrag Auszahlungsbetrag SV-rechtliche Abzüge Steuer/Sozialversicherung Netto-Bezüge/Netto-Abzüge St Steuer-Brutto Lohnsteuer Kirchensteuer Solidaritätszuschlag St4 SV4 KV-Brutto RV-Brutto AV-Brutto PV-Brutto KV-Beitrag RV-Beitrag AV-Beitrag PV-Beitrag6 SV,MEDIUM
SI-390JS-5935-26-00727,UNCLEAR,Source row has insufficient semantic evidence for a resolution-action classification.,2024-04-12,,BKK,,,00_INBOX - Входящи - Eingang/Accounting_Organized/02_Payroll/10001_03-2024_DivAuswertungen_DivMitarbeiter_8Z1__copy2.pdf,eise zur Abrechnung Brutto-Bezüge Betrag Lohnart Bezeichnung Einheit Menge Faktor3 Prozentsatz St SV GB 4 4 5 Gesamt-Brutto Steuerrechtliche Abzüge Netto-Verdienst Betrag Auszahlungsbetrag SV-rechtliche Abzüge Steuer/Sozialversicherung Netto-Bezüge/Netto-Abzüge St Steuer-Brutto Lohnsteuer Kirchensteuer Solidaritätszuschlag St4 SV4 KV-Brutto RV-Brutto AV-Brutto PV-Brutto KV-Beitrag RV-Beitrag AV-Beitrag PV-Beitrag6 SV,MEDIUM
SI-390JS-5935-26-00728,UNCLEAR,Source row has insufficient semantic evidence for a resolution-action classification.,2024-04-12,,BKK,,,00_INBOX - Входящи - Eingang/Accounting_Organized/02_Payroll/10001_03-2024_DivAuswertungen_DivMitarbeiter_8Z1__copy4.pdf,eise zur Abrechnung Brutto-Bezüge Betrag Lohnart Bezeichnung Einheit Menge Faktor3 Prozentsatz St SV GB 4 4 5 Gesamt-Brutto Steuerrechtliche Abzüge Netto-Verdienst Betrag Auszahlungsbetrag SV-rechtliche Abzüge Steuer/Sozialversicherung Netto-Bezüge/Netto-Abzüge St Steuer-Brutto Lohnsteuer Kirchensteuer Solidaritätszuschlag St4 SV4 KV-Brutto RV-Brutto AV-Brutto PV-Brutto KV-Beitrag RV-Beitrag AV-Beitrag PV-Beitrag6 SV,MEDIUM
SI-390JS-5935-26-00729,DUPLICATE,Same date/period/Krankenkasse/event/source already audited.,2024-04-12,,BKK,,,00_INBOX - Входящи - Eingang/Accounting_Organized/13_Unknown_To_Review/10001_03-2024_DivAuswertungen_DivMitarbeiter_8Z1__copy2.pdf,eise zur Abrechnung Brutto-Bezüge Betrag Lohnart Bezeichnung Einheit Menge Faktor3 Prozentsatz St SV GB 4 4 5 Gesamt-Brutto Steuerrechtliche Abzüge Netto-Verdienst Betrag Auszahlungsbetrag SV-rechtliche Abzüge Steuer/Sozialversicherung Netto-Bezüge/Netto-Abzüge St Steuer-Brutto Lohnsteuer Kirchensteuer Solidaritätszuschlag St4 SV4 KV-Brutto RV-Brutto AV-Brutto PV-Brutto KV-Beitrag RV-Beitrag AV-Beitrag PV-Beitrag6 SV,MEDIUM
SI-390JS-5935-26-00734,UNCLEAR,Source row has insufficient semantic evidence for a resolution-action classification.,2024-04-12,,KKH,,,00_INBOX - Входящи - Eingang/Accounting/awbonusfoodbonus032024/10001_03-2024_DivAuswertungen_DivMitarbeiter_8Z1.pdf,eise zur Abrechnung Brutto-Bezüge Betrag Lohnart Bezeichnung Einheit Menge Faktor3 Prozentsatz St SV GB 4 4 5 Gesamt-Brutto Steuerrechtliche Abzüge Netto-Verdienst Betrag Auszahlungsbetrag SV-rechtliche Abzüge Steuer/Sozialversicherung Netto-Bezüge/Netto-Abzüge St Steuer-Brutto Lohnsteuer Kirchensteuer Solidaritätszuschlag St4 SV4 KV-Brutto RV-Brutto AV-Brutto PV-Brutto KV-Beitrag RV-Beitrag AV-Beitrag PV-Beitrag6 SV,MEDIUM
SI-390JS-5935-26-00735,UNCLEAR,Source row has insufficient semantic evidence for a resolution-action classification.,2024-04-12,,KKH,,,00_INBOX - Входящи - Eingang/Accounting_Organized/02_Payroll/10001_03-2024_DivAuswertungen_DivMitarbeiter_8Z1__copy2.pdf,eise zur Abrechnung Brutto-Bezüge Betrag Lohnart Bezeichnung Einheit Menge Faktor3 Prozentsatz St SV GB 4 4 5 Gesamt-Brutto Steuerrechtliche Abzüge Netto-Verdienst Betrag Auszahlungsbetrag SV-rechtliche Abzüge Steuer/Sozialversicherung Netto-Bezüge/Netto-Abzüge St Steuer-Brutto Lohnsteuer Kirchensteuer Solidaritätszuschlag St4 SV4 KV-Brutto RV-Brutto AV-Brutto PV-Brutto KV-Beitrag RV-Beitrag AV-Beitrag PV-Beitrag6 SV,MEDIUM
SI-390JS-5935-26-00736,UNCLEAR,Source row has insufficient semantic evidence for a resolution-action classification.,2024-04-12,,KKH,,,00_INBOX - Входящи - Eingang/Accounting_Organized/02_Payroll/10001_03-2024_DivAuswertungen_DivMitarbeiter_8Z1__copy4.pdf,eise zur Abrechnung Brutto-Bezüge Betrag Lohnart Bezeichnung Einheit Menge Faktor3 Prozentsatz St SV GB 4 4 5 Gesamt-Brutto Steuerrechtliche Abzüge Netto-Verdienst Betrag Auszahlungsbetrag SV-rechtliche Abzüge Steuer/Sozialversicherung Netto-Bezüge/Netto-Abzüge St Steuer-Brutto Lohnsteuer Kirchensteuer Solidaritätszuschlag St4 SV4 KV-Brutto RV-Brutto AV-Brutto PV-Brutto KV-Beitrag RV-Beitrag AV-Beitrag PV-Beitrag6 SV,MEDIUM
SI-390JS-5935-26-00737,DUPLICATE,Same date/period/Krankenkasse/event/source already audited.,2024-04-12,,KKH,,,00_INBOX - Входящи - Eingang/Accounting_Organized/13_Unknown_To_Review/10001_03-2024_DivAuswertungen_DivMitarbeiter_8Z1__copy2.pdf,eise zur Abrechnung Brutto-Bezüge Betrag Lohnart Bezeichnung Einheit Menge Faktor3 Prozentsatz St SV GB 4 4 5 Gesamt-Brutto Steuerrechtliche Abzüge Netto-Verdienst Betrag Auszahlungsbetrag SV-rechtliche Abzüge Steuer/Sozialversicherung Netto-Bezüge/Netto-Abzüge St Steuer-Brutto Lohnsteuer Kirchensteuer Solidaritätszuschlag St4 SV4 KV-Brutto RV-Brutto AV-Brutto PV-Brutto KV-Beitrag RV-Beitrag AV-Beitrag PV-Beitrag6 SV,MEDIUM
SI-390JS-5935-26-00746,UNCLEAR,Source row has insufficient semantic evidence for a resolution-action classification.,2024-04-30,2024-04,AOK,,,"00_INBOX - Входящи - Eingang/Accounting/accountings032024/41683 - Rechnung 240393_2024 vom 30.04.2024, Aufträge 31_24, 32_24, 33_24, 34_24, 98_24, Mandant 42303.pdf","tung von Lohnkonten und Aufnahme der Stammdaten 25,00 EUR AN März/2024 2 15,00 EUR Abmeldung eines Arbeitnehmers nach § 25 DEÜV 30,00 EUR AN März/2024 1 15,00 EUR Pfändungen Garnishment 15,00 EUR AN März/2024 1 25,00 EUR Arbeitsbescheinigung nach §312 SGB III (Milanov) 25,00 EUR AN März/2024 Seite 1 Übertrag 1.486,20 EUR [[page 2]] Mandantennummer: 42303 Rechnungsnummer: 240393 Rechnungsjahr: 2024 Übertrag 1.486,20 E",MEDIUM
SI-390JS-5935-26-00747,DUPLICATE,Same date/period/Krankenkasse/event/source already audited.,2024-04-30,2024-04,AOK,,,"00_INBOX - Входящи - Eingang/Accounting_Organized/01_Accountant_Emails/41683 - Rechnung 240393_2024 vom 30.04.2024, Aufträge 31_24, 32_24, 33_24, 34_24, 98_24, Mandant 42303.pdf","tung von Lohnkonten und Aufnahme der Stammdaten 25,00 EUR AN März/2024 2 15,00 EUR Abmeldung eines Arbeitnehmers nach § 25 DEÜV 30,00 EUR AN März/2024 1 15,00 EUR Pfändungen Garnishment 15,00 EUR AN März/2024 1 25,00 EUR Arbeitsbescheinigung nach §312 SGB III (Milanov) 25,00 EUR AN März/2024 Seite 1 Übertrag 1.486,20 EUR [[page 2]] Mandantennummer: 42303 Rechnungsnummer: 240393 Rechnungsjahr: 2024 Übertrag 1.486,20 E",MEDIUM
SI-390JS-5935-26-00748,DUPLICATE,Same date/period/Krankenkasse/event/source already audited.,2024-04-30,2024-04,AOK,,,"00_INBOX - Входящи - Eingang/Accounting_Organized/08_Operating_Costs/41683 - Rechnung 240393_2024 vom 30.04.2024, Aufträge 31_24, 32_24, 33_24, 34_24, 98_24, Mandant 42303.pdf","tung von Lohnkonten und Aufnahme der Stammdaten 25,00 EUR AN März/2024 2 15,00 EUR Abmeldung eines Arbeitnehmers nach § 25 DEÜV 30,00 EUR AN März/2024 1 15,00 EUR Pfändungen Garnishment 15,00 EUR AN März/2024 1 25,00 EUR Arbeitsbescheinigung nach §312 SGB III (Milanov) 25,00 EUR AN März/2024 Seite 1 Übertrag 1.486,20 EUR [[page 2]] Mandantennummer: 42303 Rechnungsnummer: 240393 Rechnungsjahr: 2024 Übertrag 1.486,20 E",MEDIUM
SI-390JS-5935-26-00749,UNCLEAR,Source row has insufficient semantic evidence for a resolution-action classification.,2024-04-30,2024-04,AOK,,,"00_INBOX - Входящи - Eingang/Accounting_Organized/08_Operating_Costs/41683 - Rechnung 240393_2024 vom 30.04.2024, Aufträge 31_24, 32_24, 33_24, 34_24, 98_24, Mandant 42303__copy2.pdf","tung von Lohnkonten und Aufnahme der Stammdaten 25,00 EUR AN März/2024 2 15,00 EUR Abmeldung eines Arbeitnehmers nach § 25 DEÜV 30,00 EUR AN März/2024 1 15,00 EUR Pfändungen Garnishment 15,00 EUR AN März/2024 1 25,00 EUR Arbeitsbescheinigung nach §312 SGB III (Milanov) 25,00 EUR AN März/2024 Seite 1 Übertrag 1.486,20 EUR [[page 2]] Mandantennummer: 42303 Rechnungsnummer: 240393 Rechnungsjahr: 2024 Übertrag 1.486,20 E",MEDIUM
SI-390JS-5935-26-00756,UNCLEAR,Source row has insufficient semantic evidence for a resolution-action classification.,2024-05-07,,AOK Hessen,,,00_INBOX - Входящи - Eingang/Accounting/Test Pay ROll.pdf,eise zur Abrechnung Brutto-Bezüge Betrag Lohnart Bezeichnung Einheit Menge Faktor3 Prozentsatz St SV GB 4 4 5 Gesamt-Brutto Steuerrechtliche Abzüge Netto-Verdienst Betrag Auszahlungsbetrag SV-rechtliche Abzüge Steuer/Sozialversicherung Netto-Bezüge/Netto-Abzüge St Steuer-Brutto Lohnsteuer Kirchensteuer Solidaritätszuschlag St4 SV4 KV-Brutto RV-Brutto AV-Brutto PV-Brutto KV-Beitrag RV-Beitrag AV-Beitrag PV-Beitrag6 SV,MEDIUM
SI-390JS-5935-26-00757,DUPLICATE,Same date/period/Krankenkasse/event/source already audited.,2024-05-07,,AOK Hessen,,,00_INBOX - Входящи - Eingang/Accounting_Organized/05_Taxes/Test Pay ROll.pdf,eise zur Abrechnung Brutto-Bezüge Betrag Lohnart Bezeichnung Einheit Menge Faktor3 Prozentsatz St SV GB 4 4 5 Gesamt-Brutto Steuerrechtliche Abzüge Netto-Verdienst Betrag Auszahlungsbetrag SV-rechtliche Abzüge Steuer/Sozialversicherung Netto-Bezüge/Netto-Abzüge St Steuer-Brutto Lohnsteuer Kirchensteuer Solidaritätszuschlag St4 SV4 KV-Brutto RV-Brutto AV-Brutto PV-Brutto KV-Beitrag RV-Beitrag AV-Beitrag PV-Beitrag6 SV,MEDIUM
SI-390JS-5935-26-00758,UNCLEAR,Source row has insufficient semantic evidence for a resolution-action classification.,2024-05-07,,AOK Hessen,,,00_INBOX - Входящи - Eingang/Accounting_Organized/05_Taxes/Test Pay ROll__copy2.pdf,eise zur Abrechnung Brutto-Bezüge Betrag Lohnart Bezeichnung Einheit Menge Faktor3 Prozentsatz St SV GB 4 4 5 Gesamt-Brutto Steuerrechtliche Abzüge Netto-Verdienst Betrag Auszahlungsbetrag SV-rechtliche Abzüge Steuer/Sozialversicherung Netto-Bezüge/Netto-Abzüge St Steuer-Brutto Lohnsteuer Kirchensteuer Solidaritätszuschlag St4 SV4 KV-Brutto RV-Brutto AV-Brutto PV-Brutto KV-Beitrag RV-Beitrag AV-Beitrag PV-Beitrag6 SV,MEDIUM
SI-390JS-5935-26-00759,DUPLICATE,Same date/period/Krankenkasse/event/source already audited.,2024-05-07,,AOK Hessen,,,00_INBOX - Входящи - Eingang/Accounting_Organized/13_Unknown_To_Review/Test Pay ROll.pdf,eise zur Abrechnung Brutto-Bezüge Betrag Lohnart Bezeichnung Einheit Menge Faktor3 Prozentsatz St SV GB 4 4 5 Gesamt-Brutto Steuerrechtliche Abzüge Netto-Verdienst Betrag Auszahlungsbetrag SV-rechtliche Abzüge Steuer/Sozialversicherung Netto-Bezüge/Netto-Abzüge St Steuer-Brutto Lohnsteuer Kirchensteuer Solidaritätszuschlag St4 SV4 KV-Brutto RV-Brutto AV-Brutto PV-Brutto KV-Beitrag RV-Beitrag AV-Beitrag PV-Beitrag6 SV,MEDIUM
SI-390JS-5935-26-00760,UNCLEAR,Source row has insufficient semantic evidence for a resolution-action classification.,2024-05-07,,BKK,,,00_INBOX - Входящи - Eingang/Accounting/Test Pay ROll.pdf,eise zur Abrechnung Brutto-Bezüge Betrag Lohnart Bezeichnung Einheit Menge Faktor3 Prozentsatz St SV GB 4 4 5 Gesamt-Brutto Steuerrechtliche Abzüge Netto-Verdienst Betrag Auszahlungsbetrag SV-rechtliche Abzüge Steuer/Sozialversicherung Netto-Bezüge/Netto-Abzüge St Steuer-Brutto Lohnsteuer Kirchensteuer Solidaritätszuschlag St4 SV4 KV-Brutto RV-Brutto AV-Brutto PV-Brutto KV-Beitrag RV-Beitrag AV-Beitrag PV-Beitrag6 SV,MEDIUM
SI-390JS-5935-26-00761,DUPLICATE,Same date/period/Krankenkasse/event/source already audited.,2024-05-07,,BKK,,,00_INBOX - Входящи - Eingang/Accounting_Organized/05_Taxes/Test Pay ROll.pdf,eise zur Abrechnung Brutto-Bezüge Betrag Lohnart Bezeichnung Einheit Menge Faktor3 Prozentsatz St SV GB 4 4 5 Gesamt-Brutto Steuerrechtliche Abzüge Netto-Verdienst Betrag Auszahlungsbetrag SV-rechtliche Abzüge Steuer/Sozialversicherung Netto-Bezüge/Netto-Abzüge St Steuer-Brutto Lohnsteuer Kirchensteuer Solidaritätszuschlag St4 SV4 KV-Brutto RV-Brutto AV-Brutto PV-Brutto KV-Beitrag RV-Beitrag AV-Beitrag PV-Beitrag6 SV,MEDIUM
SI-390JS-5935-26-00762,UNCLEAR,Source row has insufficient semantic evidence for a resolution-action classification.,2024-05-07,,BKK,,,00_INBOX - Входящи - Eingang/Accounting_Organized/05_Taxes/Test Pay ROll__copy2.pdf,eise zur Abrechnung Brutto-Bezüge Betrag Lohnart Bezeichnung Einheit Menge Faktor3 Prozentsatz St SV GB 4 4 5 Gesamt-Brutto Steuerrechtliche Abzüge Netto-Verdienst Betrag Auszahlungsbetrag SV-rechtliche Abzüge Steuer/Sozialversicherung Netto-Bezüge/Netto-Abzüge St Steuer-Brutto Lohnsteuer Kirchensteuer Solidaritätszuschlag St4 SV4 KV-Brutto RV-Brutto AV-Brutto PV-Brutto KV-Beitrag RV-Beitrag AV-Beitrag PV-Beitrag6 SV,MEDIUM
SI-390JS-5935-26-00763,DUPLICATE,Same date/period/Krankenkasse/event/source already audited.,2024-05-07,,BKK,,,00_INBOX - Входящи - Eingang/Accounting_Organized/13_Unknown_To_Review/Test Pay ROll.pdf,eise zur Abrechnung Brutto-Bezüge Betrag Lohnart Bezeichnung Einheit Menge Faktor3 Prozentsatz St SV GB 4 4 5 Gesamt-Brutto Steuerrechtliche Abzüge Netto-Verdienst Betrag Auszahlungsbetrag SV-rechtliche Abzüge Steuer/Sozialversicherung Netto-Bezüge/Netto-Abzüge St Steuer-Brutto Lohnsteuer Kirchensteuer Solidaritätszuschlag St4 SV4 KV-Brutto RV-Brutto AV-Brutto PV-Brutto KV-Beitrag RV-Beitrag AV-Beitrag PV-Beitrag6 SV,MEDIUM
SI-390JS-5935-26-00764,UNCLEAR,Source row has insufficient semantic evidence for a resolution-action classification.,2024-05-07,,KKH,,,00_INBOX - Входящи - Eingang/Accounting/Test Pay ROll.pdf,eise zur Abrechnung Brutto-Bezüge Betrag Lohnart Bezeichnung Einheit Menge Faktor3 Prozentsatz St SV GB 4 4 5 Gesamt-Brutto Steuerrechtliche Abzüge Netto-Verdienst Betrag Auszahlungsbetrag SV-rechtliche Abzüge Steuer/Sozialversicherung Netto-Bezüge/Netto-Abzüge St Steuer-Brutto Lohnsteuer Kirchensteuer Solidaritätszuschlag St4 SV4 KV-Brutto RV-Brutto AV-Brutto PV-Brutto KV-Beitrag RV-Beitrag AV-Beitrag PV-Beitrag6 SV,MEDIUM
SI-390JS-5935-26-00765,DUPLICATE,Same date/period/Krankenkasse/event/source already audited.,2024-05-07,,KKH,,,00_INBOX - Входящи - Eingang/Accounting_Organized/05_Taxes/Test Pay ROll.pdf,eise zur Abrechnung Brutto-Bezüge Betrag Lohnart Bezeichnung Einheit Menge Faktor3 Prozentsatz St SV GB 4 4 5 Gesamt-Brutto Steuerrechtliche Abzüge Netto-Verdienst Betrag Auszahlungsbetrag SV-rechtliche Abzüge Steuer/Sozialversicherung Netto-Bezüge/Netto-Abzüge St Steuer-Brutto Lohnsteuer Kirchensteuer Solidaritätszuschlag St4 SV4 KV-Brutto RV-Brutto AV-Brutto PV-Brutto KV-Beitrag RV-Beitrag AV-Beitrag PV-Beitrag6 SV,MEDIUM
SI-390JS-5935-26-00766,UNCLEAR,Source row has insufficient semantic evidence for a resolution-action classification.,2024-05-07,,KKH,,,00_INBOX - Входящи - Eingang/Accounting_Organized/05_Taxes/Test Pay ROll__copy2.pdf,eise zur Abrechnung Brutto-Bezüge Betrag Lohnart Bezeichnung Einheit Menge Faktor3 Prozentsatz St SV GB 4 4 5 Gesamt-Brutto Steuerrechtliche Abzüge Netto-Verdienst Betrag Auszahlungsbetrag SV-rechtliche Abzüge Steuer/Sozialversicherung Netto-Bezüge/Netto-Abzüge St Steuer-Brutto Lohnsteuer Kirchensteuer Solidaritätszuschlag St4 SV4 KV-Brutto RV-Brutto AV-Brutto PV-Brutto KV-Beitrag RV-Beitrag AV-Beitrag PV-Beitrag6 SV,MEDIUM
SI-390JS-5935-26-00767,DUPLICATE,Same date/period/Krankenkasse/event/source already audited.,2024-05-07,,KKH,,,00_INBOX - Входящи - Eingang/Accounting_Organized/13_Unknown_To_Review/Test Pay ROll.pdf,eise zur Abrechnung Brutto-Bezüge Betrag Lohnart Bezeichnung Einheit Menge Faktor3 Prozentsatz St SV GB 4 4 5 Gesamt-Brutto Steuerrechtliche Abzüge Netto-Verdienst Betrag Auszahlungsbetrag SV-rechtliche Abzüge Steuer/Sozialversicherung Netto-Bezüge/Netto-Abzüge St Steuer-Brutto Lohnsteuer Kirchensteuer Solidaritätszuschlag St4 SV4 KV-Brutto RV-Brutto AV-Brutto PV-Brutto KV-Beitrag RV-Beitrag AV-Beitrag PV-Beitrag6 SV,MEDIUM
SI-390JS-5935-26-00768,UNCLEAR,Source row has insufficient semantic evidence for a resolution-action classification.,2024-05-08,2024-04,AOK,,,00_INBOX - Входящи - Eingang/Accounting/2024/Entgeltbescheinigungen 04-2024.pdf,"Usti Nad Labem 27 1 09119 Chemnitz Übersicht Zahlungen im April 2024 Empfänger PLZ Ort Zahlart Verwendungszweck Betrag AOK Baden-Württemberg 70025 Stuttgart Überweisung 89878877 1.842,60 AOK Bayern Die Gesundheitsk 81739 München Überweisung 89878877 1.125,65 AOK Hessen 61281 Bad Homburg Überweisung 89878877",MEDIUM
SI-390JS-5935-26-00769,UNCLEAR,Source row has insufficient semantic evidence for a resolution-action classification.,2024-05-08,2024-04,AOK,,,00_INBOX - Входящи - Eingang/Accounting/ihrelohnauswertungen(2)2/Lohnauswertungen.pdf,"Usti Nad Labem 27 1 09119 Chemnitz Übersicht Zahlungen im April 2024 Empfänger PLZ Ort Zahlart Verwendungszweck Betrag AOK Baden-Württemberg 70025 Stuttgart Überweisung 89878877 1.842,60 AOK Bayern Die Gesundheitsk 81739 München Überweisung 89878877 1.125,65 AOK Hessen 61281 Bad Homburg Überweisung 89878877",MEDIUM
SI-390JS-5935-26-00770,DUPLICATE,Same date/period/Krankenkasse/event/source already audited.,2024-05-08,2024-04,AOK,,,00_INBOX - Входящи - Eingang/Accounting_Organized/03_Employee_Payslips/Entgeltbescheinigungen 04-2024.pdf,"Usti Nad Labem 27 1 09119 Chemnitz Übersicht Zahlungen im April 2024 Empfänger PLZ Ort Zahlart Verwendungszweck Betrag AOK Baden-Württemberg 70025 Stuttgart Überweisung 89878877 1.842,60 AOK Bayern Die Gesundheitsk 81739 München Überweisung 89878877 1.125,65 AOK Hessen 61281 Bad Homburg Überweisung 89878877",MEDIUM
SI-390JS-5935-26-00771,UNCLEAR,Source row has insufficient semantic evidence for a resolution-action classification.,2024-05-08,2024-04,AOK,,,00_INBOX - Входящи - Eingang/Accounting_Organized/03_Employee_Payslips/Entgeltbescheinigungen 04-2024__copy2.pdf,"Usti Nad Labem 27 1 09119 Chemnitz Übersicht Zahlungen im April 2024 Empfänger PLZ Ort Zahlart Verwendungszweck Betrag AOK Baden-Württemberg 70025 Stuttgart Überweisung 89878877 1.842,60 AOK Bayern Die Gesundheitsk 81739 München Überweisung 89878877 1.125,65 AOK Hessen 61281 Bad Homburg Überweisung 89878877",MEDIUM
SI-390JS-5935-26-00772,UNCLEAR,Source row has insufficient semantic evidence for a resolution-action classification.,2024-05-08,2024-04,AOK,,,00_INBOX - Входящи - Eingang/Accounting_Organized/03_Employee_Payslips/Entgeltbescheinigungen 04-2024__copy3.pdf,"Usti Nad Labem 27 1 09119 Chemnitz Übersicht Zahlungen im April 2024 Empfänger PLZ Ort Zahlart Verwendungszweck Betrag AOK Baden-Württemberg 70025 Stuttgart Überweisung 89878877 1.842,60 AOK Bayern Die Gesundheitsk 81739 München Überweisung 89878877 1.125,65 AOK Hessen 61281 Bad Homburg Überweisung 89878877",MEDIUM
SI-390JS-5935-26-00773,UNCLEAR,Source row has insufficient semantic evidence for a resolution-action classification.,2024-05-08,2024-04,AOK,,,00_INBOX - Входящи - Eingang/Accounting_Organized/14_Duplicates/Lohnauswertungen__copy23.pdf,"Usti Nad Labem 27 1 09119 Chemnitz Übersicht Zahlungen im April 2024 Empfänger PLZ Ort Zahlart Verwendungszweck Betrag AOK Baden-Württemberg 70025 Stuttgart Überweisung 89878877 1.842,60 AOK Bayern Die Gesundheitsk 81739 München Überweisung 89878877 1.125,65 AOK Hessen 61281 Bad Homburg Überweisung 89878877",MEDIUM
SI-390JS-5935-26-00774,UNCLEAR,Source row has insufficient semantic evidence for a resolution-action classification.,2024-05-08,2024-04,AOK,,,00_INBOX - Входящи - Eingang/Accounting_Organized/14_Duplicates/Lohnauswertungen__copy41.pdf,"Usti Nad Labem 27 1 09119 Chemnitz Übersicht Zahlungen im April 2024 Empfänger PLZ Ort Zahlart Verwendungszweck Betrag AOK Baden-Württemberg 70025 Stuttgart Überweisung 89878877 1.842,60 AOK Bayern Die Gesundheitsk 81739 München Überweisung 89878877 1.125,65 AOK Hessen 61281 Bad Homburg Überweisung 89878877",MEDIUM
SI-390JS-5935-26-00775,UNCLEAR,Source row has insufficient semantic evidence for a resolution-action classification.,2024-05-08,2024-04,AOK,,,00_INBOX - Входящи - Eingang/Accounting_Organized/14_Duplicates/Lohnauswertungen__copy5.pdf,"Usti Nad Labem 27 1 09119 Chemnitz Übersicht Zahlungen im April 2024 Empfänger PLZ Ort Zahlart Verwendungszweck Betrag AOK Baden-Württemberg 70025 Stuttgart Überweisung 89878877 1.842,60 AOK Bayern Die Gesundheitsk 81739 München Überweisung 89878877 1.125,65 AOK Hessen 61281 Bad Homburg Überweisung 89878877",MEDIUM
SI-390JS-5935-26-00796,UNCLEAR,Source row has insufficient semantic evidence for a resolution-action classification.,2024-05-08,,AOK Hessen,,,00_INBOX - Входящи - Eingang/Accounting/awbonuses042024/10001_04-2024_DivAuswertungen_DivMitarbeiter_BZ1.pdf,eise zur Abrechnung Brutto-Bezüge Betrag Lohnart Bezeichnung Einheit Menge Faktor3 Prozentsatz St SV GB 4 4 5 Gesamt-Brutto Steuerrechtliche Abzüge Netto-Verdienst Betrag Auszahlungsbetrag SV-rechtliche Abzüge Steuer/Sozialversicherung Netto-Bezüge/Netto-Abzüge St Steuer-Brutto Lohnsteuer Kirchensteuer Solidaritätszuschlag St4 SV4 KV-Brutto RV-Brutto AV-Brutto PV-Brutto KV-Beitrag RV-Beitrag AV-Beitrag PV-Beitrag6 SV,MEDIUM
SI-390JS-5935-26-00797,DUPLICATE,Same date/period/Krankenkasse/event/source already audited.,2024-05-08,,AOK Hessen,,,00_INBOX - Входящи - Eingang/Accounting_Organized/02_Payroll/10001_04-2024_DivAuswertungen_DivMitarbeiter_BZ1.pdf,eise zur Abrechnung Brutto-Bezüge Betrag Lohnart Bezeichnung Einheit Menge Faktor3 Prozentsatz St SV GB 4 4 5 Gesamt-Brutto Steuerrechtliche Abzüge Netto-Verdienst Betrag Auszahlungsbetrag SV-rechtliche Abzüge Steuer/Sozialversicherung Netto-Bezüge/Netto-Abzüge St Steuer-Brutto Lohnsteuer Kirchensteuer Solidaritätszuschlag St4 SV4 KV-Brutto RV-Brutto AV-Brutto PV-Brutto KV-Beitrag RV-Beitrag AV-Beitrag PV-Beitrag6 SV,MEDIUM
SI-390JS-5935-26-00798,UNCLEAR,Source row has insufficient semantic evidence for a resolution-action classification.,2024-05-08,,AOK Hessen,,,00_INBOX - Входящи - Eingang/Accounting_Organized/02_Payroll/10001_04-2024_DivAuswertungen_DivMitarbeiter_BZ1__copy2.pdf,eise zur Abrechnung Brutto-Bezüge Betrag Lohnart Bezeichnung Einheit Menge Faktor3 Prozentsatz St SV GB 4 4 5 Gesamt-Brutto Steuerrechtliche Abzüge Netto-Verdienst Betrag Auszahlungsbetrag SV-rechtliche Abzüge Steuer/Sozialversicherung Netto-Bezüge/Netto-Abzüge St Steuer-Brutto Lohnsteuer Kirchensteuer Solidaritätszuschlag St4 SV4 KV-Brutto RV-Brutto AV-Brutto PV-Brutto KV-Beitrag RV-Beitrag AV-Beitrag PV-Beitrag6 SV,MEDIUM
SI-390JS-5935-26-00799,DUPLICATE,Same date/period/Krankenkasse/event/source already audited.,2024-05-08,,AOK Hessen,,,00_INBOX - Входящи - Eingang/Accounting_Organized/13_Unknown_To_Review/10001_04-2024_DivAuswertungen_DivMitarbeiter_BZ1.pdf,eise zur Abrechnung Brutto-Bezüge Betrag Lohnart Bezeichnung Einheit Menge Faktor3 Prozentsatz St SV GB 4 4 5 Gesamt-Brutto Steuerrechtliche Abzüge Netto-Verdienst Betrag Auszahlungsbetrag SV-rechtliche Abzüge Steuer/Sozialversicherung Netto-Bezüge/Netto-Abzüge St Steuer-Brutto Lohnsteuer Kirchensteuer Solidaritätszuschlag St4 SV4 KV-Brutto RV-Brutto AV-Brutto PV-Brutto KV-Beitrag RV-Beitrag AV-Beitrag PV-Beitrag6 SV,MEDIUM
SI-390JS-5935-26-00818,UNCLEAR,Source row has insufficient semantic evidence for a resolution-action classification.,2024-05-08,,BKK,,,00_INBOX - Входящи - Eingang/Accounting/awbonuses042024/10001_04-2024_DivAuswertungen_DivMitarbeiter_BZ1.pdf,eise zur Abrechnung Brutto-Bezüge Betrag Lohnart Bezeichnung Einheit Menge Faktor3 Prozentsatz St SV GB 4 4 5 Gesamt-Brutto Steuerrechtliche Abzüge Netto-Verdienst Betrag Auszahlungsbetrag SV-rechtliche Abzüge Steuer/Sozialversicherung Netto-Bezüge/Netto-Abzüge St Steuer-Brutto Lohnsteuer Kirchensteuer Solidaritätszuschlag St4 SV4 KV-Brutto RV-Brutto AV-Brutto PV-Brutto KV-Beitrag RV-Beitrag AV-Beitrag PV-Beitrag6 SV,MEDIUM
SI-390JS-5935-26-00819,DUPLICATE,Same date/period/Krankenkasse/event/source already audited.,2024-05-08,,BKK,,,00_INBOX - Входящи - Eingang/Accounting_Organized/02_Payroll/10001_04-2024_DivAuswertungen_DivMitarbeiter_BZ1.pdf,eise zur Abrechnung Brutto-Bezüge Betrag Lohnart Bezeichnung Einheit Menge Faktor3 Prozentsatz St SV GB 4 4 5 Gesamt-Brutto Steuerrechtliche Abzüge Netto-Verdienst Betrag Auszahlungsbetrag SV-rechtliche Abzüge Steuer/Sozialversicherung Netto-Bezüge/Netto-Abzüge St Steuer-Brutto Lohnsteuer Kirchensteuer Solidaritätszuschlag St4 SV4 KV-Brutto RV-Brutto AV-Brutto PV-Brutto KV-Beitrag RV-Beitrag AV-Beitrag PV-Beitrag6 SV,MEDIUM
SI-390JS-5935-26-00820,UNCLEAR,Source row has insufficient semantic evidence for a resolution-action classification.,2024-05-08,,BKK,,,00_INBOX - Входящи - Eingang/Accounting_Organized/02_Payroll/10001_04-2024_DivAuswertungen_DivMitarbeiter_BZ1__copy2.pdf,eise zur Abrechnung Brutto-Bezüge Betrag Lohnart Bezeichnung Einheit Menge Faktor3 Prozentsatz St SV GB 4 4 5 Gesamt-Brutto Steuerrechtliche Abzüge Netto-Verdienst Betrag Auszahlungsbetrag SV-rechtliche Abzüge Steuer/Sozialversicherung Netto-Bezüge/Netto-Abzüge St Steuer-Brutto Lohnsteuer Kirchensteuer Solidaritätszuschlag St4 SV4 KV-Brutto RV-Brutto AV-Brutto PV-Brutto KV-Beitrag RV-Beitrag AV-Beitrag PV-Beitrag6 SV,MEDIUM
SI-390JS-5935-26-00821,DUPLICATE,Same date/period/Krankenkasse/event/source already audited.,2024-05-08,,BKK,,,00_INBOX - Входящи - Eingang/Accounting_Organized/13_Unknown_To_Review/10001_04-2024_DivAuswertungen_DivMitarbeiter_BZ1.pdf,eise zur Abrechnung Brutto-Bezüge Betrag Lohnart Bezeichnung Einheit Menge Faktor3 Prozentsatz St SV GB 4 4 5 Gesamt-Brutto Steuerrechtliche Abzüge Netto-Verdienst Betrag Auszahlungsbetrag SV-rechtliche Abzüge Steuer/Sozialversicherung Netto-Bezüge/Netto-Abzüge St Steuer-Brutto Lohnsteuer Kirchensteuer Solidaritätszuschlag St4 SV4 KV-Brutto RV-Brutto AV-Brutto PV-Brutto KV-Beitrag RV-Beitrag AV-Beitrag PV-Beitrag6 SV,MEDIUM
SI-390JS-5935-26-00835,UNCLEAR,Source row has insufficient semantic evidence for a resolution-action classification.,2024-05-08,,KKH,,,00_INBOX - Входящи - Eingang/Accounting/awbonuses042024/10001_04-2024_DivAuswertungen_DivMitarbeiter_BZ1.pdf,eise zur Abrechnung Brutto-Bezüge Betrag Lohnart Bezeichnung Einheit Menge Faktor3 Prozentsatz St SV GB 4 4 5 Gesamt-Brutto Steuerrechtliche Abzüge Netto-Verdienst Betrag Auszahlungsbetrag SV-rechtliche Abzüge Steuer/Sozialversicherung Netto-Bezüge/Netto-Abzüge St Steuer-Brutto Lohnsteuer Kirchensteuer Solidaritätszuschlag St4 SV4 KV-Brutto RV-Brutto AV-Brutto PV-Brutto KV-Beitrag RV-Beitrag AV-Beitrag PV-Beitrag6 SV,MEDIUM
SI-390JS-5935-26-00836,DUPLICATE,Same date/period/Krankenkasse/event/source already audited.,2024-05-08,,KKH,,,00_INBOX - Входящи - Eingang/Accounting_Organized/02_Payroll/10001_04-2024_DivAuswertungen_DivMitarbeiter_BZ1.pdf,eise zur Abrechnung Brutto-Bezüge Betrag Lohnart Bezeichnung Einheit Menge Faktor3 Prozentsatz St SV GB 4 4 5 Gesamt-Brutto Steuerrechtliche Abzüge Netto-Verdienst Betrag Auszahlungsbetrag SV-rechtliche Abzüge Steuer/Sozialversicherung Netto-Bezüge/Netto-Abzüge St Steuer-Brutto Lohnsteuer Kirchensteuer Solidaritätszuschlag St4 SV4 KV-Brutto RV-Brutto AV-Brutto PV-Brutto KV-Beitrag RV-Beitrag AV-Beitrag PV-Beitrag6 SV,MEDIUM
SI-390JS-5935-26-00837,UNCLEAR,Source row has insufficient semantic evidence for a resolution-action classification.,2024-05-08,,KKH,,,00_INBOX - Входящи - Eingang/Accounting_Organized/02_Payroll/10001_04-2024_DivAuswertungen_DivMitarbeiter_BZ1__copy2.pdf,eise zur Abrechnung Brutto-Bezüge Betrag Lohnart Bezeichnung Einheit Menge Faktor3 Prozentsatz St SV GB 4 4 5 Gesamt-Brutto Steuerrechtliche Abzüge Netto-Verdienst Betrag Auszahlungsbetrag SV-rechtliche Abzüge Steuer/Sozialversicherung Netto-Bezüge/Netto-Abzüge St Steuer-Brutto Lohnsteuer Kirchensteuer Solidaritätszuschlag St4 SV4 KV-Brutto RV-Brutto AV-Brutto PV-Brutto KV-Beitrag RV-Beitrag AV-Beitrag PV-Beitrag6 SV,MEDIUM
SI-390JS-5935-26-00838,DUPLICATE,Same date/period/Krankenkasse/event/source already audited.,2024-05-08,,KKH,,,00_INBOX - Входящи - Eingang/Accounting_Organized/13_Unknown_To_Review/10001_04-2024_DivAuswertungen_DivMitarbeiter_BZ1.pdf,eise zur Abrechnung Brutto-Bezüge Betrag Lohnart Bezeichnung Einheit Menge Faktor3 Prozentsatz St SV GB 4 4 5 Gesamt-Brutto Steuerrechtliche Abzüge Netto-Verdienst Betrag Auszahlungsbetrag SV-rechtliche Abzüge Steuer/Sozialversicherung Netto-Bezüge/Netto-Abzüge St Steuer-Brutto Lohnsteuer Kirchensteuer Solidaritätszuschlag St4 SV4 KV-Brutto RV-Brutto AV-Brutto PV-Brutto KV-Beitrag RV-Beitrag AV-Beitrag PV-Beitrag6 SV,MEDIUM
SI-390JS-5935-26-00860,UNCLEAR,Source row has insufficient semantic evidence for a resolution-action classification.,2024-05-30,2024-05,AOK,,,"00_INBOX - Входящи - Eingang/Accounting/accountings042024/42108 - Rechnung 240498_2024 vom 30.05.2024, Aufträge 21_24, 31_24, 32_24, 33_24, 34_24, Mandant 42303.pdf","ichtung von Lohnkonten und Aufnahme der Stammdaten 25,00 EUR AN April/2024 1 15,00 EUR Abmeldung eines Arbeitnehmers nach § 25 DEÜV 15,00 EUR AN April/2024 2 15,00 EUR Pfändungen Garnishment 30,00 EUR AN April/2024 1 25,00 EUR Arbeitsbescheinigung nach §312 SGB III (Bogdanov) 25,00 EUR AN April/2024 Seite 1 Übertrag 1.469,20 EUR [[page 2]] Mandantennummer: 42303 Rechnungsnummer: 240498 Rechnungsjahr: 2024 Übertrag 1.",MEDIUM
SI-390JS-5935-26-00861,DUPLICATE,Same date/period/Krankenkasse/event/source already audited.,2024-05-30,2024-05,AOK,,,"00_INBOX - Входящи - Eingang/Accounting_Organized/01_Accountant_Emails/42108 - Rechnung 240498_2024 vom 30.05.2024, Aufträge 21_24, 31_24, 32_24, 33_24, 34_24, Mandant 42303.pdf","ichtung von Lohnkonten und Aufnahme der Stammdaten 25,00 EUR AN April/2024 1 15,00 EUR Abmeldung eines Arbeitnehmers nach § 25 DEÜV 15,00 EUR AN April/2024 2 15,00 EUR Pfändungen Garnishment 30,00 EUR AN April/2024 1 25,00 EUR Arbeitsbescheinigung nach §312 SGB III (Bogdanov) 25,00 EUR AN April/2024 Seite 1 Übertrag 1.469,20 EUR [[page 2]] Mandantennummer: 42303 Rechnungsnummer: 240498 Rechnungsjahr: 2024 Übertrag 1.",MEDIUM
SI-390JS-5935-26-00862,DUPLICATE,Same date/period/Krankenkasse/event/source already audited.,2024-05-30,2024-05,AOK,,,"00_INBOX - Входящи - Eingang/Accounting_Organized/08_Operating_Costs/42108 - Rechnung 240498_2024 vom 30.05.2024, Aufträge 21_24, 31_24, 32_24, 33_24, 34_24, Mandant 42303.pdf","ichtung von Lohnkonten und Aufnahme der Stammdaten 25,00 EUR AN April/2024 1 15,00 EUR Abmeldung eines Arbeitnehmers nach § 25 DEÜV 15,00 EUR AN April/2024 2 15,00 EUR Pfändungen Garnishment 30,00 EUR AN April/2024 1 25,00 EUR Arbeitsbescheinigung nach §312 SGB III (Bogdanov) 25,00 EUR AN April/2024 Seite 1 Übertrag 1.469,20 EUR [[page 2]] Mandantennummer: 42303 Rechnungsnummer: 240498 Rechnungsjahr: 2024 Übertrag 1.",MEDIUM
SI-390JS-5935-26-00863,UNCLEAR,Source row has insufficient semantic evidence for a resolution-action classification.,2024-05-30,2024-05,AOK,,,"00_INBOX - Входящи - Eingang/Accounting_Organized/08_Operating_Costs/42108 - Rechnung 240498_2024 vom 30.05.2024, Aufträge 21_24, 31_24, 32_24, 33_24, 34_24, Mandant 42303__copy2.pdf","ichtung von Lohnkonten und Aufnahme der Stammdaten 25,00 EUR AN April/2024 1 15,00 EUR Abmeldung eines Arbeitnehmers nach § 25 DEÜV 15,00 EUR AN April/2024 2 15,00 EUR Pfändungen Garnishment 30,00 EUR AN April/2024 1 25,00 EUR Arbeitsbescheinigung nach §312 SGB III (Bogdanov) 25,00 EUR AN April/2024 Seite 1 Übertrag 1.469,20 EUR [[page 2]] Mandantennummer: 42303 Rechnungsnummer: 240498 Rechnungsjahr: 2024 Übertrag 1.",MEDIUM
SI-390JS-5935-26-00873,UNCLEAR,Source row has insufficient semantic evidence for a resolution-action classification.,2024-06-10,,AOK Hessen,,,00_INBOX - Входящи - Eingang/Accounting/10001_05-2024_DivAuswertungen_DivMitarbeiter_EZ1.pdf,eise zur Abrechnung Brutto-Bezüge Betrag Lohnart Bezeichnung Einheit Menge Faktor3 Prozentsatz St SV GB 4 4 5 Gesamt-Brutto Steuerrechtliche Abzüge Netto-Verdienst Betrag Auszahlungsbetrag SV-rechtliche Abzüge Steuer/Sozialversicherung Netto-Bezüge/Netto-Abzüge St Steuer-Brutto Lohnsteuer Kirchensteuer Solidaritätszuschlag St4 SV4 KV-Brutto RV-Brutto AV-Brutto PV-Brutto KV-Beitrag RV-Beitrag AV-Beitrag PV-Beitrag6 SV,MEDIUM
SI-390JS-5935-26-00874,DUPLICATE,Same date/period/Krankenkasse/event/source already audited.,2024-06-10,,AOK Hessen,,,00_INBOX - Входящи - Eingang/Accounting_Organized/02_Payroll/10001_05-2024_DivAuswertungen_DivMitarbeiter_EZ1.pdf,eise zur Abrechnung Brutto-Bezüge Betrag Lohnart Bezeichnung Einheit Menge Faktor3 Prozentsatz St SV GB 4 4 5 Gesamt-Brutto Steuerrechtliche Abzüge Netto-Verdienst Betrag Auszahlungsbetrag SV-rechtliche Abzüge Steuer/Sozialversicherung Netto-Bezüge/Netto-Abzüge St Steuer-Brutto Lohnsteuer Kirchensteuer Solidaritätszuschlag St4 SV4 KV-Brutto RV-Brutto AV-Brutto PV-Brutto KV-Beitrag RV-Beitrag AV-Beitrag PV-Beitrag6 SV,MEDIUM
SI-390JS-5935-26-00875,UNCLEAR,Source row has insufficient semantic evidence for a resolution-action classification.,2024-06-10,,AOK Hessen,,,00_INBOX - Входящи - Eingang/Accounting_Organized/02_Payroll/10001_05-2024_DivAuswertungen_DivMitarbeiter_EZ1__copy2.pdf,eise zur Abrechnung Brutto-Bezüge Betrag Lohnart Bezeichnung Einheit Menge Faktor3 Prozentsatz St SV GB 4 4 5 Gesamt-Brutto Steuerrechtliche Abzüge Netto-Verdienst Betrag Auszahlungsbetrag SV-rechtliche Abzüge Steuer/Sozialversicherung Netto-Bezüge/Netto-Abzüge St Steuer-Brutto Lohnsteuer Kirchensteuer Solidaritätszuschlag St4 SV4 KV-Brutto RV-Brutto AV-Brutto PV-Brutto KV-Beitrag RV-Beitrag AV-Beitrag PV-Beitrag6 SV,MEDIUM
SI-390JS-5935-26-00876,DUPLICATE,Same date/period/Krankenkasse/event/source already audited.,2024-06-10,,AOK Hessen,,,00_INBOX - Входящи - Eingang/Accounting_Organized/13_Unknown_To_Review/10001_05-2024_DivAuswertungen_DivMitarbeiter_EZ1.pdf,eise zur Abrechnung Brutto-Bezüge Betrag Lohnart Bezeichnung Einheit Menge Faktor3 Prozentsatz St SV GB 4 4 5 Gesamt-Brutto Steuerrechtliche Abzüge Netto-Verdienst Betrag Auszahlungsbetrag SV-rechtliche Abzüge Steuer/Sozialversicherung Netto-Bezüge/Netto-Abzüge St Steuer-Brutto Lohnsteuer Kirchensteuer Solidaritätszuschlag St4 SV4 KV-Brutto RV-Brutto AV-Brutto PV-Brutto KV-Beitrag RV-Beitrag AV-Beitrag PV-Beitrag6 SV,MEDIUM
SI-390JS-5935-26-00877,UNCLEAR,Source row has insufficient semantic evidence for a resolution-action classification.,2024-06-10,,BKK,,,00_INBOX - Входящи - Eingang/Accounting/10001_05-2024_DivAuswertungen_DivMitarbeiter_EZ1.pdf,eise zur Abrechnung Brutto-Bezüge Betrag Lohnart Bezeichnung Einheit Menge Faktor3 Prozentsatz St SV GB 4 4 5 Gesamt-Brutto Steuerrechtliche Abzüge Netto-Verdienst Betrag Auszahlungsbetrag SV-rechtliche Abzüge Steuer/Sozialversicherung Netto-Bezüge/Netto-Abzüge St Steuer-Brutto Lohnsteuer Kirchensteuer Solidaritätszuschlag St4 SV4 KV-Brutto RV-Brutto AV-Brutto PV-Brutto KV-Beitrag RV-Beitrag AV-Beitrag PV-Beitrag6 SV,MEDIUM
SI-390JS-5935-26-00878,DUPLICATE,Same date/period/Krankenkasse/event/source already audited.,2024-06-10,,BKK,,,00_INBOX - Входящи - Eingang/Accounting_Organized/02_Payroll/10001_05-2024_DivAuswertungen_DivMitarbeiter_EZ1.pdf,eise zur Abrechnung Brutto-Bezüge Betrag Lohnart Bezeichnung Einheit Menge Faktor3 Prozentsatz St SV GB 4 4 5 Gesamt-Brutto Steuerrechtliche Abzüge Netto-Verdienst Betrag Auszahlungsbetrag SV-rechtliche Abzüge Steuer/Sozialversicherung Netto-Bezüge/Netto-Abzüge St Steuer-Brutto Lohnsteuer Kirchensteuer Solidaritätszuschlag St4 SV4 KV-Brutto RV-Brutto AV-Brutto PV-Brutto KV-Beitrag RV-Beitrag AV-Beitrag PV-Beitrag6 SV,MEDIUM
SI-390JS-5935-26-00879,UNCLEAR,Source row has insufficient semantic evidence for a resolution-action classification.,2024-06-10,,BKK,,,00_INBOX - Входящи - Eingang/Accounting_Organized/02_Payroll/10001_05-2024_DivAuswertungen_DivMitarbeiter_EZ1__copy2.pdf,eise zur Abrechnung Brutto-Bezüge Betrag Lohnart Bezeichnung Einheit Menge Faktor3 Prozentsatz St SV GB 4 4 5 Gesamt-Brutto Steuerrechtliche Abzüge Netto-Verdienst Betrag Auszahlungsbetrag SV-rechtliche Abzüge Steuer/Sozialversicherung Netto-Bezüge/Netto-Abzüge St Steuer-Brutto Lohnsteuer Kirchensteuer Solidaritätszuschlag St4 SV4 KV-Brutto RV-Brutto AV-Brutto PV-Brutto KV-Beitrag RV-Beitrag AV-Beitrag PV-Beitrag6 SV,MEDIUM
SI-390JS-5935-26-00880,DUPLICATE,Same date/period/Krankenkasse/event/source already audited.,2024-06-10,,BKK,,,00_INBOX - Входящи - Eingang/Accounting_Organized/13_Unknown_To_Review/10001_05-2024_DivAuswertungen_DivMitarbeiter_EZ1.pdf,eise zur Abrechnung Brutto-Bezüge Betrag Lohnart Bezeichnung Einheit Menge Faktor3 Prozentsatz St SV GB 4 4 5 Gesamt-Brutto Steuerrechtliche Abzüge Netto-Verdienst Betrag Auszahlungsbetrag SV-rechtliche Abzüge Steuer/Sozialversicherung Netto-Bezüge/Netto-Abzüge St Steuer-Brutto Lohnsteuer Kirchensteuer Solidaritätszuschlag St4 SV4 KV-Brutto RV-Brutto AV-Brutto PV-Brutto KV-Beitrag RV-Beitrag AV-Beitrag PV-Beitrag6 SV,MEDIUM
SI-390JS-5935-26-00881,UNCLEAR,Source row has insufficient semantic evidence for a resolution-action classification.,2024-06-10,,KKH,,,00_INBOX - Входящи - Eingang/Accounting/10001_05-2024_DivAuswertungen_DivMitarbeiter_EZ1.pdf,eise zur Abrechnung Brutto-Bezüge Betrag Lohnart Bezeichnung Einheit Menge Faktor3 Prozentsatz St SV GB 4 4 5 Gesamt-Brutto Steuerrechtliche Abzüge Netto-Verdienst Betrag Auszahlungsbetrag SV-rechtliche Abzüge Steuer/Sozialversicherung Netto-Bezüge/Netto-Abzüge St Steuer-Brutto Lohnsteuer Kirchensteuer Solidaritätszuschlag St4 SV4 KV-Brutto RV-Brutto AV-Brutto PV-Brutto KV-Beitrag RV-Beitrag AV-Beitrag PV-Beitrag6 SV,MEDIUM
SI-390JS-5935-26-00882,DUPLICATE,Same date/period/Krankenkasse/event/source already audited.,2024-06-10,,KKH,,,00_INBOX - Входящи - Eingang/Accounting_Organized/02_Payroll/10001_05-2024_DivAuswertungen_DivMitarbeiter_EZ1.pdf,eise zur Abrechnung Brutto-Bezüge Betrag Lohnart Bezeichnung Einheit Menge Faktor3 Prozentsatz St SV GB 4 4 5 Gesamt-Brutto Steuerrechtliche Abzüge Netto-Verdienst Betrag Auszahlungsbetrag SV-rechtliche Abzüge Steuer/Sozialversicherung Netto-Bezüge/Netto-Abzüge St Steuer-Brutto Lohnsteuer Kirchensteuer Solidaritätszuschlag St4 SV4 KV-Brutto RV-Brutto AV-Brutto PV-Brutto KV-Beitrag RV-Beitrag AV-Beitrag PV-Beitrag6 SV,MEDIUM
SI-390JS-5935-26-00883,UNCLEAR,Source row has insufficient semantic evidence for a resolution-action classification.,2024-06-10,,KKH,,,00_INBOX - Входящи - Eingang/Accounting_Organized/02_Payroll/10001_05-2024_DivAuswertungen_DivMitarbeiter_EZ1__copy2.pdf,eise zur Abrechnung Brutto-Bezüge Betrag Lohnart Bezeichnung Einheit Menge Faktor3 Prozentsatz St SV GB 4 4 5 Gesamt-Brutto Steuerrechtliche Abzüge Netto-Verdienst Betrag Auszahlungsbetrag SV-rechtliche Abzüge Steuer/Sozialversicherung Netto-Bezüge/Netto-Abzüge St Steuer-Brutto Lohnsteuer Kirchensteuer Solidaritätszuschlag St4 SV4 KV-Brutto RV-Brutto AV-Brutto PV-Brutto KV-Beitrag RV-Beitrag AV-Beitrag PV-Beitrag6 SV,MEDIUM
SI-390JS-5935-26-00884,DUPLICATE,Same date/period/Krankenkasse/event/source already audited.,2024-06-10,,KKH,,,00_INBOX - Входящи - Eingang/Accounting_Organized/13_Unknown_To_Review/10001_05-2024_DivAuswertungen_DivMitarbeiter_EZ1.pdf,eise zur Abrechnung Brutto-Bezüge Betrag Lohnart Bezeichnung Einheit Menge Faktor3 Prozentsatz St SV GB 4 4 5 Gesamt-Brutto Steuerrechtliche Abzüge Netto-Verdienst Betrag Auszahlungsbetrag SV-rechtliche Abzüge Steuer/Sozialversicherung Netto-Bezüge/Netto-Abzüge St Steuer-Brutto Lohnsteuer Kirchensteuer Solidaritätszuschlag St4 SV4 KV-Brutto RV-Brutto AV-Brutto PV-Brutto KV-Beitrag RV-Beitrag AV-Beitrag PV-Beitrag6 SV,MEDIUM
SI-390JS-5935-26-00889,UNCLEAR,Source row has insufficient semantic evidence for a resolution-action classification.,2024-06-12,2024-05,AOK,,,00_INBOX - Входящи - Eingang/Accounting/2024/Entgeltbescheinigungen 05-2024.pdf,"Usti Nad Labem 27 1 09119 Chemnitz Übersicht Zahlungen im Mai 2024 Empfänger PLZ Ort Zahlart Verwendungszweck Betrag AOK Baden-Württemberg 70025 Stuttgart Überweisung 89878877 1.973,75 AOK Bayern Die Gesundheitsk 81739 München Überweisung 89878877 1.125,65 AOK Hessen 61281 Bad Homburg Überweisung 89878877",MEDIUM
SI-390JS-5935-26-00890,UNCLEAR,Source row has insufficient semantic evidence for a resolution-action classification.,2024-06-12,2024-05,AOK,,,00_INBOX - Входящи - Eingang/Accounting/ihrelohnauswertungen(2)/Lohnauswertungen.pdf,"Usti Nad Labem 27 1 09119 Chemnitz Übersicht Zahlungen im Mai 2024 Empfänger PLZ Ort Zahlart Verwendungszweck Betrag AOK Baden-Württemberg 70025 Stuttgart Überweisung 89878877 1.973,75 AOK Bayern Die Gesundheitsk 81739 München Überweisung 89878877 1.125,65 AOK Hessen 61281 Bad Homburg Überweisung 89878877",MEDIUM
SI-390JS-5935-26-00891,DUPLICATE,Same date/period/Krankenkasse/event/source already audited.,2024-06-12,2024-05,AOK,,,00_INBOX - Входящи - Eingang/Accounting_Organized/03_Employee_Payslips/Entgeltbescheinigungen 05-2024.pdf,"Usti Nad Labem 27 1 09119 Chemnitz Übersicht Zahlungen im Mai 2024 Empfänger PLZ Ort Zahlart Verwendungszweck Betrag AOK Baden-Württemberg 70025 Stuttgart Überweisung 89878877 1.973,75 AOK Bayern Die Gesundheitsk 81739 München Überweisung 89878877 1.125,65 AOK Hessen 61281 Bad Homburg Überweisung 89878877",MEDIUM
SI-390JS-5935-26-00892,UNCLEAR,Source row has insufficient semantic evidence for a resolution-action classification.,2024-06-12,2024-05,AOK,,,00_INBOX - Входящи - Eingang/Accounting_Organized/03_Employee_Payslips/Entgeltbescheinigungen 05-2024__copy2.pdf,"Usti Nad Labem 27 1 09119 Chemnitz Übersicht Zahlungen im Mai 2024 Empfänger PLZ Ort Zahlart Verwendungszweck Betrag AOK Baden-Württemberg 70025 Stuttgart Überweisung 89878877 1.973,75 AOK Bayern Die Gesundheitsk 81739 München Überweisung 89878877 1.125,65 AOK Hessen 61281 Bad Homburg Überweisung 89878877",MEDIUM
SI-390JS-5935-26-00893,UNCLEAR,Source row has insufficient semantic evidence for a resolution-action classification.,2024-06-12,2024-05,AOK,,,00_INBOX - Входящи - Eingang/Accounting_Organized/03_Employee_Payslips/Entgeltbescheinigungen 05-2024__copy3.pdf,"Usti Nad Labem 27 1 09119 Chemnitz Übersicht Zahlungen im Mai 2024 Empfänger PLZ Ort Zahlart Verwendungszweck Betrag AOK Baden-Württemberg 70025 Stuttgart Überweisung 89878877 1.973,75 AOK Bayern Die Gesundheitsk 81739 München Überweisung 89878877 1.125,65 AOK Hessen 61281 Bad Homburg Überweisung 89878877",MEDIUM
SI-390JS-5935-26-00894,UNCLEAR,Source row has insufficient semantic evidence for a resolution-action classification.,2024-06-12,2024-05,AOK,,,00_INBOX - Входящи - Eingang/Accounting_Organized/14_Duplicates/Lohnauswertungen__copy22.pdf,"Usti Nad Labem 27 1 09119 Chemnitz Übersicht Zahlungen im Mai 2024 Empfänger PLZ Ort Zahlart Verwendungszweck Betrag AOK Baden-Württemberg 70025 Stuttgart Überweisung 89878877 1.973,75 AOK Bayern Die Gesundheitsk 81739 München Überweisung 89878877 1.125,65 AOK Hessen 61281 Bad Homburg Überweisung 89878877",MEDIUM
SI-390JS-5935-26-00895,UNCLEAR,Source row has insufficient semantic evidence for a resolution-action classification.,2024-06-12,2024-05,AOK,,,00_INBOX - Входящи - Eingang/Accounting_Organized/14_Duplicates/Lohnauswertungen__copy4.pdf,"Usti Nad Labem 27 1 09119 Chemnitz Übersicht Zahlungen im Mai 2024 Empfänger PLZ Ort Zahlart Verwendungszweck Betrag AOK Baden-Württemberg 70025 Stuttgart Überweisung 89878877 1.973,75 AOK Bayern Die Gesundheitsk 81739 München Überweisung 89878877 1.125,65 AOK Hessen 61281 Bad Homburg Überweisung 89878877",MEDIUM
SI-390JS-5935-26-00896,UNCLEAR,Source row has insufficient semantic evidence for a resolution-action classification.,2024-06-12,2024-05,AOK,,,00_INBOX - Входящи - Eingang/Accounting_Organized/14_Duplicates/Lohnauswertungen__copy40.pdf,"Usti Nad Labem 27 1 09119 Chemnitz Übersicht Zahlungen im Mai 2024 Empfänger PLZ Ort Zahlart Verwendungszweck Betrag AOK Baden-Württemberg 70025 Stuttgart Überweisung 89878877 1.973,75 AOK Bayern Die Gesundheitsk 81739 München Überweisung 89878877 1.125,65 AOK Hessen 61281 Bad Homburg Überweisung 89878877",MEDIUM
SI-390JS-5935-26-00925,UNCLEAR,Source row has insufficient semantic evidence for a resolution-action classification.,2024-06-29,2024-06,AOK,,,"00_INBOX - Входящи - Eingang/Accounting/42585 - Rechnung 240587_2024 vom 29.06.2024, Aufträge 31_24, 33_23, 33_24, 34_24, Mandant 42303-1.pdf","Einrichtung von Lohnkonten und Aufnahme der Stammdaten 50,00 EUR AN Mai/2024 2 15,00 EUR Abmeldung eines Arbeitnehmers nach § 25 DEÜV 30,00 EUR AN Mai/2024 2 15,00 EUR Pfändungen Garnishment 30,00 EUR AN Mai/2024 Seite 1 Übertrag 1.460,20 EUR [[page 2]] Mandantennummer: 42303 Rechnungsnummer: 240587 Rechnungsjahr: 2024 Übertrag 1.460,20 EUR Bezeichnung §, Abs., Nr. Zeitraum Gegenstandswert Satz Betrag Tab. § 16 StBVV",MEDIUM
SI-390JS-5935-26-00926,UNCLEAR,Source row has insufficient semantic evidence for a resolution-action classification.,2024-06-29,2024-06,AOK,,,"00_INBOX - Входящи - Eingang/Accounting/42585 - Rechnung 240587_2024 vom 29.06.2024, Aufträge 31_24, 33_23, 33_24, 34_24, Mandant 42303.pdf","Einrichtung von Lohnkonten und Aufnahme der Stammdaten 50,00 EUR AN Mai/2024 2 15,00 EUR Abmeldung eines Arbeitnehmers nach § 25 DEÜV 30,00 EUR AN Mai/2024 2 15,00 EUR Pfändungen Garnishment 30,00 EUR AN Mai/2024 Seite 1 Übertrag 1.460,20 EUR [[page 2]] Mandantennummer: 42303 Rechnungsnummer: 240587 Rechnungsjahr: 2024 Übertrag 1.460,20 EUR Bezeichnung §, Abs., Nr. Zeitraum Gegenstandswert Satz Betrag Tab. § 16 StBVV",MEDIUM
SI-390JS-5935-26-00927,DUPLICATE,Same date/period/Krankenkasse/event/source already audited.,2024-06-29,2024-06,AOK,,,"00_INBOX - Входящи - Eingang/Accounting/accountings052024/42585 - Rechnung 240587_2024 vom 29.06.2024, Aufträge 31_24, 33_23, 33_24, 34_24, Mandant 42303.pdf","Einrichtung von Lohnkonten und Aufnahme der Stammdaten 50,00 EUR AN Mai/2024 2 15,00 EUR Abmeldung eines Arbeitnehmers nach § 25 DEÜV 30,00 EUR AN Mai/2024 2 15,00 EUR Pfändungen Garnishment 30,00 EUR AN Mai/2024 Seite 1 Übertrag 1.460,20 EUR [[page 2]] Mandantennummer: 42303 Rechnungsnummer: 240587 Rechnungsjahr: 2024 Übertrag 1.460,20 EUR Bezeichnung §, Abs., Nr. Zeitraum Gegenstandswert Satz Betrag Tab. § 16 StBVV",MEDIUM
SI-390JS-5935-26-00928,DUPLICATE,Same date/period/Krankenkasse/event/source already audited.,2024-06-29,2024-06,AOK,,,"00_INBOX - Входящи - Eingang/Accounting_Organized/01_Accountant_Emails/42585 - Rechnung 240587_2024 vom 29.06.2024, Aufträge 31_24, 33_23, 33_24, 34_24, Mandant 42303-1.pdf","Einrichtung von Lohnkonten und Aufnahme der Stammdaten 50,00 EUR AN Mai/2024 2 15,00 EUR Abmeldung eines Arbeitnehmers nach § 25 DEÜV 30,00 EUR AN Mai/2024 2 15,00 EUR Pfändungen Garnishment 30,00 EUR AN Mai/2024 Seite 1 Übertrag 1.460,20 EUR [[page 2]] Mandantennummer: 42303 Rechnungsnummer: 240587 Rechnungsjahr: 2024 Übertrag 1.460,20 EUR Bezeichnung §, Abs., Nr. Zeitraum Gegenstandswert Satz Betrag Tab. § 16 StBVV",MEDIUM
SI-390JS-5935-26-00929,DUPLICATE,Same date/period/Krankenkasse/event/source already audited.,2024-06-29,2024-06,AOK,,,"00_INBOX - Входящи - Eingang/Accounting_Organized/08_Operating_Costs/42585 - Rechnung 240587_2024 vom 29.06.2024, Aufträge 31_24, 33_23, 33_24, 34_24, Mandant 42303-1.pdf","Einrichtung von Lohnkonten und Aufnahme der Stammdaten 50,00 EUR AN Mai/2024 2 15,00 EUR Abmeldung eines Arbeitnehmers nach § 25 DEÜV 30,00 EUR AN Mai/2024 2 15,00 EUR Pfändungen Garnishment 30,00 EUR AN Mai/2024 Seite 1 Übertrag 1.460,20 EUR [[page 2]] Mandantennummer: 42303 Rechnungsnummer: 240587 Rechnungsjahr: 2024 Übertrag 1.460,20 EUR Bezeichnung §, Abs., Nr. Zeitraum Gegenstandswert Satz Betrag Tab. § 16 StBVV",MEDIUM
SI-390JS-5935-26-00930,UNCLEAR,Source row has insufficient semantic evidence for a resolution-action classification.,2024-06-29,2024-06,AOK,,,"00_INBOX - Входящи - Eingang/Accounting_Organized/08_Operating_Costs/42585 - Rechnung 240587_2024 vom 29.06.2024, Aufträge 31_24, 33_23, 33_24, 34_24, Mandant 42303-1__copy2.pdf","Einrichtung von Lohnkonten und Aufnahme der Stammdaten 50,00 EUR AN Mai/2024 2 15,00 EUR Abmeldung eines Arbeitnehmers nach § 25 DEÜV 30,00 EUR AN Mai/2024 2 15,00 EUR Pfändungen Garnishment 30,00 EUR AN Mai/2024 Seite 1 Übertrag 1.460,20 EUR [[page 2]] Mandantennummer: 42303 Rechnungsnummer: 240587 Rechnungsjahr: 2024 Übertrag 1.460,20 EUR Bezeichnung §, Abs., Nr. Zeitraum Gegenstandswert Satz Betrag Tab. § 16 StBVV",MEDIUM
SI-390JS-5935-26-00931,DUPLICATE,Same date/period/Krankenkasse/event/source already audited.,2024-06-29,2024-06,AOK,,,"00_INBOX - Входящи - Eingang/Accounting_Organized/14_Duplicates/42585 - Rechnung 240587_2024 vom 29.06.2024, Aufträge 31_24, 33_23, 33_24, 34_24, Mandant 42303.pdf","Einrichtung von Lohnkonten und Aufnahme der Stammdaten 50,00 EUR AN Mai/2024 2 15,00 EUR Abmeldung eines Arbeitnehmers nach § 25 DEÜV 30,00 EUR AN Mai/2024 2 15,00 EUR Pfändungen Garnishment 30,00 EUR AN Mai/2024 Seite 1 Übertrag 1.460,20 EUR [[page 2]] Mandantennummer: 42303 Rechnungsnummer: 240587 Rechnungsjahr: 2024 Übertrag 1.460,20 EUR Bezeichnung §, Abs., Nr. Zeitraum Gegenstandswert Satz Betrag Tab. § 16 StBVV",MEDIUM
SI-390JS-5935-26-00932,UNCLEAR,Source row has insufficient semantic evidence for a resolution-action classification.,2024-06-29,2024-06,AOK,,,"00_INBOX - Входящи - Eingang/Accounting_Organized/14_Duplicates/42585 - Rechnung 240587_2024 vom 29.06.2024, Aufträge 31_24, 33_23, 33_24, 34_24, Mandant 42303__copy2.pdf","Einrichtung von Lohnkonten und Aufnahme der Stammdaten 50,00 EUR AN Mai/2024 2 15,00 EUR Abmeldung eines Arbeitnehmers nach § 25 DEÜV 30,00 EUR AN Mai/2024 2 15,00 EUR Pfändungen Garnishment 30,00 EUR AN Mai/2024 Seite 1 Übertrag 1.460,20 EUR [[page 2]] Mandantennummer: 42303 Rechnungsnummer: 240587 Rechnungsjahr: 2024 Übertrag 1.460,20 EUR Bezeichnung §, Abs., Nr. Zeitraum Gegenstandswert Satz Betrag Tab. § 16 StBVV",MEDIUM
SI-390JS-5935-26-00933,UNCLEAR,Source row has insufficient semantic evidence for a resolution-action classification.,2024-06-29,2024-06,AOK,,,"00_INBOX - Входящи - Eingang/Accounting_Organized/14_Duplicates/42585 - Rechnung 240587_2024 vom 29.06.2024, Aufträge 31_24, 33_23, 33_24, 34_24, Mandant 42303__copy3.pdf","Einrichtung von Lohnkonten und Aufnahme der Stammdaten 50,00 EUR AN Mai/2024 2 15,00 EUR Abmeldung eines Arbeitnehmers nach § 25 DEÜV 30,00 EUR AN Mai/2024 2 15,00 EUR Pfändungen Garnishment 30,00 EUR AN Mai/2024 Seite 1 Übertrag 1.460,20 EUR [[page 2]] Mandantennummer: 42303 Rechnungsnummer: 240587 Rechnungsjahr: 2024 Übertrag 1.460,20 EUR Bezeichnung §, Abs., Nr. Zeitraum Gegenstandswert Satz Betrag Tab. § 16 StBVV",MEDIUM
SI-390JS-5935-26-00934,UNCLEAR,Source row has insufficient semantic evidence for a resolution-action classification.,2024-06-29,2024-06,AOK,,,"00_INBOX - Входящи - Eingang/Accounting_Organized/14_Duplicates/42585 - Rechnung 240587_2024 vom 29.06.2024, Aufträge 31_24, 33_23, 33_24, 34_24, Mandant 42303__copy4.pdf","Einrichtung von Lohnkonten und Aufnahme der Stammdaten 50,00 EUR AN Mai/2024 2 15,00 EUR Abmeldung eines Arbeitnehmers nach § 25 DEÜV 30,00 EUR AN Mai/2024 2 15,00 EUR Pfändungen Garnishment 30,00 EUR AN Mai/2024 Seite 1 Übertrag 1.460,20 EUR [[page 2]] Mandantennummer: 42303 Rechnungsnummer: 240587 Rechnungsjahr: 2024 Übertrag 1.460,20 EUR Bezeichnung §, Abs., Nr. Zeitraum Gegenstandswert Satz Betrag Tab. § 16 StBVV",MEDIUM
SI-390JS-5935-26-00935,UNCLEAR,Source row has insufficient semantic evidence for a resolution-action classification.,2024-06-29,2024-06,AOK,,,"00_INBOX - Входящи - Eingang/Accounting_Organized/14_Duplicates/42585 - Rechnung 240587_2024 vom 29.06.2024, Aufträge 31_24, 33_23, 33_24, 34_24, Mandant 42303__copy5.pdf","Einrichtung von Lohnkonten und Aufnahme der Stammdaten 50,00 EUR AN Mai/2024 2 15,00 EUR Abmeldung eines Arbeitnehmers nach § 25 DEÜV 30,00 EUR AN Mai/2024 2 15,00 EUR Pfändungen Garnishment 30,00 EUR AN Mai/2024 Seite 1 Übertrag 1.460,20 EUR [[page 2]] Mandantennummer: 42303 Rechnungsnummer: 240587 Rechnungsjahr: 2024 Übertrag 1.460,20 EUR Bezeichnung §, Abs., Nr. Zeitraum Gegenstandswert Satz Betrag Tab. § 16 StBVV",MEDIUM
SI-390JS-5935-26-00936,UNCLEAR,Source row has insufficient semantic evidence for a resolution-action classification.,2024-06-29,2024-06,AOK,,,"00_INBOX - Входящи - Eingang/Accounting_Organized/14_Duplicates/42585 - Rechnung 240587_2024 vom 29.06.2024, Aufträge 31_24, 33_23, 33_24, 34_24, Mandant 42303__copy6.pdf","Einrichtung von Lohnkonten und Aufnahme der Stammdaten 50,00 EUR AN Mai/2024 2 15,00 EUR Abmeldung eines Arbeitnehmers nach § 25 DEÜV 30,00 EUR AN Mai/2024 2 15,00 EUR Pfändungen Garnishment 30,00 EUR AN Mai/2024 Seite 1 Übertrag 1.460,20 EUR [[page 2]] Mandantennummer: 42303 Rechnungsnummer: 240587 Rechnungsjahr: 2024 Übertrag 1.460,20 EUR Bezeichnung §, Abs., Nr. Zeitraum Gegenstandswert Satz Betrag Tab. § 16 StBVV",MEDIUM
SI-390JS-5935-26-00951,UNCLEAR,Source row has insufficient semantic evidence for a resolution-action classification.,2024-07-12,2024-06,AOK,,,00_INBOX - Входящи - Eingang/Accounting/2024/Entgeltbescheinigungen 06-2024.pdf,"Usti Nad Labem 27 1 09119 Chemnitz Übersicht Zahlungen im Juni 2024 Empfänger PLZ Ort Zahlart Verwendungszweck Betrag AOK Baden-Württemberg 70025 Stuttgart Überweisung 89878877 253,34 AOK Bayern Die Gesundheitsk 81739 München Überweisung 89878877 1.125,65 AOK Hessen 61281 Bad Homburg Überweisung 89878877",MEDIUM
SI-390JS-5935-26-00952,UNCLEAR,Source row has insufficient semantic evidence for a resolution-action classification.,2024-07-12,2024-06,AOK,,,00_INBOX - Входящи - Eingang/Accounting/ihrelohnauswertungen(1)222/Lohnauswertungen.pdf,"Usti Nad Labem 27 1 09119 Chemnitz Übersicht Zahlungen im Juni 2024 Empfänger PLZ Ort Zahlart Verwendungszweck Betrag AOK Baden-Württemberg 70025 Stuttgart Überweisung 89878877 253,34 AOK Bayern Die Gesundheitsk 81739 München Überweisung 89878877 1.125,65 AOK Hessen 61281 Bad Homburg Überweisung 89878877",MEDIUM
SI-390JS-5935-26-00953,DUPLICATE,Same date/period/Krankenkasse/event/source already audited.,2024-07-12,2024-06,AOK,,,00_INBOX - Входящи - Eingang/Accounting_Organized/03_Employee_Payslips/Entgeltbescheinigungen 06-2024.pdf,"Usti Nad Labem 27 1 09119 Chemnitz Übersicht Zahlungen im Juni 2024 Empfänger PLZ Ort Zahlart Verwendungszweck Betrag AOK Baden-Württemberg 70025 Stuttgart Überweisung 89878877 253,34 AOK Bayern Die Gesundheitsk 81739 München Überweisung 89878877 1.125,65 AOK Hessen 61281 Bad Homburg Überweisung 89878877",MEDIUM
SI-390JS-5935-26-00954,UNCLEAR,Source row has insufficient semantic evidence for a resolution-action classification.,2024-07-12,2024-06,AOK,,,00_INBOX - Входящи - Eingang/Accounting_Organized/03_Employee_Payslips/Entgeltbescheinigungen 06-2024__copy2.pdf,"Usti Nad Labem 27 1 09119 Chemnitz Übersicht Zahlungen im Juni 2024 Empfänger PLZ Ort Zahlart Verwendungszweck Betrag AOK Baden-Württemberg 70025 Stuttgart Überweisung 89878877 253,34 AOK Bayern Die Gesundheitsk 81739 München Überweisung 89878877 1.125,65 AOK Hessen 61281 Bad Homburg Überweisung 89878877",MEDIUM
SI-390JS-5935-26-00955,UNCLEAR,Source row has insufficient semantic evidence for a resolution-action classification.,2024-07-12,2024-06,AOK,,,00_INBOX - Входящи - Eingang/Accounting_Organized/03_Employee_Payslips/Entgeltbescheinigungen 06-2024__copy3.pdf,"Usti Nad Labem 27 1 09119 Chemnitz Übersicht Zahlungen im Juni 2024 Empfänger PLZ Ort Zahlart Verwendungszweck Betrag AOK Baden-Württemberg 70025 Stuttgart Überweisung 89878877 253,34 AOK Bayern Die Gesundheitsk 81739 München Überweisung 89878877 1.125,65 AOK Hessen 61281 Bad Homburg Überweisung 89878877",MEDIUM
SI-390JS-5935-26-00956,UNCLEAR,Source row has insufficient semantic evidence for a resolution-action classification.,2024-07-12,2024-06,AOK,,,00_INBOX - Входящи - Eingang/Accounting_Organized/14_Duplicates/Lohnauswertungen__copy21.pdf,"Usti Nad Labem 27 1 09119 Chemnitz Übersicht Zahlungen im Juni 2024 Empfänger PLZ Ort Zahlart Verwendungszweck Betrag AOK Baden-Württemberg 70025 Stuttgart Überweisung 89878877 253,34 AOK Bayern Die Gesundheitsk 81739 München Überweisung 89878877 1.125,65 AOK Hessen 61281 Bad Homburg Überweisung 89878877",MEDIUM
SI-390JS-5935-26-00957,UNCLEAR,Source row has insufficient semantic evidence for a resolution-action classification.,2024-07-12,2024-06,AOK,,,00_INBOX - Входящи - Eingang/Accounting_Organized/14_Duplicates/Lohnauswertungen__copy3.pdf,"Usti Nad Labem 27 1 09119 Chemnitz Übersicht Zahlungen im Juni 2024 Empfänger PLZ Ort Zahlart Verwendungszweck Betrag AOK Baden-Württemberg 70025 Stuttgart Überweisung 89878877 253,34 AOK Bayern Die Gesundheitsk 81739 München Überweisung 89878877 1.125,65 AOK Hessen 61281 Bad Homburg Überweisung 89878877",MEDIUM
SI-390JS-5935-26-00958,UNCLEAR,Source row has insufficient semantic evidence for a resolution-action classification.,2024-07-12,2024-06,AOK,,,00_INBOX - Входящи - Eingang/Accounting_Organized/14_Duplicates/Lohnauswertungen__copy39.pdf,"Usti Nad Labem 27 1 09119 Chemnitz Übersicht Zahlungen im Juni 2024 Empfänger PLZ Ort Zahlart Verwendungszweck Betrag AOK Baden-Württemberg 70025 Stuttgart Überweisung 89878877 253,34 AOK Bayern Die Gesundheitsk 81739 München Überweisung 89878877 1.125,65 AOK Hessen 61281 Bad Homburg Überweisung 89878877",MEDIUM
SI-390JS-5935-26-00963,UNCLEAR,Source row has insufficient semantic evidence for a resolution-action classification.,2024-07-12,,AOK Hessen,,,00_INBOX - Входящи - Eingang/Accounting/10001_06-2024_DivAuswertungen_DivMitarbeiter_HZ1.pdf,eise zur Abrechnung Brutto-Bezüge Betrag Lohnart Bezeichnung Einheit Menge Faktor3 Prozentsatz St SV GB 4 4 5 Gesamt-Brutto Steuerrechtliche Abzüge Netto-Verdienst Betrag Auszahlungsbetrag SV-rechtliche Abzüge Steuer/Sozialversicherung Netto-Bezüge/Netto-Abzüge St Steuer-Brutto Lohnsteuer Kirchensteuer Solidaritätszuschlag St4 SV4 KV-Brutto RV-Brutto AV-Brutto PV-Brutto KV-Beitrag RV-Beitrag AV-Beitrag PV-Beitrag6 SV,MEDIUM
SI-390JS-5935-26-00964,DUPLICATE,Same date/period/Krankenkasse/event/source already audited.,2024-07-12,,AOK Hessen,,,00_INBOX - Входящи - Eingang/Accounting_Organized/02_Payroll/10001_06-2024_DivAuswertungen_DivMitarbeiter_HZ1.pdf,eise zur Abrechnung Brutto-Bezüge Betrag Lohnart Bezeichnung Einheit Menge Faktor3 Prozentsatz St SV GB 4 4 5 Gesamt-Brutto Steuerrechtliche Abzüge Netto-Verdienst Betrag Auszahlungsbetrag SV-rechtliche Abzüge Steuer/Sozialversicherung Netto-Bezüge/Netto-Abzüge St Steuer-Brutto Lohnsteuer Kirchensteuer Solidaritätszuschlag St4 SV4 KV-Brutto RV-Brutto AV-Brutto PV-Brutto KV-Beitrag RV-Beitrag AV-Beitrag PV-Beitrag6 SV,MEDIUM
SI-390JS-5935-26-00965,UNCLEAR,Source row has insufficient semantic evidence for a resolution-action classification.,2024-07-12,,AOK Hessen,,,00_INBOX - Входящи - Eingang/Accounting_Organized/02_Payroll/10001_06-2024_DivAuswertungen_DivMitarbeiter_HZ1__copy2.pdf,eise zur Abrechnung Brutto-Bezüge Betrag Lohnart Bezeichnung Einheit Menge Faktor3 Prozentsatz St SV GB 4 4 5 Gesamt-Brutto Steuerrechtliche Abzüge Netto-Verdienst Betrag Auszahlungsbetrag SV-rechtliche Abzüge Steuer/Sozialversicherung Netto-Bezüge/Netto-Abzüge St Steuer-Brutto Lohnsteuer Kirchensteuer Solidaritätszuschlag St4 SV4 KV-Brutto RV-Brutto AV-Brutto PV-Brutto KV-Beitrag RV-Beitrag AV-Beitrag PV-Beitrag6 SV,MEDIUM
SI-390JS-5935-26-00966,DUPLICATE,Same date/period/Krankenkasse/event/source already audited.,2024-07-12,,AOK Hessen,,,00_INBOX - Входящи - Eingang/Accounting_Organized/13_Unknown_To_Review/10001_06-2024_DivAuswertungen_DivMitarbeiter_HZ1.pdf,eise zur Abrechnung Brutto-Bezüge Betrag Lohnart Bezeichnung Einheit Menge Faktor3 Prozentsatz St SV GB 4 4 5 Gesamt-Brutto Steuerrechtliche Abzüge Netto-Verdienst Betrag Auszahlungsbetrag SV-rechtliche Abzüge Steuer/Sozialversicherung Netto-Bezüge/Netto-Abzüge St Steuer-Brutto Lohnsteuer Kirchensteuer Solidaritätszuschlag St4 SV4 KV-Brutto RV-Brutto AV-Brutto PV-Brutto KV-Beitrag RV-Beitrag AV-Beitrag PV-Beitrag6 SV,MEDIUM
SI-390JS-5935-26-00967,UNCLEAR,Source row has insufficient semantic evidence for a resolution-action classification.,2024-07-12,,BKK,,,00_INBOX - Входящи - Eingang/Accounting/10001_06-2024_DivAuswertungen_DivMitarbeiter_HZ1.pdf,eise zur Abrechnung Brutto-Bezüge Betrag Lohnart Bezeichnung Einheit Menge Faktor3 Prozentsatz St SV GB 4 4 5 Gesamt-Brutto Steuerrechtliche Abzüge Netto-Verdienst Betrag Auszahlungsbetrag SV-rechtliche Abzüge Steuer/Sozialversicherung Netto-Bezüge/Netto-Abzüge St Steuer-Brutto Lohnsteuer Kirchensteuer Solidaritätszuschlag St4 SV4 KV-Brutto RV-Brutto AV-Brutto PV-Brutto KV-Beitrag RV-Beitrag AV-Beitrag PV-Beitrag6 SV,MEDIUM
SI-390JS-5935-26-00968,DUPLICATE,Same date/period/Krankenkasse/event/source already audited.,2024-07-12,,BKK,,,00_INBOX - Входящи - Eingang/Accounting_Organized/02_Payroll/10001_06-2024_DivAuswertungen_DivMitarbeiter_HZ1.pdf,eise zur Abrechnung Brutto-Bezüge Betrag Lohnart Bezeichnung Einheit Menge Faktor3 Prozentsatz St SV GB 4 4 5 Gesamt-Brutto Steuerrechtliche Abzüge Netto-Verdienst Betrag Auszahlungsbetrag SV-rechtliche Abzüge Steuer/Sozialversicherung Netto-Bezüge/Netto-Abzüge St Steuer-Brutto Lohnsteuer Kirchensteuer Solidaritätszuschlag St4 SV4 KV-Brutto RV-Brutto AV-Brutto PV-Brutto KV-Beitrag RV-Beitrag AV-Beitrag PV-Beitrag6 SV,MEDIUM
SI-390JS-5935-26-00969,UNCLEAR,Source row has insufficient semantic evidence for a resolution-action classification.,2024-07-12,,BKK,,,00_INBOX - Входящи - Eingang/Accounting_Organized/02_Payroll/10001_06-2024_DivAuswertungen_DivMitarbeiter_HZ1__copy2.pdf,eise zur Abrechnung Brutto-Bezüge Betrag Lohnart Bezeichnung Einheit Menge Faktor3 Prozentsatz St SV GB 4 4 5 Gesamt-Brutto Steuerrechtliche Abzüge Netto-Verdienst Betrag Auszahlungsbetrag SV-rechtliche Abzüge Steuer/Sozialversicherung Netto-Bezüge/Netto-Abzüge St Steuer-Brutto Lohnsteuer Kirchensteuer Solidaritätszuschlag St4 SV4 KV-Brutto RV-Brutto AV-Brutto PV-Brutto KV-Beitrag RV-Beitrag AV-Beitrag PV-Beitrag6 SV,MEDIUM
SI-390JS-5935-26-00970,DUPLICATE,Same date/period/Krankenkasse/event/source already audited.,2024-07-12,,BKK,,,00_INBOX - Входящи - Eingang/Accounting_Organized/13_Unknown_To_Review/10001_06-2024_DivAuswertungen_DivMitarbeiter_HZ1.pdf,eise zur Abrechnung Brutto-Bezüge Betrag Lohnart Bezeichnung Einheit Menge Faktor3 Prozentsatz St SV GB 4 4 5 Gesamt-Brutto Steuerrechtliche Abzüge Netto-Verdienst Betrag Auszahlungsbetrag SV-rechtliche Abzüge Steuer/Sozialversicherung Netto-Bezüge/Netto-Abzüge St Steuer-Brutto Lohnsteuer Kirchensteuer Solidaritätszuschlag St4 SV4 KV-Brutto RV-Brutto AV-Brutto PV-Brutto KV-Beitrag RV-Beitrag AV-Beitrag PV-Beitrag6 SV,MEDIUM
SI-390JS-5935-26-00975,UNCLEAR,Source row has insufficient semantic evidence for a resolution-action classification.,2024-07-12,,KKH,,,00_INBOX - Входящи - Eingang/Accounting/10001_06-2024_DivAuswertungen_DivMitarbeiter_HZ1.pdf,eise zur Abrechnung Brutto-Bezüge Betrag Lohnart Bezeichnung Einheit Menge Faktor3 Prozentsatz St SV GB 4 4 5 Gesamt-Brutto Steuerrechtliche Abzüge Netto-Verdienst Betrag Auszahlungsbetrag SV-rechtliche Abzüge Steuer/Sozialversicherung Netto-Bezüge/Netto-Abzüge St Steuer-Brutto Lohnsteuer Kirchensteuer Solidaritätszuschlag St4 SV4 KV-Brutto RV-Brutto AV-Brutto PV-Brutto KV-Beitrag RV-Beitrag AV-Beitrag PV-Beitrag6 SV,MEDIUM
SI-390JS-5935-26-00976,DUPLICATE,Same date/period/Krankenkasse/event/source already audited.,2024-07-12,,KKH,,,00_INBOX - Входящи - Eingang/Accounting_Organized/02_Payroll/10001_06-2024_DivAuswertungen_DivMitarbeiter_HZ1.pdf,eise zur Abrechnung Brutto-Bezüge Betrag Lohnart Bezeichnung Einheit Menge Faktor3 Prozentsatz St SV GB 4 4 5 Gesamt-Brutto Steuerrechtliche Abzüge Netto-Verdienst Betrag Auszahlungsbetrag SV-rechtliche Abzüge Steuer/Sozialversicherung Netto-Bezüge/Netto-Abzüge St Steuer-Brutto Lohnsteuer Kirchensteuer Solidaritätszuschlag St4 SV4 KV-Brutto RV-Brutto AV-Brutto PV-Brutto KV-Beitrag RV-Beitrag AV-Beitrag PV-Beitrag6 SV,MEDIUM
SI-390JS-5935-26-00977,UNCLEAR,Source row has insufficient semantic evidence for a resolution-action classification.,2024-07-12,,KKH,,,00_INBOX - Входящи - Eingang/Accounting_Organized/02_Payroll/10001_06-2024_DivAuswertungen_DivMitarbeiter_HZ1__copy2.pdf,eise zur Abrechnung Brutto-Bezüge Betrag Lohnart Bezeichnung Einheit Menge Faktor3 Prozentsatz St SV GB 4 4 5 Gesamt-Brutto Steuerrechtliche Abzüge Netto-Verdienst Betrag Auszahlungsbetrag SV-rechtliche Abzüge Steuer/Sozialversicherung Netto-Bezüge/Netto-Abzüge St Steuer-Brutto Lohnsteuer Kirchensteuer Solidaritätszuschlag St4 SV4 KV-Brutto RV-Brutto AV-Brutto PV-Brutto KV-Beitrag RV-Beitrag AV-Beitrag PV-Beitrag6 SV,MEDIUM
SI-390JS-5935-26-00978,DUPLICATE,Same date/period/Krankenkasse/event/source already audited.,2024-07-12,,KKH,,,00_INBOX - Входящи - Eingang/Accounting_Organized/13_Unknown_To_Review/10001_06-2024_DivAuswertungen_DivMitarbeiter_HZ1.pdf,eise zur Abrechnung Brutto-Bezüge Betrag Lohnart Bezeichnung Einheit Menge Faktor3 Prozentsatz St SV GB 4 4 5 Gesamt-Brutto Steuerrechtliche Abzüge Netto-Verdienst Betrag Auszahlungsbetrag SV-rechtliche Abzüge Steuer/Sozialversicherung Netto-Bezüge/Netto-Abzüge St Steuer-Brutto Lohnsteuer Kirchensteuer Solidaritätszuschlag St4 SV4 KV-Brutto RV-Brutto AV-Brutto PV-Brutto KV-Beitrag RV-Beitrag AV-Beitrag PV-Beitrag6 SV,MEDIUM
SI-390JS-5935-26-00991,UNCLEAR,Source row has insufficient semantic evidence for a resolution-action classification.,2024-07-31,2024-07,AOK,,,"00_INBOX - Входящи - Eingang/Accounting/accountings062024/43029 - Rechnung 240697_2024 vom 31.07.2024, Aufträge 21_23, 21_24, 31_22, 31_23, 31_24, 33_24, 34_24, Mandant 42303.pdf","nrichtung von Lohnkonten und Aufnahme der Stammdaten 25,00 EUR AN Juni/2024 3 15,00 EUR Abmeldung eines Arbeitnehmers nach § 25 DEÜV 45,00 EUR AN Juni/2024 1 15,00 EUR Pfändungen Garnishment 15,00 EUR AN Juni/2024 Seite 1 Übertrag 1.442,20 EUR [[page 2]] Mandantennummer: 42303 Rechnungsnummer: 240697 Rechnungsjahr: 2024 Übertrag 1.442,20 EUR Bezeichnung §, Abs., Nr. Zeitraum Gegenstandswert Satz Betrag Tab. § 16 StBV",MEDIUM
SI-390JS-5935-26-00992,DUPLICATE,Same date/period/Krankenkasse/event/source already audited.,2024-07-31,2024-07,AOK,,,"00_INBOX - Входящи - Eingang/Accounting_Organized/01_Accountant_Emails/43029 - Rechnung 240697_2024 vom 31.07.2024, Aufträge 21_23, 21_24, 31_22, 31_23, 31_24, 33_24, 34_24, Mandant 42303.pdf","nrichtung von Lohnkonten und Aufnahme der Stammdaten 25,00 EUR AN Juni/2024 3 15,00 EUR Abmeldung eines Arbeitnehmers nach § 25 DEÜV 45,00 EUR AN Juni/2024 1 15,00 EUR Pfändungen Garnishment 15,00 EUR AN Juni/2024 Seite 1 Übertrag 1.442,20 EUR [[page 2]] Mandantennummer: 42303 Rechnungsnummer: 240697 Rechnungsjahr: 2024 Übertrag 1.442,20 EUR Bezeichnung §, Abs., Nr. Zeitraum Gegenstandswert Satz Betrag Tab. § 16 StBV",MEDIUM
SI-390JS-5935-26-00993,DUPLICATE,Same date/period/Krankenkasse/event/source already audited.,2024-07-31,2024-07,AOK,,,"00_INBOX - Входящи - Eingang/Accounting_Organized/08_Operating_Costs/43029 - Rechnung 240697_2024 vom 31.07.2024, Aufträge 21_23, 21_24, 31_22, 31_23, 31_24, 33_24, 34_24, Mandant 42303.pdf","nrichtung von Lohnkonten und Aufnahme der Stammdaten 25,00 EUR AN Juni/2024 3 15,00 EUR Abmeldung eines Arbeitnehmers nach § 25 DEÜV 45,00 EUR AN Juni/2024 1 15,00 EUR Pfändungen Garnishment 15,00 EUR AN Juni/2024 Seite 1 Übertrag 1.442,20 EUR [[page 2]] Mandantennummer: 42303 Rechnungsnummer: 240697 Rechnungsjahr: 2024 Übertrag 1.442,20 EUR Bezeichnung §, Abs., Nr. Zeitraum Gegenstandswert Satz Betrag Tab. § 16 StBV",MEDIUM
SI-390JS-5935-26-00994,UNCLEAR,Source row has insufficient semantic evidence for a resolution-action classification.,2024-07-31,2024-07,AOK,,,"00_INBOX - Входящи - Eingang/Accounting_Organized/08_Operating_Costs/43029 - Rechnung 240697_2024 vom 31.07.2024, Aufträge 21_23, 21_24, 31_22, 31_23, 31_24, 33_24, 34_24, Mandant 42303__copy2.pdf","nrichtung von Lohnkonten und Aufnahme der Stammdaten 25,00 EUR AN Juni/2024 3 15,00 EUR Abmeldung eines Arbeitnehmers nach § 25 DEÜV 45,00 EUR AN Juni/2024 1 15,00 EUR Pfändungen Garnishment 15,00 EUR AN Juni/2024 Seite 1 Übertrag 1.442,20 EUR [[page 2]] Mandantennummer: 42303 Rechnungsnummer: 240697 Rechnungsjahr: 2024 Übertrag 1.442,20 EUR Bezeichnung §, Abs., Nr. Zeitraum Gegenstandswert Satz Betrag Tab. § 16 StBV",MEDIUM
SI-390JS-5935-26-01006,UNCLEAR,Source row has insufficient semantic evidence for a resolution-action classification.,2024-08-09,2024-07,AOK,,,00_INBOX - Входящи - Eingang/Accounting/2024/Entgeltbescheinigungen 07-2024.pdf,"Usti Nad Labem 27 1 09119 Chemnitz Übersicht Zahlungen im Juli 2024 Empfänger PLZ Ort Zahlart Verwendungszweck Betrag AOK Baden-Württemberg 70025 Stuttgart Überweisung 89878877 81,11 AOK Bayern Die Gesundheitsk 81739 München Überweisung 89878877 1.125,65 AOK Hessen 61281 Bad Homburg Überweisung 89878877",MEDIUM
SI-390JS-5935-26-01007,UNCLEAR,Source row has insufficient semantic evidence for a resolution-action classification.,2024-08-09,2024-07,AOK,,,00_INBOX - Входящи - Eingang/Accounting/ihrelohnauswertungen3333/Lohnauswertungen.pdf,"Usti Nad Labem 27 1 09119 Chemnitz Übersicht Zahlungen im Juli 2024 Empfänger PLZ Ort Zahlart Verwendungszweck Betrag AOK Baden-Württemberg 70025 Stuttgart Überweisung 89878877 81,11 AOK Bayern Die Gesundheitsk 81739 München Überweisung 89878877 1.125,65 AOK Hessen 61281 Bad Homburg Überweisung 89878877",MEDIUM
SI-390JS-5935-26-01008,DUPLICATE,Same date/period/Krankenkasse/event/source already audited.,2024-08-09,2024-07,AOK,,,00_INBOX - Входящи - Eingang/Accounting_Organized/03_Employee_Payslips/Entgeltbescheinigungen 07-2024.pdf,"Usti Nad Labem 27 1 09119 Chemnitz Übersicht Zahlungen im Juli 2024 Empfänger PLZ Ort Zahlart Verwendungszweck Betrag AOK Baden-Württemberg 70025 Stuttgart Überweisung 89878877 81,11 AOK Bayern Die Gesundheitsk 81739 München Überweisung 89878877 1.125,65 AOK Hessen 61281 Bad Homburg Überweisung 89878877",MEDIUM
SI-390JS-5935-26-01009,UNCLEAR,Source row has insufficient semantic evidence for a resolution-action classification.,2024-08-09,2024-07,AOK,,,00_INBOX - Входящи - Eingang/Accounting_Organized/03_Employee_Payslips/Entgeltbescheinigungen 07-2024__copy2.pdf,"Usti Nad Labem 27 1 09119 Chemnitz Übersicht Zahlungen im Juli 2024 Empfänger PLZ Ort Zahlart Verwendungszweck Betrag AOK Baden-Württemberg 70025 Stuttgart Überweisung 89878877 81,11 AOK Bayern Die Gesundheitsk 81739 München Überweisung 89878877 1.125,65 AOK Hessen 61281 Bad Homburg Überweisung 89878877",MEDIUM
SI-390JS-5935-26-01010,UNCLEAR,Source row has insufficient semantic evidence for a resolution-action classification.,2024-08-09,2024-07,AOK,,,00_INBOX - Входящи - Eingang/Accounting_Organized/03_Employee_Payslips/Entgeltbescheinigungen 07-2024__copy3.pdf,"Usti Nad Labem 27 1 09119 Chemnitz Übersicht Zahlungen im Juli 2024 Empfänger PLZ Ort Zahlart Verwendungszweck Betrag AOK Baden-Württemberg 70025 Stuttgart Überweisung 89878877 81,11 AOK Bayern Die Gesundheitsk 81739 München Überweisung 89878877 1.125,65 AOK Hessen 61281 Bad Homburg Überweisung 89878877",MEDIUM
SI-390JS-5935-26-01011,UNCLEAR,Source row has insufficient semantic evidence for a resolution-action classification.,2024-08-09,2024-07,AOK,,,00_INBOX - Входящи - Eingang/Accounting_Organized/14_Duplicates/Lohnauswertungen__copy27.pdf,"Usti Nad Labem 27 1 09119 Chemnitz Übersicht Zahlungen im Juli 2024 Empfänger PLZ Ort Zahlart Verwendungszweck Betrag AOK Baden-Württemberg 70025 Stuttgart Überweisung 89878877 81,11 AOK Bayern Die Gesundheitsk 81739 München Überweisung 89878877 1.125,65 AOK Hessen 61281 Bad Homburg Überweisung 89878877",MEDIUM
SI-390JS-5935-26-01012,UNCLEAR,Source row has insufficient semantic evidence for a resolution-action classification.,2024-08-09,2024-07,AOK,,,00_INBOX - Входящи - Eingang/Accounting_Organized/14_Duplicates/Lohnauswertungen__copy45.pdf,"Usti Nad Labem 27 1 09119 Chemnitz Übersicht Zahlungen im Juli 2024 Empfänger PLZ Ort Zahlart Verwendungszweck Betrag AOK Baden-Württemberg 70025 Stuttgart Überweisung 89878877 81,11 AOK Bayern Die Gesundheitsk 81739 München Überweisung 89878877 1.125,65 AOK Hessen 61281 Bad Homburg Überweisung 89878877",MEDIUM
SI-390JS-5935-26-01013,UNCLEAR,Source row has insufficient semantic evidence for a resolution-action classification.,2024-08-09,2024-07,AOK,,,00_INBOX - Входящи - Eingang/Accounting_Organized/14_Duplicates/Lohnauswertungen__copy9.pdf,"Usti Nad Labem 27 1 09119 Chemnitz Übersicht Zahlungen im Juli 2024 Empfänger PLZ Ort Zahlart Verwendungszweck Betrag AOK Baden-Württemberg 70025 Stuttgart Überweisung 89878877 81,11 AOK Bayern Die Gesundheitsk 81739 München Überweisung 89878877 1.125,65 AOK Hessen 61281 Bad Homburg Überweisung 89878877",MEDIUM
SI-390JS-5935-26-01018,UNCLEAR,Source row has insufficient semantic evidence for a resolution-action classification.,2024-08-09,,AOK Hessen,,,00_INBOX - Входящи - Eingang/Accounting/10001_07-2024_DivAuswertungen_DivMitarbeiter_KZ1.pdf,eise zur Abrechnung Brutto-Bezüge Betrag Lohnart Bezeichnung Einheit Menge Faktor3 Prozentsatz St SV GB 4 4 5 Gesamt-Brutto Steuerrechtliche Abzüge Netto-Verdienst Betrag Auszahlungsbetrag SV-rechtliche Abzüge Steuer/Sozialversicherung Netto-Bezüge/Netto-Abzüge St Steuer-Brutto Lohnsteuer Kirchensteuer Solidaritätszuschlag St4 SV4 KV-Brutto RV-Brutto AV-Brutto PV-Brutto KV-Beitrag RV-Beitrag AV-Beitrag PV-Beitrag6 SV,MEDIUM
SI-390JS-5935-26-01019,DUPLICATE,Same date/period/Krankenkasse/event/source already audited.,2024-08-09,,AOK Hessen,,,00_INBOX - Входящи - Eingang/Accounting_Organized/02_Payroll/10001_07-2024_DivAuswertungen_DivMitarbeiter_KZ1.pdf,eise zur Abrechnung Brutto-Bezüge Betrag Lohnart Bezeichnung Einheit Menge Faktor3 Prozentsatz St SV GB 4 4 5 Gesamt-Brutto Steuerrechtliche Abzüge Netto-Verdienst Betrag Auszahlungsbetrag SV-rechtliche Abzüge Steuer/Sozialversicherung Netto-Bezüge/Netto-Abzüge St Steuer-Brutto Lohnsteuer Kirchensteuer Solidaritätszuschlag St4 SV4 KV-Brutto RV-Brutto AV-Brutto PV-Brutto KV-Beitrag RV-Beitrag AV-Beitrag PV-Beitrag6 SV,MEDIUM
SI-390JS-5935-26-01020,UNCLEAR,Source row has insufficient semantic evidence for a resolution-action classification.,2024-08-09,,AOK Hessen,,,00_INBOX - Входящи - Eingang/Accounting_Organized/02_Payroll/10001_07-2024_DivAuswertungen_DivMitarbeiter_KZ1__copy2.pdf,eise zur Abrechnung Brutto-Bezüge Betrag Lohnart Bezeichnung Einheit Menge Faktor3 Prozentsatz St SV GB 4 4 5 Gesamt-Brutto Steuerrechtliche Abzüge Netto-Verdienst Betrag Auszahlungsbetrag SV-rechtliche Abzüge Steuer/Sozialversicherung Netto-Bezüge/Netto-Abzüge St Steuer-Brutto Lohnsteuer Kirchensteuer Solidaritätszuschlag St4 SV4 KV-Brutto RV-Brutto AV-Brutto PV-Brutto KV-Beitrag RV-Beitrag AV-Beitrag PV-Beitrag6 SV,MEDIUM
SI-390JS-5935-26-01021,DUPLICATE,Same date/period/Krankenkasse/event/source already audited.,2024-08-09,,AOK Hessen,,,00_INBOX - Входящи - Eingang/Accounting_Organized/13_Unknown_To_Review/10001_07-2024_DivAuswertungen_DivMitarbeiter_KZ1.pdf,eise zur Abrechnung Brutto-Bezüge Betrag Lohnart Bezeichnung Einheit Menge Faktor3 Prozentsatz St SV GB 4 4 5 Gesamt-Brutto Steuerrechtliche Abzüge Netto-Verdienst Betrag Auszahlungsbetrag SV-rechtliche Abzüge Steuer/Sozialversicherung Netto-Bezüge/Netto-Abzüge St Steuer-Brutto Lohnsteuer Kirchensteuer Solidaritätszuschlag St4 SV4 KV-Brutto RV-Brutto AV-Brutto PV-Brutto KV-Beitrag RV-Beitrag AV-Beitrag PV-Beitrag6 SV,MEDIUM
SI-390JS-5935-26-01022,UNCLEAR,Source row has insufficient semantic evidence for a resolution-action classification.,2024-08-09,,BKK,,,00_INBOX - Входящи - Eingang/Accounting/10001_07-2024_DivAuswertungen_DivMitarbeiter_KZ1.pdf,eise zur Abrechnung Brutto-Bezüge Betrag Lohnart Bezeichnung Einheit Menge Faktor3 Prozentsatz St SV GB 4 4 5 Gesamt-Brutto Steuerrechtliche Abzüge Netto-Verdienst Betrag Auszahlungsbetrag SV-rechtliche Abzüge Steuer/Sozialversicherung Netto-Bezüge/Netto-Abzüge St Steuer-Brutto Lohnsteuer Kirchensteuer Solidaritätszuschlag St4 SV4 KV-Brutto RV-Brutto AV-Brutto PV-Brutto KV-Beitrag RV-Beitrag AV-Beitrag PV-Beitrag6 SV,MEDIUM
SI-390JS-5935-26-01023,DUPLICATE,Same date/period/Krankenkasse/event/source already audited.,2024-08-09,,BKK,,,00_INBOX - Входящи - Eingang/Accounting_Organized/02_Payroll/10001_07-2024_DivAuswertungen_DivMitarbeiter_KZ1.pdf,eise zur Abrechnung Brutto-Bezüge Betrag Lohnart Bezeichnung Einheit Menge Faktor3 Prozentsatz St SV GB 4 4 5 Gesamt-Brutto Steuerrechtliche Abzüge Netto-Verdienst Betrag Auszahlungsbetrag SV-rechtliche Abzüge Steuer/Sozialversicherung Netto-Bezüge/Netto-Abzüge St Steuer-Brutto Lohnsteuer Kirchensteuer Solidaritätszuschlag St4 SV4 KV-Brutto RV-Brutto AV-Brutto PV-Brutto KV-Beitrag RV-Beitrag AV-Beitrag PV-Beitrag6 SV,MEDIUM
SI-390JS-5935-26-01024,UNCLEAR,Source row has insufficient semantic evidence for a resolution-action classification.,2024-08-09,,BKK,,,00_INBOX - Входящи - Eingang/Accounting_Organized/02_Payroll/10001_07-2024_DivAuswertungen_DivMitarbeiter_KZ1__copy2.pdf,eise zur Abrechnung Brutto-Bezüge Betrag Lohnart Bezeichnung Einheit Menge Faktor3 Prozentsatz St SV GB 4 4 5 Gesamt-Brutto Steuerrechtliche Abzüge Netto-Verdienst Betrag Auszahlungsbetrag SV-rechtliche Abzüge Steuer/Sozialversicherung Netto-Bezüge/Netto-Abzüge St Steuer-Brutto Lohnsteuer Kirchensteuer Solidaritätszuschlag St4 SV4 KV-Brutto RV-Brutto AV-Brutto PV-Brutto KV-Beitrag RV-Beitrag AV-Beitrag PV-Beitrag6 SV,MEDIUM
SI-390JS-5935-26-01025,DUPLICATE,Same date/period/Krankenkasse/event/source already audited.,2024-08-09,,BKK,,,00_INBOX - Входящи - Eingang/Accounting_Organized/13_Unknown_To_Review/10001_07-2024_DivAuswertungen_DivMitarbeiter_KZ1.pdf,eise zur Abrechnung Brutto-Bezüge Betrag Lohnart Bezeichnung Einheit Menge Faktor3 Prozentsatz St SV GB 4 4 5 Gesamt-Brutto Steuerrechtliche Abzüge Netto-Verdienst Betrag Auszahlungsbetrag SV-rechtliche Abzüge Steuer/Sozialversicherung Netto-Bezüge/Netto-Abzüge St Steuer-Brutto Lohnsteuer Kirchensteuer Solidaritätszuschlag St4 SV4 KV-Brutto RV-Brutto AV-Brutto PV-Brutto KV-Beitrag RV-Beitrag AV-Beitrag PV-Beitrag6 SV,MEDIUM
SI-390JS-5935-26-01030,UNCLEAR,Source row has insufficient semantic evidence for a resolution-action classification.,2024-08-09,,KKH,,,00_INBOX - Входящи - Eingang/Accounting/10001_07-2024_DivAuswertungen_DivMitarbeiter_KZ1.pdf,eise zur Abrechnung Brutto-Bezüge Betrag Lohnart Bezeichnung Einheit Menge Faktor3 Prozentsatz St SV GB 4 4 5 Gesamt-Brutto Steuerrechtliche Abzüge Netto-Verdienst Betrag Auszahlungsbetrag SV-rechtliche Abzüge Steuer/Sozialversicherung Netto-Bezüge/Netto-Abzüge St Steuer-Brutto Lohnsteuer Kirchensteuer Solidaritätszuschlag St4 SV4 KV-Brutto RV-Brutto AV-Brutto PV-Brutto KV-Beitrag RV-Beitrag AV-Beitrag PV-Beitrag6 SV,MEDIUM
SI-390JS-5935-26-01031,DUPLICATE,Same date/period/Krankenkasse/event/source already audited.,2024-08-09,,KKH,,,00_INBOX - Входящи - Eingang/Accounting_Organized/02_Payroll/10001_07-2024_DivAuswertungen_DivMitarbeiter_KZ1.pdf,eise zur Abrechnung Brutto-Bezüge Betrag Lohnart Bezeichnung Einheit Menge Faktor3 Prozentsatz St SV GB 4 4 5 Gesamt-Brutto Steuerrechtliche Abzüge Netto-Verdienst Betrag Auszahlungsbetrag SV-rechtliche Abzüge Steuer/Sozialversicherung Netto-Bezüge/Netto-Abzüge St Steuer-Brutto Lohnsteuer Kirchensteuer Solidaritätszuschlag St4 SV4 KV-Brutto RV-Brutto AV-Brutto PV-Brutto KV-Beitrag RV-Beitrag AV-Beitrag PV-Beitrag6 SV,MEDIUM
SI-390JS-5935-26-01032,UNCLEAR,Source row has insufficient semantic evidence for a resolution-action classification.,2024-08-09,,KKH,,,00_INBOX - Входящи - Eingang/Accounting_Organized/02_Payroll/10001_07-2024_DivAuswertungen_DivMitarbeiter_KZ1__copy2.pdf,eise zur Abrechnung Brutto-Bezüge Betrag Lohnart Bezeichnung Einheit Menge Faktor3 Prozentsatz St SV GB 4 4 5 Gesamt-Brutto Steuerrechtliche Abzüge Netto-Verdienst Betrag Auszahlungsbetrag SV-rechtliche Abzüge Steuer/Sozialversicherung Netto-Bezüge/Netto-Abzüge St Steuer-Brutto Lohnsteuer Kirchensteuer Solidaritätszuschlag St4 SV4 KV-Brutto RV-Brutto AV-Brutto PV-Brutto KV-Beitrag RV-Beitrag AV-Beitrag PV-Beitrag6 SV,MEDIUM
SI-390JS-5935-26-01033,DUPLICATE,Same date/period/Krankenkasse/event/source already audited.,2024-08-09,,KKH,,,00_INBOX - Входящи - Eingang/Accounting_Organized/13_Unknown_To_Review/10001_07-2024_DivAuswertungen_DivMitarbeiter_KZ1.pdf,eise zur Abrechnung Brutto-Bezüge Betrag Lohnart Bezeichnung Einheit Menge Faktor3 Prozentsatz St SV GB 4 4 5 Gesamt-Brutto Steuerrechtliche Abzüge Netto-Verdienst Betrag Auszahlungsbetrag SV-rechtliche Abzüge Steuer/Sozialversicherung Netto-Bezüge/Netto-Abzüge St Steuer-Brutto Lohnsteuer Kirchensteuer Solidaritätszuschlag St4 SV4 KV-Brutto RV-Brutto AV-Brutto PV-Brutto KV-Beitrag RV-Beitrag AV-Beitrag PV-Beitrag6 SV,MEDIUM
SI-390JS-5935-26-01046,UNCLEAR,Source row has insufficient semantic evidence for a resolution-action classification.,2024-08-30,2024-08,AOK,,,"00_INBOX - Входящи - Eingang/Accounting/accountings072024/43617 - Rechnung 240857_2024 vom 30.08.2024, Aufträge 31_24, 32_24, 33_24, 34_24, Mandant 42303.pdf","richtung von Lohnkonten und Aufnahme der Stammdaten 100,00 EUR AN Juli/2024 1 15,00 EUR Abmeldung eines Arbeitnehmers nach § 25 DEÜV 15,00 EUR AN Juli/2024 1 15,00 EUR Pfändungen Garnishment 15,00 EUR AN Juli/2024 Seite 1 Übertrag 1.517,20 EUR [[page 2]] Mandantennummer: 42303 Rechnungsnummer: 240857 Rechnungsjahr: 2024 Übertrag 1.517,20 EUR Bezeichnung §, Abs., Nr. Zeitraum Gegenstandswert Satz Betrag Tab. § 16 StBV",MEDIUM
SI-390JS-5935-26-01047,DUPLICATE,Same date/period/Krankenkasse/event/source already audited.,2024-08-30,2024-08,AOK,,,"00_INBOX - Входящи - Eingang/Accounting_Organized/01_Accountant_Emails/43617 - Rechnung 240857_2024 vom 30.08.2024, Aufträge 31_24, 32_24, 33_24, 34_24, Mandant 42303.pdf","richtung von Lohnkonten und Aufnahme der Stammdaten 100,00 EUR AN Juli/2024 1 15,00 EUR Abmeldung eines Arbeitnehmers nach § 25 DEÜV 15,00 EUR AN Juli/2024 1 15,00 EUR Pfändungen Garnishment 15,00 EUR AN Juli/2024 Seite 1 Übertrag 1.517,20 EUR [[page 2]] Mandantennummer: 42303 Rechnungsnummer: 240857 Rechnungsjahr: 2024 Übertrag 1.517,20 EUR Bezeichnung §, Abs., Nr. Zeitraum Gegenstandswert Satz Betrag Tab. § 16 StBV",MEDIUM
SI-390JS-5935-26-01048,DUPLICATE,Same date/period/Krankenkasse/event/source already audited.,2024-08-30,2024-08,AOK,,,"00_INBOX - Входящи - Eingang/Accounting_Organized/08_Operating_Costs/43617 - Rechnung 240857_2024 vom 30.08.2024, Aufträge 31_24, 32_24, 33_24, 34_24, Mandant 42303.pdf","richtung von Lohnkonten und Aufnahme der Stammdaten 100,00 EUR AN Juli/2024 1 15,00 EUR Abmeldung eines Arbeitnehmers nach § 25 DEÜV 15,00 EUR AN Juli/2024 1 15,00 EUR Pfändungen Garnishment 15,00 EUR AN Juli/2024 Seite 1 Übertrag 1.517,20 EUR [[page 2]] Mandantennummer: 42303 Rechnungsnummer: 240857 Rechnungsjahr: 2024 Übertrag 1.517,20 EUR Bezeichnung §, Abs., Nr. Zeitraum Gegenstandswert Satz Betrag Tab. § 16 StBV",MEDIUM
SI-390JS-5935-26-01049,UNCLEAR,Source row has insufficient semantic evidence for a resolution-action classification.,2024-08-30,2024-08,AOK,,,"00_INBOX - Входящи - Eingang/Accounting_Organized/08_Operating_Costs/43617 - Rechnung 240857_2024 vom 30.08.2024, Aufträge 31_24, 32_24, 33_24, 34_24, Mandant 42303__copy2.pdf","richtung von Lohnkonten und Aufnahme der Stammdaten 100,00 EUR AN Juli/2024 1 15,00 EUR Abmeldung eines Arbeitnehmers nach § 25 DEÜV 15,00 EUR AN Juli/2024 1 15,00 EUR Pfändungen Garnishment 15,00 EUR AN Juli/2024 Seite 1 Übertrag 1.517,20 EUR [[page 2]] Mandantennummer: 42303 Rechnungsnummer: 240857 Rechnungsjahr: 2024 Übertrag 1.517,20 EUR Bezeichnung §, Abs., Nr. Zeitraum Gegenstandswert Satz Betrag Tab. § 16 StBV",MEDIUM
SI-390JS-5935-26-01081,UNCLEAR,Source row has insufficient semantic evidence for a resolution-action classification.,2024-09-12,,AOK,,,00_INBOX - Входящи - Eingang/Accounting/testpayslip/10001_08-2024_Brutto_NettoProbe_00098_NZ1.pdf,eise zur Abrechnung Brutto-Bezüge Betrag Lohnart Bezeichnung Einheit Menge Faktor3 Prozentsatz St SV GB 4 4 5 Gesamt-Brutto Steuerrechtliche Abzüge Netto-Verdienst Betrag Auszahlungsbetrag SV-rechtliche Abzüge Steuer/Sozialversicherung Netto-Bezüge/Netto-Abzüge St Steuer-Brutto Lohnsteuer Kirchensteuer Solidaritätszuschlag St4 SV4 KV-Brutto RV-Brutto AV-Brutto PV-Brutto KV-Beitrag RV-Beitrag AV-Beitrag PV-Beitrag6 SV,MEDIUM
SI-390JS-5935-26-01082,DUPLICATE,Same date/period/Krankenkasse/event/source already audited.,2024-09-12,,AOK,,,00_INBOX - Входящи - Eingang/Accounting_Organized/02_Payroll/10001_08-2024_Brutto_NettoProbe_00098_NZ1.pdf,eise zur Abrechnung Brutto-Bezüge Betrag Lohnart Bezeichnung Einheit Menge Faktor3 Prozentsatz St SV GB 4 4 5 Gesamt-Brutto Steuerrechtliche Abzüge Netto-Verdienst Betrag Auszahlungsbetrag SV-rechtliche Abzüge Steuer/Sozialversicherung Netto-Bezüge/Netto-Abzüge St Steuer-Brutto Lohnsteuer Kirchensteuer Solidaritätszuschlag St4 SV4 KV-Brutto RV-Brutto AV-Brutto PV-Brutto KV-Beitrag RV-Beitrag AV-Beitrag PV-Beitrag6 SV,MEDIUM
SI-390JS-5935-26-01083,UNCLEAR,Source row has insufficient semantic evidence for a resolution-action classification.,2024-09-12,,AOK,,,00_INBOX - Входящи - Eingang/Accounting_Organized/02_Payroll/10001_08-2024_Brutto_NettoProbe_00098_NZ1__copy2.pdf,eise zur Abrechnung Brutto-Bezüge Betrag Lohnart Bezeichnung Einheit Menge Faktor3 Prozentsatz St SV GB 4 4 5 Gesamt-Brutto Steuerrechtliche Abzüge Netto-Verdienst Betrag Auszahlungsbetrag SV-rechtliche Abzüge Steuer/Sozialversicherung Netto-Bezüge/Netto-Abzüge St Steuer-Brutto Lohnsteuer Kirchensteuer Solidaritätszuschlag St4 SV4 KV-Brutto RV-Brutto AV-Brutto PV-Brutto KV-Beitrag RV-Beitrag AV-Beitrag PV-Beitrag6 SV,MEDIUM
SI-390JS-5935-26-01084,DUPLICATE,Same date/period/Krankenkasse/event/source already audited.,2024-09-12,,AOK,,,00_INBOX - Входящи - Eingang/Accounting_Organized/13_Unknown_To_Review/10001_08-2024_Brutto_NettoProbe_00098_NZ1.pdf,eise zur Abrechnung Brutto-Bezüge Betrag Lohnart Bezeichnung Einheit Menge Faktor3 Prozentsatz St SV GB 4 4 5 Gesamt-Brutto Steuerrechtliche Abzüge Netto-Verdienst Betrag Auszahlungsbetrag SV-rechtliche Abzüge Steuer/Sozialversicherung Netto-Bezüge/Netto-Abzüge St Steuer-Brutto Lohnsteuer Kirchensteuer Solidaritätszuschlag St4 SV4 KV-Brutto RV-Brutto AV-Brutto PV-Brutto KV-Beitrag RV-Beitrag AV-Beitrag PV-Beitrag6 SV,MEDIUM
SI-390JS-5935-26-01085,UNCLEAR,Source row has insufficient semantic evidence for a resolution-action classification.,2024-09-12,,Barmer,,,00_INBOX - Входящи - Eingang/Accounting/testpayslip/10001_08-2024_Brutto_NettoProbe_00098_NZ1.pdf,eise zur Abrechnung Brutto-Bezüge Betrag Lohnart Bezeichnung Einheit Menge Faktor3 Prozentsatz St SV GB 4 4 5 Gesamt-Brutto Steuerrechtliche Abzüge Netto-Verdienst Betrag Auszahlungsbetrag SV-rechtliche Abzüge Steuer/Sozialversicherung Netto-Bezüge/Netto-Abzüge St Steuer-Brutto Lohnsteuer Kirchensteuer Solidaritätszuschlag St4 SV4 KV-Brutto RV-Brutto AV-Brutto PV-Brutto KV-Beitrag RV-Beitrag AV-Beitrag PV-Beitrag6 SV,MEDIUM
SI-390JS-5935-26-01086,DUPLICATE,Same date/period/Krankenkasse/event/source already audited.,2024-09-12,,Barmer,,,00_INBOX - Входящи - Eingang/Accounting_Organized/02_Payroll/10001_08-2024_Brutto_NettoProbe_00098_NZ1.pdf,eise zur Abrechnung Brutto-Bezüge Betrag Lohnart Bezeichnung Einheit Menge Faktor3 Prozentsatz St SV GB 4 4 5 Gesamt-Brutto Steuerrechtliche Abzüge Netto-Verdienst Betrag Auszahlungsbetrag SV-rechtliche Abzüge Steuer/Sozialversicherung Netto-Bezüge/Netto-Abzüge St Steuer-Brutto Lohnsteuer Kirchensteuer Solidaritätszuschlag St4 SV4 KV-Brutto RV-Brutto AV-Brutto PV-Brutto KV-Beitrag RV-Beitrag AV-Beitrag PV-Beitrag6 SV,MEDIUM
SI-390JS-5935-26-01087,UNCLEAR,Source row has insufficient semantic evidence for a resolution-action classification.,2024-09-12,,Barmer,,,00_INBOX - Входящи - Eingang/Accounting_Organized/02_Payroll/10001_08-2024_Brutto_NettoProbe_00098_NZ1__copy2.pdf,eise zur Abrechnung Brutto-Bezüge Betrag Lohnart Bezeichnung Einheit Menge Faktor3 Prozentsatz St SV GB 4 4 5 Gesamt-Brutto Steuerrechtliche Abzüge Netto-Verdienst Betrag Auszahlungsbetrag SV-rechtliche Abzüge Steuer/Sozialversicherung Netto-Bezüge/Netto-Abzüge St Steuer-Brutto Lohnsteuer Kirchensteuer Solidaritätszuschlag St4 SV4 KV-Brutto RV-Brutto AV-Brutto PV-Brutto KV-Beitrag RV-Beitrag AV-Beitrag PV-Beitrag6 SV,MEDIUM
SI-390JS-5935-26-01088,DUPLICATE,Same date/period/Krankenkasse/event/source already audited.,2024-09-12,,Barmer,,,00_INBOX - Входящи - Eingang/Accounting_Organized/13_Unknown_To_Review/10001_08-2024_Brutto_NettoProbe_00098_NZ1.pdf,eise zur Abrechnung Brutto-Bezüge Betrag Lohnart Bezeichnung Einheit Menge Faktor3 Prozentsatz St SV GB 4 4 5 Gesamt-Brutto Steuerrechtliche Abzüge Netto-Verdienst Betrag Auszahlungsbetrag SV-rechtliche Abzüge Steuer/Sozialversicherung Netto-Bezüge/Netto-Abzüge St Steuer-Brutto Lohnsteuer Kirchensteuer Solidaritätszuschlag St4 SV4 KV-Brutto RV-Brutto AV-Brutto PV-Brutto KV-Beitrag RV-Beitrag AV-Beitrag PV-Beitrag6 SV,MEDIUM
SI-390JS-5935-26-01089,UNCLEAR,Source row has insufficient semantic evidence for a resolution-action classification.,2024-09-13,,AOK,,,00_INBOX - Входящи - Eingang/Accounting/10001_08-2024_Brutto_NettoProbe_00074_NZ1.pdf,eise zur Abrechnung Brutto-Bezüge Betrag Lohnart Bezeichnung Einheit Menge Faktor3 Prozentsatz St SV GB 4 4 5 Gesamt-Brutto Steuerrechtliche Abzüge Netto-Verdienst Betrag Auszahlungsbetrag SV-rechtliche Abzüge Steuer/Sozialversicherung Netto-Bezüge/Netto-Abzüge St Steuer-Brutto Lohnsteuer Kirchensteuer Solidaritätszuschlag St4 SV4 KV-Brutto RV-Brutto AV-Brutto PV-Brutto KV-Beitrag RV-Beitrag AV-Beitrag PV-Beitrag6 SV,MEDIUM
SI-390JS-5935-26-01090,UNCLEAR,Source row has insufficient semantic evidence for a resolution-action classification.,2024-09-13,2024-08,AOK,,,00_INBOX - Входящи - Eingang/Accounting/2024/Entgeltbescheinigungen 08-2024.pdf,"Usti Nad Labem 27 1 09119 Chemnitz Übersicht Zahlungen im August 2024 Empfänger PLZ Ort Zahlart Verwendungszweck Betrag AOK Bayern Die Gesundheitsk 81739 München Überweisung 89878877 472,01 AOK Hessen 61281 Bad Homburg Überweisung 89878877 1.244,22 AOK Nordost 14456 Potsdam Keine Überw. 89878877",MEDIUM
SI-390JS-5935-26-01091,UNCLEAR,Source row has insufficient semantic evidence for a resolution-action classification.,2024-09-13,2024-08,AOK,,,00_INBOX - Входящи - Eingang/Accounting/payroll082024/Lohnauswertungen.pdf,"Usti Nad Labem 27 1 09119 Chemnitz Übersicht Zahlungen im August 2024 Empfänger PLZ Ort Zahlart Verwendungszweck Betrag AOK Bayern Die Gesundheitsk 81739 München Überweisung 89878877 472,01 AOK Hessen 61281 Bad Homburg Überweisung 89878877 1.244,22 AOK Nordost 14456 Potsdam Keine Überw. 89878877",MEDIUM
SI-390JS-5935-26-01092,DUPLICATE,Same date/period/Krankenkasse/event/source already audited.,2024-09-13,,AOK,,,00_INBOX - Входящи - Eingang/Accounting_Organized/02_Payroll/10001_08-2024_Brutto_NettoProbe_00074_NZ1.pdf,eise zur Abrechnung Brutto-Bezüge Betrag Lohnart Bezeichnung Einheit Menge Faktor3 Prozentsatz St SV GB 4 4 5 Gesamt-Brutto Steuerrechtliche Abzüge Netto-Verdienst Betrag Auszahlungsbetrag SV-rechtliche Abzüge Steuer/Sozialversicherung Netto-Bezüge/Netto-Abzüge St Steuer-Brutto Lohnsteuer Kirchensteuer Solidaritätszuschlag St4 SV4 KV-Brutto RV-Brutto AV-Brutto PV-Brutto KV-Beitrag RV-Beitrag AV-Beitrag PV-Beitrag6 SV,MEDIUM
SI-390JS-5935-26-01093,UNCLEAR,Source row has insufficient semantic evidence for a resolution-action classification.,2024-09-13,,AOK,,,00_INBOX - Входящи - Eingang/Accounting_Organized/02_Payroll/10001_08-2024_Brutto_NettoProbe_00074_NZ1__copy2.pdf,eise zur Abrechnung Brutto-Bezüge Betrag Lohnart Bezeichnung Einheit Menge Faktor3 Prozentsatz St SV GB 4 4 5 Gesamt-Brutto Steuerrechtliche Abzüge Netto-Verdienst Betrag Auszahlungsbetrag SV-rechtliche Abzüge Steuer/Sozialversicherung Netto-Bezüge/Netto-Abzüge St Steuer-Brutto Lohnsteuer Kirchensteuer Solidaritätszuschlag St4 SV4 KV-Brutto RV-Brutto AV-Brutto PV-Brutto KV-Beitrag RV-Beitrag AV-Beitrag PV-Beitrag6 SV,MEDIUM
SI-390JS-5935-26-01094,DUPLICATE,Same date/period/Krankenkasse/event/source already audited.,2024-09-13,2024-08,AOK,,,00_INBOX - Входящи - Eingang/Accounting_Organized/03_Employee_Payslips/Entgeltbescheinigungen 08-2024.pdf,"Usti Nad Labem 27 1 09119 Chemnitz Übersicht Zahlungen im August 2024 Empfänger PLZ Ort Zahlart Verwendungszweck Betrag AOK Bayern Die Gesundheitsk 81739 München Überweisung 89878877 472,01 AOK Hessen 61281 Bad Homburg Überweisung 89878877 1.244,22 AOK Nordost 14456 Potsdam Keine Überw. 89878877",MEDIUM
SI-390JS-5935-26-01095,UNCLEAR,Source row has insufficient semantic evidence for a resolution-action classification.,2024-09-13,2024-08,AOK,,,00_INBOX - Входящи - Eingang/Accounting_Organized/03_Employee_Payslips/Entgeltbescheinigungen 08-2024__copy2.pdf,"Usti Nad Labem 27 1 09119 Chemnitz Übersicht Zahlungen im August 2024 Empfänger PLZ Ort Zahlart Verwendungszweck Betrag AOK Bayern Die Gesundheitsk 81739 München Überweisung 89878877 472,01 AOK Hessen 61281 Bad Homburg Überweisung 89878877 1.244,22 AOK Nordost 14456 Potsdam Keine Überw. 89878877",MEDIUM
SI-390JS-5935-26-01096,UNCLEAR,Source row has insufficient semantic evidence for a resolution-action classification.,2024-09-13,2024-08,AOK,,,00_INBOX - Входящи - Eingang/Accounting_Organized/03_Employee_Payslips/Entgeltbescheinigungen 08-2024__copy3.pdf,"Usti Nad Labem 27 1 09119 Chemnitz Übersicht Zahlungen im August 2024 Empfänger PLZ Ort Zahlart Verwendungszweck Betrag AOK Bayern Die Gesundheitsk 81739 München Überweisung 89878877 472,01 AOK Hessen 61281 Bad Homburg Überweisung 89878877 1.244,22 AOK Nordost 14456 Potsdam Keine Überw. 89878877",MEDIUM
SI-390JS-5935-26-01097,DUPLICATE,Same date/period/Krankenkasse/event/source already audited.,2024-09-13,,AOK,,,00_INBOX - Входящи - Eingang/Accounting_Organized/13_Unknown_To_Review/10001_08-2024_Brutto_NettoProbe_00074_NZ1.pdf,eise zur Abrechnung Brutto-Bezüge Betrag Lohnart Bezeichnung Einheit Menge Faktor3 Prozentsatz St SV GB 4 4 5 Gesamt-Brutto Steuerrechtliche Abzüge Netto-Verdienst Betrag Auszahlungsbetrag SV-rechtliche Abzüge Steuer/Sozialversicherung Netto-Bezüge/Netto-Abzüge St Steuer-Brutto Lohnsteuer Kirchensteuer Solidaritätszuschlag St4 SV4 KV-Brutto RV-Brutto AV-Brutto PV-Brutto KV-Beitrag RV-Beitrag AV-Beitrag PV-Beitrag6 SV,MEDIUM
SI-390JS-5935-26-01098,UNCLEAR,Source row has insufficient semantic evidence for a resolution-action classification.,2024-09-13,2024-08,AOK,,,00_INBOX - Входящи - Eingang/Accounting_Organized/14_Duplicates/Lohnauswertungen__copy17.pdf,"Usti Nad Labem 27 1 09119 Chemnitz Übersicht Zahlungen im August 2024 Empfänger PLZ Ort Zahlart Verwendungszweck Betrag AOK Bayern Die Gesundheitsk 81739 München Überweisung 89878877 472,01 AOK Hessen 61281 Bad Homburg Überweisung 89878877 1.244,22 AOK Nordost 14456 Potsdam Keine Überw. 89878877",MEDIUM
SI-390JS-5935-26-01099,UNCLEAR,Source row has insufficient semantic evidence for a resolution-action classification.,2024-09-13,2024-08,AOK,,,00_INBOX - Входящи - Eingang/Accounting_Organized/14_Duplicates/Lohnauswertungen__copy35.pdf,"Usti Nad Labem 27 1 09119 Chemnitz Übersicht Zahlungen im August 2024 Empfänger PLZ Ort Zahlart Verwendungszweck Betrag AOK Bayern Die Gesundheitsk 81739 München Überweisung 89878877 472,01 AOK Hessen 61281 Bad Homburg Überweisung 89878877 1.244,22 AOK Nordost 14456 Potsdam Keine Überw. 89878877",MEDIUM
SI-390JS-5935-26-01100,UNCLEAR,Source row has insufficient semantic evidence for a resolution-action classification.,2024-09-13,2024-08,AOK,,,00_INBOX - Входящи - Eingang/Accounting_Organized/14_Duplicates/Lohnauswertungen__copy53.pdf,"Usti Nad Labem 27 1 09119 Chemnitz Übersicht Zahlungen im August 2024 Empfänger PLZ Ort Zahlart Verwendungszweck Betrag AOK Bayern Die Gesundheitsk 81739 München Überweisung 89878877 472,01 AOK Hessen 61281 Bad Homburg Überweisung 89878877 1.244,22 AOK Nordost 14456 Potsdam Keine Überw. 89878877",MEDIUM
SI-390JS-5935-26-01105,UNCLEAR,Source row has insufficient semantic evidence for a resolution-action classification.,2024-09-13,,BKK,,,00_INBOX - Входящи - Eingang/Accounting/10001_08-2024_Brutto_NettoProbe_00074_NZ1.pdf,eise zur Abrechnung Brutto-Bezüge Betrag Lohnart Bezeichnung Einheit Menge Faktor3 Prozentsatz St SV GB 4 4 5 Gesamt-Brutto Steuerrechtliche Abzüge Netto-Verdienst Betrag Auszahlungsbetrag SV-rechtliche Abzüge Steuer/Sozialversicherung Netto-Bezüge/Netto-Abzüge St Steuer-Brutto Lohnsteuer Kirchensteuer Solidaritätszuschlag St4 SV4 KV-Brutto RV-Brutto AV-Brutto PV-Brutto KV-Beitrag RV-Beitrag AV-Beitrag PV-Beitrag6 SV,MEDIUM
SI-390JS-5935-26-01106,DUPLICATE,Same date/period/Krankenkasse/event/source already audited.,2024-09-13,,BKK,,,00_INBOX - Входящи - Eingang/Accounting_Organized/02_Payroll/10001_08-2024_Brutto_NettoProbe_00074_NZ1.pdf,eise zur Abrechnung Brutto-Bezüge Betrag Lohnart Bezeichnung Einheit Menge Faktor3 Prozentsatz St SV GB 4 4 5 Gesamt-Brutto Steuerrechtliche Abzüge Netto-Verdienst Betrag Auszahlungsbetrag SV-rechtliche Abzüge Steuer/Sozialversicherung Netto-Bezüge/Netto-Abzüge St Steuer-Brutto Lohnsteuer Kirchensteuer Solidaritätszuschlag St4 SV4 KV-Brutto RV-Brutto AV-Brutto PV-Brutto KV-Beitrag RV-Beitrag AV-Beitrag PV-Beitrag6 SV,MEDIUM
SI-390JS-5935-26-01107,UNCLEAR,Source row has insufficient semantic evidence for a resolution-action classification.,2024-09-13,,BKK,,,00_INBOX - Входящи - Eingang/Accounting_Organized/02_Payroll/10001_08-2024_Brutto_NettoProbe_00074_NZ1__copy2.pdf,eise zur Abrechnung Brutto-Bezüge Betrag Lohnart Bezeichnung Einheit Menge Faktor3 Prozentsatz St SV GB 4 4 5 Gesamt-Brutto Steuerrechtliche Abzüge Netto-Verdienst Betrag Auszahlungsbetrag SV-rechtliche Abzüge Steuer/Sozialversicherung Netto-Bezüge/Netto-Abzüge St Steuer-Brutto Lohnsteuer Kirchensteuer Solidaritätszuschlag St4 SV4 KV-Brutto RV-Brutto AV-Brutto PV-Brutto KV-Beitrag RV-Beitrag AV-Beitrag PV-Beitrag6 SV,MEDIUM
SI-390JS-5935-26-01108,DUPLICATE,Same date/period/Krankenkasse/event/source already audited.,2024-09-13,,BKK,,,00_INBOX - Входящи - Eingang/Accounting_Organized/13_Unknown_To_Review/10001_08-2024_Brutto_NettoProbe_00074_NZ1.pdf,eise zur Abrechnung Brutto-Bezüge Betrag Lohnart Bezeichnung Einheit Menge Faktor3 Prozentsatz St SV GB 4 4 5 Gesamt-Brutto Steuerrechtliche Abzüge Netto-Verdienst Betrag Auszahlungsbetrag SV-rechtliche Abzüge Steuer/Sozialversicherung Netto-Bezüge/Netto-Abzüge St Steuer-Brutto Lohnsteuer Kirchensteuer Solidaritätszuschlag St4 SV4 KV-Brutto RV-Brutto AV-Brutto PV-Brutto KV-Beitrag RV-Beitrag AV-Beitrag PV-Beitrag6 SV,MEDIUM
SI-390JS-5935-26-01113,UNCLEAR,Source row has insufficient semantic evidence for a resolution-action classification.,2024-09-13,,SBK,,,00_INBOX - Входящи - Eingang/Accounting/10001_08-2024_Brutto_NettoProbe_00074_NZ1.pdf,eise zur Abrechnung Brutto-Bezüge Betrag Lohnart Bezeichnung Einheit Menge Faktor3 Prozentsatz St SV GB 4 4 5 Gesamt-Brutto Steuerrechtliche Abzüge Netto-Verdienst Betrag Auszahlungsbetrag SV-rechtliche Abzüge Steuer/Sozialversicherung Netto-Bezüge/Netto-Abzüge St Steuer-Brutto Lohnsteuer Kirchensteuer Solidaritätszuschlag St4 SV4 KV-Brutto RV-Brutto AV-Brutto PV-Brutto KV-Beitrag RV-Beitrag AV-Beitrag PV-Beitrag6 SV,MEDIUM
SI-390JS-5935-26-01114,DUPLICATE,Same date/period/Krankenkasse/event/source already audited.,2024-09-13,,SBK,,,00_INBOX - Входящи - Eingang/Accounting_Organized/02_Payroll/10001_08-2024_Brutto_NettoProbe_00074_NZ1.pdf,eise zur Abrechnung Brutto-Bezüge Betrag Lohnart Bezeichnung Einheit Menge Faktor3 Prozentsatz St SV GB 4 4 5 Gesamt-Brutto Steuerrechtliche Abzüge Netto-Verdienst Betrag Auszahlungsbetrag SV-rechtliche Abzüge Steuer/Sozialversicherung Netto-Bezüge/Netto-Abzüge St Steuer-Brutto Lohnsteuer Kirchensteuer Solidaritätszuschlag St4 SV4 KV-Brutto RV-Brutto AV-Brutto PV-Brutto KV-Beitrag RV-Beitrag AV-Beitrag PV-Beitrag6 SV,MEDIUM
SI-390JS-5935-26-01115,UNCLEAR,Source row has insufficient semantic evidence for a resolution-action classification.,2024-09-13,,SBK,,,00_INBOX - Входящи - Eingang/Accounting_Organized/02_Payroll/10001_08-2024_Brutto_NettoProbe_00074_NZ1__copy2.pdf,eise zur Abrechnung Brutto-Bezüge Betrag Lohnart Bezeichnung Einheit Menge Faktor3 Prozentsatz St SV GB 4 4 5 Gesamt-Brutto Steuerrechtliche Abzüge Netto-Verdienst Betrag Auszahlungsbetrag SV-rechtliche Abzüge Steuer/Sozialversicherung Netto-Bezüge/Netto-Abzüge St Steuer-Brutto Lohnsteuer Kirchensteuer Solidaritätszuschlag St4 SV4 KV-Brutto RV-Brutto AV-Brutto PV-Brutto KV-Beitrag RV-Beitrag AV-Beitrag PV-Beitrag6 SV,MEDIUM
SI-390JS-5935-26-01116,DUPLICATE,Same date/period/Krankenkasse/event/source already audited.,2024-09-13,,SBK,,,00_INBOX - Входящи - Eingang/Accounting_Organized/13_Unknown_To_Review/10001_08-2024_Brutto_NettoProbe_00074_NZ1.pdf,eise zur Abrechnung Brutto-Bezüge Betrag Lohnart Bezeichnung Einheit Menge Faktor3 Prozentsatz St SV GB 4 4 5 Gesamt-Brutto Steuerrechtliche Abzüge Netto-Verdienst Betrag Auszahlungsbetrag SV-rechtliche Abzüge Steuer/Sozialversicherung Netto-Bezüge/Netto-Abzüge St Steuer-Brutto Lohnsteuer Kirchensteuer Solidaritätszuschlag St4 SV4 KV-Brutto RV-Brutto AV-Brutto PV-Brutto KV-Beitrag RV-Beitrag AV-Beitrag PV-Beitrag6 SV,MEDIUM
SI-390JS-5935-26-01130,UNCLEAR,Source row has insufficient semantic evidence for a resolution-action classification.,2024-09-18,,AOK,,,00_INBOX - Входящи - Eingang/Accounting/10001_09-2024_Brutto_NettoProbe_00051_QZ1.pdf,ise zur Abrechnung Brutto-Bezüge Betrag Lohnart Bezeichnung Einheit Menge Faktor 3 Prozentsatz St SV GB 4 4 5 Gesamt-Brutto Steuerrechtliche Abzüge Netto-Verdienst Betrag Auszahlungsbetrag SV-rechtliche Abzüge Steuer/Sozialversicherung Netto-Bezüge/Netto-Abzüge St Steuer-Brutto Lohnsteuer Kirchensteuer Solidaritätszuschlag St4 SV4 KV-Brutto RV-Brutto AV-Brutto PV-Brutto KV-Beitrag RV-Beitrag AV-Beitrag PV-Beitrag6 SV,MEDIUM
SI-390JS-5935-26-01131,UNCLEAR,Source row has insufficient semantic evidence for a resolution-action classification.,2024-09-18,2024-09,AOK,,,00_INBOX - Входящи - Eingang/Accounting/CarlundCarla_RG424005125.pdf,"kilometer 19% 0,20 € 20,00 € 80 darüber hinaus gefahrene Kilometer 19% 0,20 € 16,00 € Gesamtbetrag 214,00 € enthaltene USt. 19% 34,17 € Nettobetrag 179,83 € Abschlagsbetrag gezahlt am 18.09.2024 -198,00 € Forderungsbetrag 16,00 € Bitte zahle den Forderungsbetrag in Höhe von 16,00 € über folgenden Zahlungslink: https://buchung.carlundcarla.de/buchungbezahlen?n=8a7a8a4d-d793-4c07-8c13-707140e8bbd4 Der Forderungsbetrag ",MEDIUM
SI-390JS-5935-26-01132,DUPLICATE,Same date/period/Krankenkasse/event/source already audited.,2024-09-18,,AOK,,,00_INBOX - Входящи - Eingang/Accounting_Organized/02_Payroll/10001_09-2024_Brutto_NettoProbe_00051_QZ1.pdf,ise zur Abrechnung Brutto-Bezüge Betrag Lohnart Bezeichnung Einheit Menge Faktor 3 Prozentsatz St SV GB 4 4 5 Gesamt-Brutto Steuerrechtliche Abzüge Netto-Verdienst Betrag Auszahlungsbetrag SV-rechtliche Abzüge Steuer/Sozialversicherung Netto-Bezüge/Netto-Abzüge St Steuer-Brutto Lohnsteuer Kirchensteuer Solidaritätszuschlag St4 SV4 KV-Brutto RV-Brutto AV-Brutto PV-Brutto KV-Beitrag RV-Beitrag AV-Beitrag PV-Beitrag6 SV,MEDIUM
SI-390JS-5935-26-01133,DUPLICATE,Same date/period/Krankenkasse/event/source already audited.,2024-09-18,,AOK,,,00_INBOX - Входящи - Eingang/Accounting_Organized/04_Health_Insurance/10001_09-2024_Brutto_NettoProbe_00051_QZ1.pdf,ise zur Abrechnung Brutto-Bezüge Betrag Lohnart Bezeichnung Einheit Menge Faktor 3 Prozentsatz St SV GB 4 4 5 Gesamt-Brutto Steuerrechtliche Abzüge Netto-Verdienst Betrag Auszahlungsbetrag SV-rechtliche Abzüge Steuer/Sozialversicherung Netto-Bezüge/Netto-Abzüge St Steuer-Brutto Lohnsteuer Kirchensteuer Solidaritätszuschlag St4 SV4 KV-Brutto RV-Brutto AV-Brutto PV-Brutto KV-Beitrag RV-Beitrag AV-Beitrag PV-Beitrag6 SV,MEDIUM
SI-390JS-5935-26-01134,UNCLEAR,Source row has insufficient semantic evidence for a resolution-action classification.,2024-09-18,,AOK,,,00_INBOX - Входящи - Eingang/Accounting_Organized/04_Health_Insurance/10001_09-2024_Brutto_NettoProbe_00051_QZ1__copy2.pdf,ise zur Abrechnung Brutto-Bezüge Betrag Lohnart Bezeichnung Einheit Menge Faktor 3 Prozentsatz St SV GB 4 4 5 Gesamt-Brutto Steuerrechtliche Abzüge Netto-Verdienst Betrag Auszahlungsbetrag SV-rechtliche Abzüge Steuer/Sozialversicherung Netto-Bezüge/Netto-Abzüge St Steuer-Brutto Lohnsteuer Kirchensteuer Solidaritätszuschlag St4 SV4 KV-Brutto RV-Brutto AV-Brutto PV-Brutto KV-Beitrag RV-Beitrag AV-Beitrag PV-Beitrag6 SV,MEDIUM
SI-390JS-5935-26-01135,DUPLICATE,Same date/period/Krankenkasse/event/source already audited.,2024-09-18,2024-09,AOK,,,00_INBOX - Входящи - Eingang/Accounting_Organized/08_Operating_Costs/CarlundCarla_RG424005125.pdf,"kilometer 19% 0,20 € 20,00 € 80 darüber hinaus gefahrene Kilometer 19% 0,20 € 16,00 € Gesamtbetrag 214,00 € enthaltene USt. 19% 34,17 € Nettobetrag 179,83 € Abschlagsbetrag gezahlt am 18.09.2024 -198,00 € Forderungsbetrag 16,00 € Bitte zahle den Forderungsbetrag in Höhe von 16,00 € über folgenden Zahlungslink: https://buchung.carlundcarla.de/buchungbezahlen?n=8a7a8a4d-d793-4c07-8c13-707140e8bbd4 Der Forderungsbetrag ",MEDIUM
SI-390JS-5935-26-01136,UNCLEAR,Source row has insufficient semantic evidence for a resolution-action classification.,2024-09-18,2024-09,AOK,,,00_INBOX - Входящи - Eingang/Accounting_Organized/08_Operating_Costs/CarlundCarla_RG424005125__copy2.pdf,"kilometer 19% 0,20 € 20,00 € 80 darüber hinaus gefahrene Kilometer 19% 0,20 € 16,00 € Gesamtbetrag 214,00 € enthaltene USt. 19% 34,17 € Nettobetrag 179,83 € Abschlagsbetrag gezahlt am 18.09.2024 -198,00 € Forderungsbetrag 16,00 € Bitte zahle den Forderungsbetrag in Höhe von 16,00 € über folgenden Zahlungslink: https://buchung.carlundcarla.de/buchungbezahlen?n=8a7a8a4d-d793-4c07-8c13-707140e8bbd4 Der Forderungsbetrag ",MEDIUM
SI-390JS-5935-26-01137,UNCLEAR,Source row has insufficient semantic evidence for a resolution-action classification.,2024-09-18,2024-09,AOK,,,00_INBOX - Входящи - Eingang/Accounting_Organized/08_Operating_Costs/CarlundCarla_RG424005125__copy3.pdf,"kilometer 19% 0,20 € 20,00 € 80 darüber hinaus gefahrene Kilometer 19% 0,20 € 16,00 € Gesamtbetrag 214,00 € enthaltene USt. 19% 34,17 € Nettobetrag 179,83 € Abschlagsbetrag gezahlt am 18.09.2024 -198,00 € Forderungsbetrag 16,00 € Bitte zahle den Forderungsbetrag in Höhe von 16,00 € über folgenden Zahlungslink: https://buchung.carlundcarla.de/buchungbezahlen?n=8a7a8a4d-d793-4c07-8c13-707140e8bbd4 Der Forderungsbetrag ",MEDIUM
SI-390JS-5935-26-01142,UNCLEAR,Source row has insufficient semantic evidence for a resolution-action classification.,2024-09-18,,KKH,,,00_INBOX - Входящи - Eingang/Accounting/10001_09-2024_Brutto_NettoProbe_00051_QZ1.pdf,ise zur Abrechnung Brutto-Bezüge Betrag Lohnart Bezeichnung Einheit Menge Faktor 3 Prozentsatz St SV GB 4 4 5 Gesamt-Brutto Steuerrechtliche Abzüge Netto-Verdienst Betrag Auszahlungsbetrag SV-rechtliche Abzüge Steuer/Sozialversicherung Netto-Bezüge/Netto-Abzüge St Steuer-Brutto Lohnsteuer Kirchensteuer Solidaritätszuschlag St4 SV4 KV-Brutto RV-Brutto AV-Brutto PV-Brutto KV-Beitrag RV-Beitrag AV-Beitrag PV-Beitrag6 SV,MEDIUM
SI-390JS-5935-26-01143,DUPLICATE,Same date/period/Krankenkasse/event/source already audited.,2024-09-18,,KKH,,,00_INBOX - Входящи - Eingang/Accounting_Organized/02_Payroll/10001_09-2024_Brutto_NettoProbe_00051_QZ1.pdf,ise zur Abrechnung Brutto-Bezüge Betrag Lohnart Bezeichnung Einheit Menge Faktor 3 Prozentsatz St SV GB 4 4 5 Gesamt-Brutto Steuerrechtliche Abzüge Netto-Verdienst Betrag Auszahlungsbetrag SV-rechtliche Abzüge Steuer/Sozialversicherung Netto-Bezüge/Netto-Abzüge St Steuer-Brutto Lohnsteuer Kirchensteuer Solidaritätszuschlag St4 SV4 KV-Brutto RV-Brutto AV-Brutto PV-Brutto KV-Beitrag RV-Beitrag AV-Beitrag PV-Beitrag6 SV,MEDIUM
SI-390JS-5935-26-01144,DUPLICATE,Same date/period/Krankenkasse/event/source already audited.,2024-09-18,,KKH,,,00_INBOX - Входящи - Eingang/Accounting_Organized/04_Health_Insurance/10001_09-2024_Brutto_NettoProbe_00051_QZ1.pdf,ise zur Abrechnung Brutto-Bezüge Betrag Lohnart Bezeichnung Einheit Menge Faktor 3 Prozentsatz St SV GB 4 4 5 Gesamt-Brutto Steuerrechtliche Abzüge Netto-Verdienst Betrag Auszahlungsbetrag SV-rechtliche Abzüge Steuer/Sozialversicherung Netto-Bezüge/Netto-Abzüge St Steuer-Brutto Lohnsteuer Kirchensteuer Solidaritätszuschlag St4 SV4 KV-Brutto RV-Brutto AV-Brutto PV-Brutto KV-Beitrag RV-Beitrag AV-Beitrag PV-Beitrag6 SV,MEDIUM
SI-390JS-5935-26-01145,UNCLEAR,Source row has insufficient semantic evidence for a resolution-action classification.,2024-09-18,,KKH,,,00_INBOX - Входящи - Eingang/Accounting_Organized/04_Health_Insurance/10001_09-2024_Brutto_NettoProbe_00051_QZ1__copy2.pdf,ise zur Abrechnung Brutto-Bezüge Betrag Lohnart Bezeichnung Einheit Menge Faktor 3 Prozentsatz St SV GB 4 4 5 Gesamt-Brutto Steuerrechtliche Abzüge Netto-Verdienst Betrag Auszahlungsbetrag SV-rechtliche Abzüge Steuer/Sozialversicherung Netto-Bezüge/Netto-Abzüge St Steuer-Brutto Lohnsteuer Kirchensteuer Solidaritätszuschlag St4 SV4 KV-Brutto RV-Brutto AV-Brutto PV-Brutto KV-Beitrag RV-Beitrag AV-Beitrag PV-Beitrag6 SV,MEDIUM
SI-390JS-5935-26-01150,SUBSTANTIVE_RESOLUTION_ACTION,Contains arrears/enforcement wording plus an amount or payment evidence.,2024-09-19,2024-09,AOK,,99.00,00_INBOX - Входящи - Eingang/Accounting/CarlundCarla_RG424005157.pdf,"hte Zusatzkilometer 19% 0,20 € 10,00 € -50 zuviel gebuchte Kilometer 19% 0,20 € -10,00 € Gesamtbetrag 89,00 € enthaltene USt. 19% 14,21 € Nettobetrag 74,79 € Abschlagsbetrag gezahlt am 19.09.2024 -99,00 € Forderungsbetrag -10,00 € Der Restbetrag wird innerhalb der nächsten 7 Tage erstattet. Bei Fragen zu deinen Rechnungen wendest du dich einfach via E-Mail an rechnung@carlundcarla.de. Freundliche Grüße CarlundCarla.d",HIGH
SI-390JS-5935-26-01151,DUPLICATE,Same date/period/Krankenkasse/event/source already audited.,2024-09-19,2024-09,AOK,,99.00,00_INBOX - Входящи - Eingang/Accounting_Organized/08_Operating_Costs/CarlundCarla_RG424005157.pdf,"hte Zusatzkilometer 19% 0,20 € 10,00 € -50 zuviel gebuchte Kilometer 19% 0,20 € -10,00 € Gesamtbetrag 89,00 € enthaltene USt. 19% 14,21 € Nettobetrag 74,79 € Abschlagsbetrag gezahlt am 19.09.2024 -99,00 € Forderungsbetrag -10,00 € Der Restbetrag wird innerhalb der nächsten 7 Tage erstattet. Bei Fragen zu deinen Rechnungen wendest du dich einfach via E-Mail an rechnung@carlundcarla.de. Freundliche Grüße CarlundCarla.d",HIGH
SI-390JS-5935-26-01152,SUBSTANTIVE_RESOLUTION_ACTION,Contains arrears/enforcement wording plus an amount or payment evidence.,2024-09-19,2024-09,AOK,,99.00,00_INBOX - Входящи - Eingang/Accounting_Organized/08_Operating_Costs/CarlundCarla_RG424005157__copy2.pdf,"hte Zusatzkilometer 19% 0,20 € 10,00 € -50 zuviel gebuchte Kilometer 19% 0,20 € -10,00 € Gesamtbetrag 89,00 € enthaltene USt. 19% 14,21 € Nettobetrag 74,79 € Abschlagsbetrag gezahlt am 19.09.2024 -99,00 € Forderungsbetrag -10,00 € Der Restbetrag wird innerhalb der nächsten 7 Tage erstattet. Bei Fragen zu deinen Rechnungen wendest du dich einfach via E-Mail an rechnung@carlundcarla.de. Freundliche Grüße CarlundCarla.d",HIGH
SI-390JS-5935-26-01153,SUBSTANTIVE_RESOLUTION_ACTION,Contains arrears/enforcement wording plus an amount or payment evidence.,2024-09-19,2024-09,AOK,,99.00,00_INBOX - Входящи - Eingang/Accounting_Organized/08_Operating_Costs/CarlundCarla_RG424005157__copy3.pdf,"hte Zusatzkilometer 19% 0,20 € 10,00 € -50 zuviel gebuchte Kilometer 19% 0,20 € -10,00 € Gesamtbetrag 89,00 € enthaltene USt. 19% 14,21 € Nettobetrag 74,79 € Abschlagsbetrag gezahlt am 19.09.2024 -99,00 € Forderungsbetrag -10,00 € Der Restbetrag wird innerhalb der nächsten 7 Tage erstattet. Bei Fragen zu deinen Rechnungen wendest du dich einfach via E-Mail an rechnung@carlundcarla.de. Freundliche Grüße CarlundCarla.d",HIGH
SI-390JS-5935-26-01173,UNCLEAR,Source row has insufficient semantic evidence for a resolution-action classification.,2024-10-09,,AOK Hessen,,,00_INBOX - Входящи - Eingang/Accounting/10001_09-2024_DivAuswertungen_DivMitarbeiter_QZ1.pdf,eise zur Abrechnung Brutto-Bezüge Betrag Lohnart Bezeichnung Einheit Menge Faktor3 Prozentsatz St SV GB 4 4 5 Gesamt-Brutto Steuerrechtliche Abzüge Netto-Verdienst Betrag Auszahlungsbetrag SV-rechtliche Abzüge Steuer/Sozialversicherung Netto-Bezüge/Netto-Abzüge St Steuer-Brutto Lohnsteuer Kirchensteuer Solidaritätszuschlag St4 SV4 KV-Brutto RV-Brutto AV-Brutto PV-Brutto KV-Beitrag RV-Beitrag AV-Beitrag PV-Beitrag6 SV,MEDIUM
SI-390JS-5935-26-01174,DUPLICATE,Same date/period/Krankenkasse/event/source already audited.,2024-10-09,,AOK Hessen,,,00_INBOX - Входящи - Eingang/Accounting_Organized/02_Payroll/10001_09-2024_DivAuswertungen_DivMitarbeiter_QZ1.pdf,eise zur Abrechnung Brutto-Bezüge Betrag Lohnart Bezeichnung Einheit Menge Faktor3 Prozentsatz St SV GB 4 4 5 Gesamt-Brutto Steuerrechtliche Abzüge Netto-Verdienst Betrag Auszahlungsbetrag SV-rechtliche Abzüge Steuer/Sozialversicherung Netto-Bezüge/Netto-Abzüge St Steuer-Brutto Lohnsteuer Kirchensteuer Solidaritätszuschlag St4 SV4 KV-Brutto RV-Brutto AV-Brutto PV-Brutto KV-Beitrag RV-Beitrag AV-Beitrag PV-Beitrag6 SV,MEDIUM
SI-390JS-5935-26-01175,UNCLEAR,Source row has insufficient semantic evidence for a resolution-action classification.,2024-10-09,,AOK Hessen,,,00_INBOX - Входящи - Eingang/Accounting_Organized/02_Payroll/10001_09-2024_DivAuswertungen_DivMitarbeiter_QZ1__copy2.pdf,eise zur Abrechnung Brutto-Bezüge Betrag Lohnart Bezeichnung Einheit Menge Faktor3 Prozentsatz St SV GB 4 4 5 Gesamt-Brutto Steuerrechtliche Abzüge Netto-Verdienst Betrag Auszahlungsbetrag SV-rechtliche Abzüge Steuer/Sozialversicherung Netto-Bezüge/Netto-Abzüge St Steuer-Brutto Lohnsteuer Kirchensteuer Solidaritätszuschlag St4 SV4 KV-Brutto RV-Brutto AV-Brutto PV-Brutto KV-Beitrag RV-Beitrag AV-Beitrag PV-Beitrag6 SV,MEDIUM
SI-390JS-5935-26-01176,DUPLICATE,Same date/period/Krankenkasse/event/source already audited.,2024-10-09,,AOK Hessen,,,00_INBOX - Входящи - Eingang/Accounting_Organized/13_Unknown_To_Review/10001_09-2024_DivAuswertungen_DivMitarbeiter_QZ1.pdf,eise zur Abrechnung Brutto-Bezüge Betrag Lohnart Bezeichnung Einheit Menge Faktor3 Prozentsatz St SV GB 4 4 5 Gesamt-Brutto Steuerrechtliche Abzüge Netto-Verdienst Betrag Auszahlungsbetrag SV-rechtliche Abzüge Steuer/Sozialversicherung Netto-Bezüge/Netto-Abzüge St Steuer-Brutto Lohnsteuer Kirchensteuer Solidaritätszuschlag St4 SV4 KV-Brutto RV-Brutto AV-Brutto PV-Brutto KV-Beitrag RV-Beitrag AV-Beitrag PV-Beitrag6 SV,MEDIUM
SI-390JS-5935-26-01177,UNCLEAR,Source row has insufficient semantic evidence for a resolution-action classification.,2024-10-09,,KKH,,,00_INBOX - Входящи - Eingang/Accounting/10001_09-2024_DivAuswertungen_DivMitarbeiter_QZ1.pdf,eise zur Abrechnung Brutto-Bezüge Betrag Lohnart Bezeichnung Einheit Menge Faktor3 Prozentsatz St SV GB 4 4 5 Gesamt-Brutto Steuerrechtliche Abzüge Netto-Verdienst Betrag Auszahlungsbetrag SV-rechtliche Abzüge Steuer/Sozialversicherung Netto-Bezüge/Netto-Abzüge St Steuer-Brutto Lohnsteuer Kirchensteuer Solidaritätszuschlag St4 SV4 KV-Brutto RV-Brutto AV-Brutto PV-Brutto KV-Beitrag RV-Beitrag AV-Beitrag PV-Beitrag6 SV,MEDIUM
SI-390JS-5935-26-01178,DUPLICATE,Same date/period/Krankenkasse/event/source already audited.,2024-10-09,,KKH,,,00_INBOX - Входящи - Eingang/Accounting_Organized/02_Payroll/10001_09-2024_DivAuswertungen_DivMitarbeiter_QZ1.pdf,eise zur Abrechnung Brutto-Bezüge Betrag Lohnart Bezeichnung Einheit Menge Faktor3 Prozentsatz St SV GB 4 4 5 Gesamt-Brutto Steuerrechtliche Abzüge Netto-Verdienst Betrag Auszahlungsbetrag SV-rechtliche Abzüge Steuer/Sozialversicherung Netto-Bezüge/Netto-Abzüge St Steuer-Brutto Lohnsteuer Kirchensteuer Solidaritätszuschlag St4 SV4 KV-Brutto RV-Brutto AV-Brutto PV-Brutto KV-Beitrag RV-Beitrag AV-Beitrag PV-Beitrag6 SV,MEDIUM
SI-390JS-5935-26-01179,UNCLEAR,Source row has insufficient semantic evidence for a resolution-action classification.,2024-10-09,,KKH,,,00_INBOX - Входящи - Eingang/Accounting_Organized/02_Payroll/10001_09-2024_DivAuswertungen_DivMitarbeiter_QZ1__copy2.pdf,eise zur Abrechnung Brutto-Bezüge Betrag Lohnart Bezeichnung Einheit Menge Faktor3 Prozentsatz St SV GB 4 4 5 Gesamt-Brutto Steuerrechtliche Abzüge Netto-Verdienst Betrag Auszahlungsbetrag SV-rechtliche Abzüge Steuer/Sozialversicherung Netto-Bezüge/Netto-Abzüge St Steuer-Brutto Lohnsteuer Kirchensteuer Solidaritätszuschlag St4 SV4 KV-Brutto RV-Brutto AV-Brutto PV-Brutto KV-Beitrag RV-Beitrag AV-Beitrag PV-Beitrag6 SV,MEDIUM
SI-390JS-5935-26-01180,DUPLICATE,Same date/period/Krankenkasse/event/source already audited.,2024-10-09,,KKH,,,00_INBOX - Входящи - Eingang/Accounting_Organized/13_Unknown_To_Review/10001_09-2024_DivAuswertungen_DivMitarbeiter_QZ1.pdf,eise zur Abrechnung Brutto-Bezüge Betrag Lohnart Bezeichnung Einheit Menge Faktor3 Prozentsatz St SV GB 4 4 5 Gesamt-Brutto Steuerrechtliche Abzüge Netto-Verdienst Betrag Auszahlungsbetrag SV-rechtliche Abzüge Steuer/Sozialversicherung Netto-Bezüge/Netto-Abzüge St Steuer-Brutto Lohnsteuer Kirchensteuer Solidaritätszuschlag St4 SV4 KV-Brutto RV-Brutto AV-Brutto PV-Brutto KV-Beitrag RV-Beitrag AV-Beitrag PV-Beitrag6 SV,MEDIUM
SI-390JS-5935-26-01181,UNCLEAR,Source row has insufficient semantic evidence for a resolution-action classification.,2024-10-10,,AOK,,,00_INBOX - Входящи - Eingang/Accounting/10001_09-2024_Brutto_NettoProbe_00107_QZ1.pdf,ise zur Abrechnung Brutto-Bezüge Betrag Lohnart Bezeichnung Einheit Menge Faktor 3 Prozentsatz St SV GB 4 4 5 Gesamt-Brutto Steuerrechtliche Abzüge Netto-Verdienst Betrag Auszahlungsbetrag SV-rechtliche Abzüge Steuer/Sozialversicherung Netto-Bezüge/Netto-Abzüge St Steuer-Brutto Lohnsteuer Kirchensteuer Solidaritätszuschlag St4 SV4 KV-Brutto RV-Brutto AV-Brutto PV-Brutto KV-Beitrag RV-Beitrag AV-Beitrag PV-Beitrag6 SV,MEDIUM
SI-390JS-5935-26-01182,DUPLICATE,Same date/period/Krankenkasse/event/source already audited.,2024-10-10,,AOK,,,00_INBOX - Входящи - Eingang/Accounting_Organized/02_Payroll/10001_09-2024_Brutto_NettoProbe_00107_QZ1.pdf,ise zur Abrechnung Brutto-Bezüge Betrag Lohnart Bezeichnung Einheit Menge Faktor 3 Prozentsatz St SV GB 4 4 5 Gesamt-Brutto Steuerrechtliche Abzüge Netto-Verdienst Betrag Auszahlungsbetrag SV-rechtliche Abzüge Steuer/Sozialversicherung Netto-Bezüge/Netto-Abzüge St Steuer-Brutto Lohnsteuer Kirchensteuer Solidaritätszuschlag St4 SV4 KV-Brutto RV-Brutto AV-Brutto PV-Brutto KV-Beitrag RV-Beitrag AV-Beitrag PV-Beitrag6 SV,MEDIUM
SI-390JS-5935-26-01183,DUPLICATE,Same date/period/Krankenkasse/event/source already audited.,2024-10-10,,AOK,,,00_INBOX - Входящи - Eingang/Accounting_Organized/04_Health_Insurance/10001_09-2024_Brutto_NettoProbe_00107_QZ1.pdf,ise zur Abrechnung Brutto-Bezüge Betrag Lohnart Bezeichnung Einheit Menge Faktor 3 Prozentsatz St SV GB 4 4 5 Gesamt-Brutto Steuerrechtliche Abzüge Netto-Verdienst Betrag Auszahlungsbetrag SV-rechtliche Abzüge Steuer/Sozialversicherung Netto-Bezüge/Netto-Abzüge St Steuer-Brutto Lohnsteuer Kirchensteuer Solidaritätszuschlag St4 SV4 KV-Brutto RV-Brutto AV-Brutto PV-Brutto KV-Beitrag RV-Beitrag AV-Beitrag PV-Beitrag6 SV,MEDIUM
SI-390JS-5935-26-01184,UNCLEAR,Source row has insufficient semantic evidence for a resolution-action classification.,2024-10-10,,AOK,,,00_INBOX - Входящи - Eingang/Accounting_Organized/04_Health_Insurance/10001_09-2024_Brutto_NettoProbe_00107_QZ1__copy2.pdf,ise zur Abrechnung Brutto-Bezüge Betrag Lohnart Bezeichnung Einheit Menge Faktor 3 Prozentsatz St SV GB 4 4 5 Gesamt-Brutto Steuerrechtliche Abzüge Netto-Verdienst Betrag Auszahlungsbetrag SV-rechtliche Abzüge Steuer/Sozialversicherung Netto-Bezüge/Netto-Abzüge St Steuer-Brutto Lohnsteuer Kirchensteuer Solidaritätszuschlag St4 SV4 KV-Brutto RV-Brutto AV-Brutto PV-Brutto KV-Beitrag RV-Beitrag AV-Beitrag PV-Beitrag6 SV,MEDIUM
SI-390JS-5935-26-01185,UNCLEAR,Source row has insufficient semantic evidence for a resolution-action classification.,2024-10-10,2024-09,AOK,,877798.83,00_INBOX - Входящи - Eingang/Accounting/2024/Entgeltbescheinigungen 09-2024.pdf,"Usti Nad Labem 27 1 09119 Chemnitz Übersicht Zahlungen im September 2024 Empfänger PLZ Ort Zahlart Verwendungszweck Betrag AOK Bayern Die Gesundheitsk 81739 München Keine Überw. 89878877 798,83- AOK Hessen 61281 Bad Homburg Überweisung 89878877 1.244,22 AOK PLUS 01058 Dresden Bar/Einzug 89878877",HIGH
SI-390JS-5935-26-01187,UNCLEAR,Source row has insufficient semantic evidence for a resolution-action classification.,2024-10-10,2024-09,AOK,,877798.83,00_INBOX - Входящи - Eingang/Accounting/ihrelohnauswertungen(1)/Lohnauswertungen.pdf,"Usti Nad Labem 27 1 09119 Chemnitz Übersicht Zahlungen im September 2024 Empfänger PLZ Ort Zahlart Verwendungszweck Betrag AOK Bayern Die Gesundheitsk 81739 München Keine Überw. 89878877 798,83- AOK Hessen 61281 Bad Homburg Überweisung 89878877 1.244,22 AOK PLUS 01058 Dresden Bar/Einzug 89878877",HIGH
SI-390JS-5935-26-01190,DUPLICATE,Same date/period/Krankenkasse/event/source already audited.,2024-10-10,2024-09,AOK,,877798.83,00_INBOX - Входящи - Eingang/Accounting_Organized/03_Employee_Payslips/Entgeltbescheinigungen 09-2024.pdf,"Usti Nad Labem 27 1 09119 Chemnitz Übersicht Zahlungen im September 2024 Empfänger PLZ Ort Zahlart Verwendungszweck Betrag AOK Bayern Die Gesundheitsk 81739 München Keine Überw. 89878877 798,83- AOK Hessen 61281 Bad Homburg Überweisung 89878877 1.244,22 AOK PLUS 01058 Dresden Bar/Einzug 89878877",HIGH
SI-390JS-5935-26-01191,UNCLEAR,Source row has insufficient semantic evidence for a resolution-action classification.,2024-10-10,2024-09,AOK,,877798.83,00_INBOX - Входящи - Eingang/Accounting_Organized/03_Employee_Payslips/Entgeltbescheinigungen 09-2024__copy2.pdf,"Usti Nad Labem 27 1 09119 Chemnitz Übersicht Zahlungen im September 2024 Empfänger PLZ Ort Zahlart Verwendungszweck Betrag AOK Bayern Die Gesundheitsk 81739 München Keine Überw. 89878877 798,83- AOK Hessen 61281 Bad Homburg Überweisung 89878877 1.244,22 AOK PLUS 01058 Dresden Bar/Einzug 89878877",HIGH
SI-390JS-5935-26-01192,UNCLEAR,Source row has insufficient semantic evidence for a resolution-action classification.,2024-10-10,2024-09,AOK,,877798.83,00_INBOX - Входящи - Eingang/Accounting_Organized/03_Employee_Payslips/Entgeltbescheinigungen 09-2024__copy3.pdf,"Usti Nad Labem 27 1 09119 Chemnitz Übersicht Zahlungen im September 2024 Empfänger PLZ Ort Zahlart Verwendungszweck Betrag AOK Bayern Die Gesundheitsk 81739 München Keine Überw. 89878877 798,83- AOK Hessen 61281 Bad Homburg Überweisung 89878877 1.244,22 AOK PLUS 01058 Dresden Bar/Einzug 89878877",HIGH
SI-390JS-5935-26-01194,UNCLEAR,Source row has insufficient semantic evidence for a resolution-action classification.,2024-10-10,2024-09,AOK,,877798.83,00_INBOX - Входящи - Eingang/Accounting_Organized/14_Duplicates/Lohnauswertungen__copy2.pdf,"Usti Nad Labem 27 1 09119 Chemnitz Übersicht Zahlungen im September 2024 Empfänger PLZ Ort Zahlart Verwendungszweck Betrag AOK Bayern Die Gesundheitsk 81739 München Keine Überw. 89878877 798,83- AOK Hessen 61281 Bad Homburg Überweisung 89878877 1.244,22 AOK PLUS 01058 Dresden Bar/Einzug 89878877",HIGH
SI-390JS-5935-26-01195,UNCLEAR,Source row has insufficient semantic evidence for a resolution-action classification.,2024-10-10,2024-09,AOK,,877798.83,00_INBOX - Входящи - Eingang/Accounting_Organized/14_Duplicates/Lohnauswertungen__copy20.pdf,"Usti Nad Labem 27 1 09119 Chemnitz Übersicht Zahlungen im September 2024 Empfänger PLZ Ort Zahlart Verwendungszweck Betrag AOK Bayern Die Gesundheitsk 81739 München Keine Überw. 89878877 798,83- AOK Hessen 61281 Bad Homburg Überweisung 89878877 1.244,22 AOK PLUS 01058 Dresden Bar/Einzug 89878877",HIGH
SI-390JS-5935-26-01196,UNCLEAR,Source row has insufficient semantic evidence for a resolution-action classification.,2024-10-10,2024-09,AOK,,877798.83,00_INBOX - Входящи - Eingang/Accounting_Organized/14_Duplicates/Lohnauswertungen__copy38.pdf,"Usti Nad Labem 27 1 09119 Chemnitz Übersicht Zahlungen im September 2024 Empfänger PLZ Ort Zahlart Verwendungszweck Betrag AOK Bayern Die Gesundheitsk 81739 München Keine Überw. 89878877 798,83- AOK Hessen 61281 Bad Homburg Überweisung 89878877 1.244,22 AOK PLUS 01058 Dresden Bar/Einzug 89878877",HIGH
SI-390JS-5935-26-01209,UNCLEAR,Source row has insufficient semantic evidence for a resolution-action classification.,2024-10-10,,KKH,,,00_INBOX - Входящи - Eingang/Accounting/10001_09-2024_Brutto_NettoProbe_00107_QZ1.pdf,ise zur Abrechnung Brutto-Bezüge Betrag Lohnart Bezeichnung Einheit Menge Faktor 3 Prozentsatz St SV GB 4 4 5 Gesamt-Brutto Steuerrechtliche Abzüge Netto-Verdienst Betrag Auszahlungsbetrag SV-rechtliche Abzüge Steuer/Sozialversicherung Netto-Bezüge/Netto-Abzüge St Steuer-Brutto Lohnsteuer Kirchensteuer Solidaritätszuschlag St4 SV4 KV-Brutto RV-Brutto AV-Brutto PV-Brutto KV-Beitrag RV-Beitrag AV-Beitrag PV-Beitrag6 SV,MEDIUM
SI-390JS-5935-26-01210,DUPLICATE,Same date/period/Krankenkasse/event/source already audited.,2024-10-10,,KKH,,,00_INBOX - Входящи - Eingang/Accounting_Organized/02_Payroll/10001_09-2024_Brutto_NettoProbe_00107_QZ1.pdf,ise zur Abrechnung Brutto-Bezüge Betrag Lohnart Bezeichnung Einheit Menge Faktor 3 Prozentsatz St SV GB 4 4 5 Gesamt-Brutto Steuerrechtliche Abzüge Netto-Verdienst Betrag Auszahlungsbetrag SV-rechtliche Abzüge Steuer/Sozialversicherung Netto-Bezüge/Netto-Abzüge St Steuer-Brutto Lohnsteuer Kirchensteuer Solidaritätszuschlag St4 SV4 KV-Brutto RV-Brutto AV-Brutto PV-Brutto KV-Beitrag RV-Beitrag AV-Beitrag PV-Beitrag6 SV,MEDIUM
SI-390JS-5935-26-01211,DUPLICATE,Same date/period/Krankenkasse/event/source already audited.,2024-10-10,,KKH,,,00_INBOX - Входящи - Eingang/Accounting_Organized/04_Health_Insurance/10001_09-2024_Brutto_NettoProbe_00107_QZ1.pdf,ise zur Abrechnung Brutto-Bezüge Betrag Lohnart Bezeichnung Einheit Menge Faktor 3 Prozentsatz St SV GB 4 4 5 Gesamt-Brutto Steuerrechtliche Abzüge Netto-Verdienst Betrag Auszahlungsbetrag SV-rechtliche Abzüge Steuer/Sozialversicherung Netto-Bezüge/Netto-Abzüge St Steuer-Brutto Lohnsteuer Kirchensteuer Solidaritätszuschlag St4 SV4 KV-Brutto RV-Brutto AV-Brutto PV-Brutto KV-Beitrag RV-Beitrag AV-Beitrag PV-Beitrag6 SV,MEDIUM
SI-390JS-5935-26-01212,UNCLEAR,Source row has insufficient semantic evidence for a resolution-action classification.,2024-10-10,,KKH,,,00_INBOX - Входящи - Eingang/Accounting_Organized/04_Health_Insurance/10001_09-2024_Brutto_NettoProbe_00107_QZ1__copy2.pdf,ise zur Abrechnung Brutto-Bezüge Betrag Lohnart Bezeichnung Einheit Menge Faktor 3 Prozentsatz St SV GB 4 4 5 Gesamt-Brutto Steuerrechtliche Abzüge Netto-Verdienst Betrag Auszahlungsbetrag SV-rechtliche Abzüge Steuer/Sozialversicherung Netto-Bezüge/Netto-Abzüge St Steuer-Brutto Lohnsteuer Kirchensteuer Solidaritätszuschlag St4 SV4 KV-Brutto RV-Brutto AV-Brutto PV-Brutto KV-Beitrag RV-Beitrag AV-Beitrag PV-Beitrag6 SV,MEDIUM
SI-390JS-5935-26-01217,UNCLEAR,Source row has insufficient semantic evidence for a resolution-action classification.,2024-10-30,2024-10,AOK,,,"00_INBOX - Входящи - Eingang/Accounting/accountings092024/44458 - Rechnung 241068_2024 vom 30.10.2024, Aufträge 31_24, 33_24, 34_24, Mandant 42303.pdf","daten 175,00 EUR AN September/2024 7 15,00 EUR Abmeldung eines Arbeitnehmers nach § 25 DEÜV 105,00 EUR AN September/2024 5 15,00 EUR Erstellen eines Antrags auf Lohnfortzahlungserstattung Requests of reimbursement of wages for the health insurances 75,00 EUR AN September/2024 Seite 1 Übertrag 1.942,20 EUR [[page 2]] Mandantennummer: 42303 Rechnungsnummer: 241068 Rechnungsjahr: 2024 Übertrag 1.942,20 EUR Bezeichnung §",MEDIUM
SI-390JS-5935-26-01218,DUPLICATE,Same date/period/Krankenkasse/event/source already audited.,2024-10-30,2024-10,AOK,,,"00_INBOX - Входящи - Eingang/Accounting_Organized/01_Accountant_Emails/44458 - Rechnung 241068_2024 vom 30.10.2024, Aufträge 31_24, 33_24, 34_24, Mandant 42303.pdf","daten 175,00 EUR AN September/2024 7 15,00 EUR Abmeldung eines Arbeitnehmers nach § 25 DEÜV 105,00 EUR AN September/2024 5 15,00 EUR Erstellen eines Antrags auf Lohnfortzahlungserstattung Requests of reimbursement of wages for the health insurances 75,00 EUR AN September/2024 Seite 1 Übertrag 1.942,20 EUR [[page 2]] Mandantennummer: 42303 Rechnungsnummer: 241068 Rechnungsjahr: 2024 Übertrag 1.942,20 EUR Bezeichnung §",MEDIUM
SI-390JS-5935-26-01219,DUPLICATE,Same date/period/Krankenkasse/event/source already audited.,2024-10-30,2024-10,AOK,,,"00_INBOX - Входящи - Eingang/Accounting_Organized/08_Operating_Costs/44458 - Rechnung 241068_2024 vom 30.10.2024, Aufträge 31_24, 33_24, 34_24, Mandant 42303.pdf","daten 175,00 EUR AN September/2024 7 15,00 EUR Abmeldung eines Arbeitnehmers nach § 25 DEÜV 105,00 EUR AN September/2024 5 15,00 EUR Erstellen eines Antrags auf Lohnfortzahlungserstattung Requests of reimbursement of wages for the health insurances 75,00 EUR AN September/2024 Seite 1 Übertrag 1.942,20 EUR [[page 2]] Mandantennummer: 42303 Rechnungsnummer: 241068 Rechnungsjahr: 2024 Übertrag 1.942,20 EUR Bezeichnung §",MEDIUM
SI-390JS-5935-26-01220,UNCLEAR,Source row has insufficient semantic evidence for a resolution-action classification.,2024-10-30,2024-10,AOK,,,"00_INBOX - Входящи - Eingang/Accounting_Organized/08_Operating_Costs/44458 - Rechnung 241068_2024 vom 30.10.2024, Aufträge 31_24, 33_24, 34_24, Mandant 42303__copy2.pdf","daten 175,00 EUR AN September/2024 7 15,00 EUR Abmeldung eines Arbeitnehmers nach § 25 DEÜV 105,00 EUR AN September/2024 5 15,00 EUR Erstellen eines Antrags auf Lohnfortzahlungserstattung Requests of reimbursement of wages for the health insurances 75,00 EUR AN September/2024 Seite 1 Übertrag 1.942,20 EUR [[page 2]] Mandantennummer: 42303 Rechnungsnummer: 241068 Rechnungsjahr: 2024 Übertrag 1.942,20 EUR Bezeichnung §",MEDIUM
SI-390JS-5935-26-01242,UNCLEAR,Source row has insufficient semantic evidence for a resolution-action classification.,2024-11-07,2024-10,AOK Hessen,,,00_INBOX - Входящи - Eingang/Accounting/Lohnauswertungen_Oktober_2024.pdf,"9798/10001/00006 für Oktober 2024 07.11.2024 1 00006 101077 1 30 12101077S175 AOK Hessen 162 101 1111 1 30 021018 92316524205 AZK-Std. 2000 Gehalt L L J 2.829,06 2.829,06 L 2.82906 28216 282,16 L 2.82906 2.82906 2.82906 2.82906 22",MEDIUM
SI-390JS-5935-26-01243,DUPLICATE,Same date/period/Krankenkasse/event/source already audited.,2024-11-07,2024-10,AOK Hessen,,,00_INBOX - Входящи - Eingang/Accounting_Organized/02_Payroll/Lohnauswertungen_Oktober_2024.pdf,"9798/10001/00006 für Oktober 2024 07.11.2024 1 00006 101077 1 30 12101077S175 AOK Hessen 162 101 1111 1 30 021018 92316524205 AZK-Std. 2000 Gehalt L L J 2.829,06 2.829,06 L 2.82906 28216 282,16 L 2.82906 2.82906 2.82906 2.82906 22",MEDIUM
SI-390JS-5935-26-01244,UNCLEAR,Source row has insufficient semantic evidence for a resolution-action classification.,2024-11-07,2024-10,AOK Hessen,,,00_INBOX - Входящи - Eingang/Accounting_Organized/02_Payroll/Lohnauswertungen_Oktober_2024__copy2.pdf,"9798/10001/00006 für Oktober 2024 07.11.2024 1 00006 101077 1 30 12101077S175 AOK Hessen 162 101 1111 1 30 021018 92316524205 AZK-Std. 2000 Gehalt L L J 2.829,06 2.829,06 L 2.82906 28216 282,16 L 2.82906 2.82906 2.82906 2.82906 22",MEDIUM
SI-390JS-5935-26-01245,DUPLICATE,Same date/period/Krankenkasse/event/source already audited.,2024-11-07,2024-10,AOK Hessen,,,00_INBOX - Входящи - Eingang/Accounting_Organized/13_Unknown_To_Review/Lohnauswertungen_Oktober_2024.pdf,"9798/10001/00006 für Oktober 2024 07.11.2024 1 00006 101077 1 30 12101077S175 AOK Hessen 162 101 1111 1 30 021018 92316524205 AZK-Std. 2000 Gehalt L L J 2.829,06 2.829,06 L 2.82906 28216 282,16 L 2.82906 2.82906 2.82906 2.82906 22",MEDIUM
SI-390JS-5935-26-01246,UNCLEAR,Source row has insufficient semantic evidence for a resolution-action classification.,2024-11-07,2024-10,BKK Linde,,,00_INBOX - Входящи - Eingang/Accounting/Lohnauswertungen_Oktober_2024.pdf,"9798/10001/00006 für Oktober 2024 07.11.2024 1 00006 101077 1 30 12101077S175 AOK Hessen 162 101 1111 1 30 021018 92316524205 AZK-Std. 2000 Gehalt L L J 2.829,06 2.829,06 L 2.82906 28216 282,16 L 2.82906 2.82906 2.82906 2.82906 22",MEDIUM
SI-390JS-5935-26-01247,DUPLICATE,Same date/period/Krankenkasse/event/source already audited.,2024-11-07,2024-10,BKK Linde,,,00_INBOX - Входящи - Eingang/Accounting_Organized/02_Payroll/Lohnauswertungen_Oktober_2024.pdf,"9798/10001/00006 für Oktober 2024 07.11.2024 1 00006 101077 1 30 12101077S175 AOK Hessen 162 101 1111 1 30 021018 92316524205 AZK-Std. 2000 Gehalt L L J 2.829,06 2.829,06 L 2.82906 28216 282,16 L 2.82906 2.82906 2.82906 2.82906 22",MEDIUM
SI-390JS-5935-26-01248,UNCLEAR,Source row has insufficient semantic evidence for a resolution-action classification.,2024-11-07,2024-10,BKK Linde,,,00_INBOX - Входящи - Eingang/Accounting_Organized/02_Payroll/Lohnauswertungen_Oktober_2024__copy2.pdf,"9798/10001/00006 für Oktober 2024 07.11.2024 1 00006 101077 1 30 12101077S175 AOK Hessen 162 101 1111 1 30 021018 92316524205 AZK-Std. 2000 Gehalt L L J 2.829,06 2.829,06 L 2.82906 28216 282,16 L 2.82906 2.82906 2.82906 2.82906 22",MEDIUM
SI-390JS-5935-26-01249,DUPLICATE,Same date/period/Krankenkasse/event/source already audited.,2024-11-07,2024-10,BKK Linde,,,00_INBOX - Входящи - Eingang/Accounting_Organized/13_Unknown_To_Review/Lohnauswertungen_Oktober_2024.pdf,"9798/10001/00006 für Oktober 2024 07.11.2024 1 00006 101077 1 30 12101077S175 AOK Hessen 162 101 1111 1 30 021018 92316524205 AZK-Std. 2000 Gehalt L L J 2.829,06 2.829,06 L 2.82906 28216 282,16 L 2.82906 2.82906 2.82906 2.82906 22",MEDIUM
SI-390JS-5935-26-01250,UNCLEAR,Source row has insufficient semantic evidence for a resolution-action classification.,2024-11-07,2024-10,KKH,,,00_INBOX - Входящи - Eingang/Accounting/Lohnauswertungen_Oktober_2024.pdf,"9798/10001/00006 für Oktober 2024 07.11.2024 1 00006 101077 1 30 12101077S175 AOK Hessen 162 101 1111 1 30 021018 92316524205 AZK-Std. 2000 Gehalt L L J 2.829,06 2.829,06 L 2.82906 28216 282,16 L 2.82906 2.82906 2.82906 2.82906 22",MEDIUM
SI-390JS-5935-26-01251,DUPLICATE,Same date/period/Krankenkasse/event/source already audited.,2024-11-07,2024-10,KKH,,,00_INBOX - Входящи - Eingang/Accounting_Organized/02_Payroll/Lohnauswertungen_Oktober_2024.pdf,"9798/10001/00006 für Oktober 2024 07.11.2024 1 00006 101077 1 30 12101077S175 AOK Hessen 162 101 1111 1 30 021018 92316524205 AZK-Std. 2000 Gehalt L L J 2.829,06 2.829,06 L 2.82906 28216 282,16 L 2.82906 2.82906 2.82906 2.82906 22",MEDIUM
SI-390JS-5935-26-01252,UNCLEAR,Source row has insufficient semantic evidence for a resolution-action classification.,2024-11-07,2024-10,KKH,,,00_INBOX - Входящи - Eingang/Accounting_Organized/02_Payroll/Lohnauswertungen_Oktober_2024__copy2.pdf,"9798/10001/00006 für Oktober 2024 07.11.2024 1 00006 101077 1 30 12101077S175 AOK Hessen 162 101 1111 1 30 021018 92316524205 AZK-Std. 2000 Gehalt L L J 2.829,06 2.829,06 L 2.82906 28216 282,16 L 2.82906 2.82906 2.82906 2.82906 22",MEDIUM
SI-390JS-5935-26-01253,DUPLICATE,Same date/period/Krankenkasse/event/source already audited.,2024-11-07,2024-10,KKH,,,00_INBOX - Входящи - Eingang/Accounting_Organized/13_Unknown_To_Review/Lohnauswertungen_Oktober_2024.pdf,"9798/10001/00006 für Oktober 2024 07.11.2024 1 00006 101077 1 30 12101077S175 AOK Hessen 162 101 1111 1 30 021018 92316524205 AZK-Std. 2000 Gehalt L L J 2.829,06 2.829,06 L 2.82906 28216 282,16 L 2.82906 2.82906 2.82906 2.82906 22",MEDIUM
SI-390JS-5935-26-01254,UNCLEAR,Source row has insufficient semantic evidence for a resolution-action classification.,2024-11-07,2024-10,VIACTIV,,,00_INBOX - Входящи - Eingang/Accounting/Lohnauswertungen_Oktober_2024.pdf,"9798/10001/00006 für Oktober 2024 07.11.2024 1 00006 101077 1 30 12101077S175 AOK Hessen 162 101 1111 1 30 021018 92316524205 AZK-Std. 2000 Gehalt L L J 2.829,06 2.829,06 L 2.82906 28216 282,16 L 2.82906 2.82906 2.82906 2.82906 22",MEDIUM
SI-390JS-5935-26-01255,DUPLICATE,Same date/period/Krankenkasse/event/source already audited.,2024-11-07,2024-10,VIACTIV,,,00_INBOX - Входящи - Eingang/Accounting_Organized/02_Payroll/Lohnauswertungen_Oktober_2024.pdf,"9798/10001/00006 für Oktober 2024 07.11.2024 1 00006 101077 1 30 12101077S175 AOK Hessen 162 101 1111 1 30 021018 92316524205 AZK-Std. 2000 Gehalt L L J 2.829,06 2.829,06 L 2.82906 28216 282,16 L 2.82906 2.82906 2.82906 2.82906 22",MEDIUM
SI-390JS-5935-26-01256,UNCLEAR,Source row has insufficient semantic evidence for a resolution-action classification.,2024-11-07,2024-10,VIACTIV,,,00_INBOX - Входящи - Eingang/Accounting_Organized/02_Payroll/Lohnauswertungen_Oktober_2024__copy2.pdf,"9798/10001/00006 für Oktober 2024 07.11.2024 1 00006 101077 1 30 12101077S175 AOK Hessen 162 101 1111 1 30 021018 92316524205 AZK-Std. 2000 Gehalt L L J 2.829,06 2.829,06 L 2.82906 28216 282,16 L 2.82906 2.82906 2.82906 2.82906 22",MEDIUM
SI-390JS-5935-26-01257,DUPLICATE,Same date/period/Krankenkasse/event/source already audited.,2024-11-07,2024-10,VIACTIV,,,00_INBOX - Входящи - Eingang/Accounting_Organized/13_Unknown_To_Review/Lohnauswertungen_Oktober_2024.pdf,"9798/10001/00006 für Oktober 2024 07.11.2024 1 00006 101077 1 30 12101077S175 AOK Hessen 162 101 1111 1 30 021018 92316524205 AZK-Std. 2000 Gehalt L L J 2.829,06 2.829,06 L 2.82906 28216 282,16 L 2.82906 2.82906 2.82906 2.82906 22",MEDIUM
SI-390JS-5935-26-01258,UNCLEAR,Source row has insufficient semantic evidence for a resolution-action classification.,2024-11-11,2024-10,AOK,,,00_INBOX - Входящи - Eingang/Accounting/2024/Entgeltbescheinigungen 10-2024.pdf,"Usti Nad Labem 27 1 09119 Chemnitz Übersicht Zahlungen im Oktober 2024 Empfänger PLZ Ort Zahlart Verwendungszweck Betrag AOK Hessen 61281 Bad Homburg Überweisung 89878877 1.244,22 AOK PLUS 01058 Dresden Bar/Einzug 89878877 15.451,27 BKK Linde 65030 Wiesbaden Überweisung 89878877",MEDIUM
SI-390JS-5935-26-01259,UNCLEAR,Source row has insufficient semantic evidence for a resolution-action classification.,2024-11-11,2024-10,AOK,,,00_INBOX - Входящи - Eingang/Accounting/payroll102024/Lohnauswertungen.pdf,"Usti Nad Labem 27 1 09119 Chemnitz Übersicht Zahlungen im Oktober 2024 Empfänger PLZ Ort Zahlart Verwendungszweck Betrag AOK Hessen 61281 Bad Homburg Überweisung 89878877 1.244,22 AOK PLUS 01058 Dresden Bar/Einzug 89878877 15.451,27 BKK Linde 65030 Wiesbaden Überweisung 89878877",MEDIUM
SI-390JS-5935-26-01260,DUPLICATE,Same date/period/Krankenkasse/event/source already audited.,2024-11-11,2024-10,AOK,,,00_INBOX - Входящи - Eingang/Accounting_Organized/03_Employee_Payslips/Entgeltbescheinigungen 10-2024.pdf,"Usti Nad Labem 27 1 09119 Chemnitz Übersicht Zahlungen im Oktober 2024 Empfänger PLZ Ort Zahlart Verwendungszweck Betrag AOK Hessen 61281 Bad Homburg Überweisung 89878877 1.244,22 AOK PLUS 01058 Dresden Bar/Einzug 89878877 15.451,27 BKK Linde 65030 Wiesbaden Überweisung 89878877",MEDIUM
SI-390JS-5935-26-01261,UNCLEAR,Source row has insufficient semantic evidence for a resolution-action classification.,2024-11-11,2024-10,AOK,,,00_INBOX - Входящи - Eingang/Accounting_Organized/03_Employee_Payslips/Entgeltbescheinigungen 10-2024__copy2.pdf,"Usti Nad Labem 27 1 09119 Chemnitz Übersicht Zahlungen im Oktober 2024 Empfänger PLZ Ort Zahlart Verwendungszweck Betrag AOK Hessen 61281 Bad Homburg Überweisung 89878877 1.244,22 AOK PLUS 01058 Dresden Bar/Einzug 89878877 15.451,27 BKK Linde 65030 Wiesbaden Überweisung 89878877",MEDIUM
SI-390JS-5935-26-01262,UNCLEAR,Source row has insufficient semantic evidence for a resolution-action classification.,2024-11-11,2024-10,AOK,,,00_INBOX - Входящи - Eingang/Accounting_Organized/03_Employee_Payslips/Entgeltbescheinigungen 10-2024__copy3.pdf,"Usti Nad Labem 27 1 09119 Chemnitz Übersicht Zahlungen im Oktober 2024 Empfänger PLZ Ort Zahlart Verwendungszweck Betrag AOK Hessen 61281 Bad Homburg Überweisung 89878877 1.244,22 AOK PLUS 01058 Dresden Bar/Einzug 89878877 15.451,27 BKK Linde 65030 Wiesbaden Überweisung 89878877",MEDIUM
SI-390JS-5935-26-01263,UNCLEAR,Source row has insufficient semantic evidence for a resolution-action classification.,2024-11-11,2024-10,AOK,,,00_INBOX - Входящи - Eingang/Accounting_Organized/14_Duplicates/Lohnauswertungen__copy18.pdf,"Usti Nad Labem 27 1 09119 Chemnitz Übersicht Zahlungen im Oktober 2024 Empfänger PLZ Ort Zahlart Verwendungszweck Betrag AOK Hessen 61281 Bad Homburg Überweisung 89878877 1.244,22 AOK PLUS 01058 Dresden Bar/Einzug 89878877 15.451,27 BKK Linde 65030 Wiesbaden Überweisung 89878877",MEDIUM
SI-390JS-5935-26-01264,UNCLEAR,Source row has insufficient semantic evidence for a resolution-action classification.,2024-11-11,2024-10,AOK,,,00_INBOX - Входящи - Eingang/Accounting_Organized/14_Duplicates/Lohnauswertungen__copy36.pdf,"Usti Nad Labem 27 1 09119 Chemnitz Übersicht Zahlungen im Oktober 2024 Empfänger PLZ Ort Zahlart Verwendungszweck Betrag AOK Hessen 61281 Bad Homburg Überweisung 89878877 1.244,22 AOK PLUS 01058 Dresden Bar/Einzug 89878877 15.451,27 BKK Linde 65030 Wiesbaden Überweisung 89878877",MEDIUM
SI-390JS-5935-26-01265,UNCLEAR,Source row has insufficient semantic evidence for a resolution-action classification.,2024-11-11,2024-10,AOK,,,00_INBOX - Входящи - Eingang/Accounting_Organized/14_Duplicates/Lohnauswertungen__copy54.pdf,"Usti Nad Labem 27 1 09119 Chemnitz Übersicht Zahlungen im Oktober 2024 Empfänger PLZ Ort Zahlart Verwendungszweck Betrag AOK Hessen 61281 Bad Homburg Überweisung 89878877 1.244,22 AOK PLUS 01058 Dresden Bar/Einzug 89878877 15.451,27 BKK Linde 65030 Wiesbaden Überweisung 89878877",MEDIUM
SI-390JS-5935-26-01274,UNCLEAR,Source row has insufficient semantic evidence for a resolution-action classification.,2024-11-11,2024-11,AOK PLUS,,,00_INBOX - Входящи - Eingang/Accounting/payroll102024/SEPA - Pfändungen.pdf,[[page 1]] Abstimmliste Seite 1 von 1 - Langfassung - Lohn und Gehalt 11.11.2024 SEPA-Überweisung Individuelle Zahlungen 10/2024 Berater-Nr. / Mandanten-Nr.: Referenznummer: 2411112104 659798 / 10001 Empfangendes Institut: Postbank Ndl Deutsche Bank BIC: IBAN: DE95 1001 0010 0925 7291 09 PBNKDEFFXXX Auftraggeber: Martin Zahariev Usti Nad Labem 27 09119 Chemnitz Ausführungsdatum: Betrag in Euro Z.-Nr. IBAN Empfänger B,MEDIUM
SI-390JS-5935-26-01275,DUPLICATE,Same date/period/Krankenkasse/event/source already audited.,2024-11-11,2024-11,AOK PLUS,,,00_INBOX - Входящи - Eingang/Accounting_Organized/06_Bank_Payments/SEPA - Pfändungen.pdf,[[page 1]] Abstimmliste Seite 1 von 1 - Langfassung - Lohn und Gehalt 11.11.2024 SEPA-Überweisung Individuelle Zahlungen 10/2024 Berater-Nr. / Mandanten-Nr.: Referenznummer: 2411112104 659798 / 10001 Empfangendes Institut: Postbank Ndl Deutsche Bank BIC: IBAN: DE95 1001 0010 0925 7291 09 PBNKDEFFXXX Auftraggeber: Martin Zahariev Usti Nad Labem 27 09119 Chemnitz Ausführungsdatum: Betrag in Euro Z.-Nr. IBAN Empfänger B,MEDIUM
SI-390JS-5935-26-01276,UNCLEAR,Source row has insufficient semantic evidence for a resolution-action classification.,2024-11-11,2024-11,AOK PLUS,,,00_INBOX - Входящи - Eingang/Accounting_Organized/06_Bank_Payments/SEPA - Pfändungen__copy2.pdf,[[page 1]] Abstimmliste Seite 1 von 1 - Langfassung - Lohn und Gehalt 11.11.2024 SEPA-Überweisung Individuelle Zahlungen 10/2024 Berater-Nr. / Mandanten-Nr.: Referenznummer: 2411112104 659798 / 10001 Empfangendes Institut: Postbank Ndl Deutsche Bank BIC: IBAN: DE95 1001 0010 0925 7291 09 PBNKDEFFXXX Auftraggeber: Martin Zahariev Usti Nad Labem 27 09119 Chemnitz Ausführungsdatum: Betrag in Euro Z.-Nr. IBAN Empfänger B,MEDIUM
SI-390JS-5935-26-01277,DUPLICATE,Same date/period/Krankenkasse/event/source already audited.,2024-11-11,2024-11,AOK PLUS,,,00_INBOX - Входящи - Eingang/Accounting_Organized/13_Unknown_To_Review/SEPA - Pfändungen.pdf,[[page 1]] Abstimmliste Seite 1 von 1 - Langfassung - Lohn und Gehalt 11.11.2024 SEPA-Überweisung Individuelle Zahlungen 10/2024 Berater-Nr. / Mandanten-Nr.: Referenznummer: 2411112104 659798 / 10001 Empfangendes Institut: Postbank Ndl Deutsche Bank BIC: IBAN: DE95 1001 0010 0925 7291 09 PBNKDEFFXXX Auftraggeber: Martin Zahariev Usti Nad Labem 27 09119 Chemnitz Ausführungsdatum: Betrag in Euro Z.-Nr. IBAN Empfänger B,MEDIUM
SI-390JS-5935-26-01286,UNCLEAR,Source row has insufficient semantic evidence for a resolution-action classification.,2024-11-11,2024-11,Hauptzollamt / Krankenkasse,,,00_INBOX - Входящи - Eingang/Accounting/payroll102024/SEPA - Pfändungen.pdf,[[page 1]] Abstimmliste Seite 1 von 1 - Langfassung - Lohn und Gehalt 11.11.2024 SEPA-Überweisung Individuelle Zahlungen 10/2024 Berater-Nr. / Mandanten-Nr.: Referenznummer: 2411112104 659798 / 10001 Empfangendes Institut: Postbank Ndl Deutsche Bank BIC: IBAN: DE95 1001 0010 0925 7291 09 PBNKDEFFXXX Auftraggeber: Martin Zahariev Usti Nad Labem 27 09119 Chemnitz Ausführungsdatum: Betrag in Euro Z.-Nr. IBAN Empfänger B,MEDIUM
SI-390JS-5935-26-01287,DUPLICATE,Same date/period/Krankenkasse/event/source already audited.,2024-11-11,2024-11,Hauptzollamt / Krankenkasse,,,00_INBOX - Входящи - Eingang/Accounting_Organized/06_Bank_Payments/SEPA - Pfändungen.pdf,[[page 1]] Abstimmliste Seite 1 von 1 - Langfassung - Lohn und Gehalt 11.11.2024 SEPA-Überweisung Individuelle Zahlungen 10/2024 Berater-Nr. / Mandanten-Nr.: Referenznummer: 2411112104 659798 / 10001 Empfangendes Institut: Postbank Ndl Deutsche Bank BIC: IBAN: DE95 1001 0010 0925 7291 09 PBNKDEFFXXX Auftraggeber: Martin Zahariev Usti Nad Labem 27 09119 Chemnitz Ausführungsdatum: Betrag in Euro Z.-Nr. IBAN Empfänger B,MEDIUM
SI-390JS-5935-26-01288,UNCLEAR,Source row has insufficient semantic evidence for a resolution-action classification.,2024-11-11,2024-11,Hauptzollamt / Krankenkasse,,,00_INBOX - Входящи - Eingang/Accounting_Organized/06_Bank_Payments/SEPA - Pfändungen__copy2.pdf,[[page 1]] Abstimmliste Seite 1 von 1 - Langfassung - Lohn und Gehalt 11.11.2024 SEPA-Überweisung Individuelle Zahlungen 10/2024 Berater-Nr. / Mandanten-Nr.: Referenznummer: 2411112104 659798 / 10001 Empfangendes Institut: Postbank Ndl Deutsche Bank BIC: IBAN: DE95 1001 0010 0925 7291 09 PBNKDEFFXXX Auftraggeber: Martin Zahariev Usti Nad Labem 27 09119 Chemnitz Ausführungsdatum: Betrag in Euro Z.-Nr. IBAN Empfänger B,MEDIUM
SI-390JS-5935-26-01289,DUPLICATE,Same date/period/Krankenkasse/event/source already audited.,2024-11-11,2024-11,Hauptzollamt / Krankenkasse,,,00_INBOX - Входящи - Eingang/Accounting_Organized/13_Unknown_To_Review/SEPA - Pfändungen.pdf,[[page 1]] Abstimmliste Seite 1 von 1 - Langfassung - Lohn und Gehalt 11.11.2024 SEPA-Überweisung Individuelle Zahlungen 10/2024 Berater-Nr. / Mandanten-Nr.: Referenznummer: 2411112104 659798 / 10001 Empfangendes Institut: Postbank Ndl Deutsche Bank BIC: IBAN: DE95 1001 0010 0925 7291 09 PBNKDEFFXXX Auftraggeber: Martin Zahariev Usti Nad Labem 27 09119 Chemnitz Ausführungsdatum: Betrag in Euro Z.-Nr. IBAN Empfänger B,MEDIUM
SI-390JS-5935-26-01302,UNCLEAR,Source row has insufficient semantic evidence for a resolution-action classification.,2024-11-29,2024-11,AOK,,,"00_INBOX - Входящи - Eingang/Accounting/accountings102024/45027 - Rechnung 241185_2024 vom 29.11.2024, Aufträge 31_24, 33_24, 34_24, Mandant 42303.pdf","Stammdaten 50,00 EUR AN Oktober/2024 1 15,00 EUR Abmeldung eines Arbeitnehmers nach § 25 DEÜV 15,00 EUR AN Oktober/2024 5 15,00 EUR Erstellen eines Antrags auf Lohnfortzahlungserstattung Requests of reimbursement of wages for the health insurances 75,00 EUR AN Oktober/2024 Seite 1 Übertrag 1.592,20 EUR [[page 2]] Mandantennummer: 42303 Rechnungsnummer: 241185 Rechnungsjahr: 2024 Übertrag 1.592,20 EUR Bezeichnung §, A",MEDIUM
SI-390JS-5935-26-01303,DUPLICATE,Same date/period/Krankenkasse/event/source already audited.,2024-11-29,2024-11,AOK,,,"00_INBOX - Входящи - Eingang/Accounting_Organized/01_Accountant_Emails/45027 - Rechnung 241185_2024 vom 29.11.2024, Aufträge 31_24, 33_24, 34_24, Mandant 42303.pdf","Stammdaten 50,00 EUR AN Oktober/2024 1 15,00 EUR Abmeldung eines Arbeitnehmers nach § 25 DEÜV 15,00 EUR AN Oktober/2024 5 15,00 EUR Erstellen eines Antrags auf Lohnfortzahlungserstattung Requests of reimbursement of wages for the health insurances 75,00 EUR AN Oktober/2024 Seite 1 Übertrag 1.592,20 EUR [[page 2]] Mandantennummer: 42303 Rechnungsnummer: 241185 Rechnungsjahr: 2024 Übertrag 1.592,20 EUR Bezeichnung §, A",MEDIUM
SI-390JS-5935-26-01304,DUPLICATE,Same date/period/Krankenkasse/event/source already audited.,2024-11-29,2024-11,AOK,,,"00_INBOX - Входящи - Eingang/Accounting_Organized/08_Operating_Costs/45027 - Rechnung 241185_2024 vom 29.11.2024, Aufträge 31_24, 33_24, 34_24, Mandant 42303.pdf","Stammdaten 50,00 EUR AN Oktober/2024 1 15,00 EUR Abmeldung eines Arbeitnehmers nach § 25 DEÜV 15,00 EUR AN Oktober/2024 5 15,00 EUR Erstellen eines Antrags auf Lohnfortzahlungserstattung Requests of reimbursement of wages for the health insurances 75,00 EUR AN Oktober/2024 Seite 1 Übertrag 1.592,20 EUR [[page 2]] Mandantennummer: 42303 Rechnungsnummer: 241185 Rechnungsjahr: 2024 Übertrag 1.592,20 EUR Bezeichnung §, A",MEDIUM
SI-390JS-5935-26-01305,UNCLEAR,Source row has insufficient semantic evidence for a resolution-action classification.,2024-11-29,2024-11,AOK,,,"00_INBOX - Входящи - Eingang/Accounting_Organized/08_Operating_Costs/45027 - Rechnung 241185_2024 vom 29.11.2024, Aufträge 31_24, 33_24, 34_24, Mandant 42303__copy2.pdf","Stammdaten 50,00 EUR AN Oktober/2024 1 15,00 EUR Abmeldung eines Arbeitnehmers nach § 25 DEÜV 15,00 EUR AN Oktober/2024 5 15,00 EUR Erstellen eines Antrags auf Lohnfortzahlungserstattung Requests of reimbursement of wages for the health insurances 75,00 EUR AN Oktober/2024 Seite 1 Übertrag 1.592,20 EUR [[page 2]] Mandantennummer: 42303 Rechnungsnummer: 241185 Rechnungsjahr: 2024 Übertrag 1.592,20 EUR Bezeichnung §, A",MEDIUM
SI-390JS-5935-26-01349,UNCLEAR,Source row has insufficient semantic evidence for a resolution-action classification.,2024-12-10,2024-11,AOK,,,00_INBOX - Входящи - Eingang/Accounting/2024/Entgeltbescheinigungen 11-2024.pdf,"Usti Nad Labem 27 1 09119 Chemnitz Übersicht Zahlungen im November 2024 Empfänger PLZ Ort Zahlart Verwendungszweck Betrag AOK Hessen 61281 Bad Homburg Überweisung 89878877 1.244,22 AOK PLUS 01058 Dresden Überweisung 89878877 15.042,95 BKK Linde 65030 Wiesbaden Überweisung 89878877",MEDIUM
SI-390JS-5935-26-01350,UNCLEAR,Source row has insufficient semantic evidence for a resolution-action classification.,2024-12-10,2024-11,AOK,,,00_INBOX - Входящи - Eingang/Accounting/ihrelohnauswertungen2/Lohnauswertungen.pdf,"Usti Nad Labem 27 1 09119 Chemnitz Übersicht Zahlungen im November 2024 Empfänger PLZ Ort Zahlart Verwendungszweck Betrag AOK Hessen 61281 Bad Homburg Überweisung 89878877 1.244,22 AOK PLUS 01058 Dresden Überweisung 89878877 15.042,95 BKK Linde 65030 Wiesbaden Überweisung 89878877",MEDIUM
SI-390JS-5935-26-01351,DUPLICATE,Same date/period/Krankenkasse/event/source already audited.,2024-12-10,2024-11,AOK,,,00_INBOX - Входящи - Eingang/Accounting_Organized/03_Employee_Payslips/Entgeltbescheinigungen 11-2024.pdf,"Usti Nad Labem 27 1 09119 Chemnitz Übersicht Zahlungen im November 2024 Empfänger PLZ Ort Zahlart Verwendungszweck Betrag AOK Hessen 61281 Bad Homburg Überweisung 89878877 1.244,22 AOK PLUS 01058 Dresden Überweisung 89878877 15.042,95 BKK Linde 65030 Wiesbaden Überweisung 89878877",MEDIUM
SI-390JS-5935-26-01352,UNCLEAR,Source row has insufficient semantic evidence for a resolution-action classification.,2024-12-10,2024-11,AOK,,,00_INBOX - Входящи - Eingang/Accounting_Organized/03_Employee_Payslips/Entgeltbescheinigungen 11-2024__copy2.pdf,"Usti Nad Labem 27 1 09119 Chemnitz Übersicht Zahlungen im November 2024 Empfänger PLZ Ort Zahlart Verwendungszweck Betrag AOK Hessen 61281 Bad Homburg Überweisung 89878877 1.244,22 AOK PLUS 01058 Dresden Überweisung 89878877 15.042,95 BKK Linde 65030 Wiesbaden Überweisung 89878877",MEDIUM
SI-390JS-5935-26-01353,UNCLEAR,Source row has insufficient semantic evidence for a resolution-action classification.,2024-12-10,2024-11,AOK,,,00_INBOX - Входящи - Eingang/Accounting_Organized/03_Employee_Payslips/Entgeltbescheinigungen 11-2024__copy3.pdf,"Usti Nad Labem 27 1 09119 Chemnitz Übersicht Zahlungen im November 2024 Empfänger PLZ Ort Zahlart Verwendungszweck Betrag AOK Hessen 61281 Bad Homburg Überweisung 89878877 1.244,22 AOK PLUS 01058 Dresden Überweisung 89878877 15.042,95 BKK Linde 65030 Wiesbaden Überweisung 89878877",MEDIUM
SI-390JS-5935-26-01354,UNCLEAR,Source row has insufficient semantic evidence for a resolution-action classification.,2024-12-10,2024-11,AOK,,,00_INBOX - Входящи - Eingang/Accounting_Organized/14_Duplicates/Lohnauswertungen__copy25.pdf,"Usti Nad Labem 27 1 09119 Chemnitz Übersicht Zahlungen im November 2024 Empfänger PLZ Ort Zahlart Verwendungszweck Betrag AOK Hessen 61281 Bad Homburg Überweisung 89878877 1.244,22 AOK PLUS 01058 Dresden Überweisung 89878877 15.042,95 BKK Linde 65030 Wiesbaden Überweisung 89878877",MEDIUM
SI-390JS-5935-26-01355,UNCLEAR,Source row has insufficient semantic evidence for a resolution-action classification.,2024-12-10,2024-11,AOK,,,00_INBOX - Входящи - Eingang/Accounting_Organized/14_Duplicates/Lohnauswertungen__copy43.pdf,"Usti Nad Labem 27 1 09119 Chemnitz Übersicht Zahlungen im November 2024 Empfänger PLZ Ort Zahlart Verwendungszweck Betrag AOK Hessen 61281 Bad Homburg Überweisung 89878877 1.244,22 AOK PLUS 01058 Dresden Überweisung 89878877 15.042,95 BKK Linde 65030 Wiesbaden Überweisung 89878877",MEDIUM
SI-390JS-5935-26-01356,UNCLEAR,Source row has insufficient semantic evidence for a resolution-action classification.,2024-12-10,2024-11,AOK,,,00_INBOX - Входящи - Eingang/Accounting_Organized/14_Duplicates/Lohnauswertungen__copy7.pdf,"Usti Nad Labem 27 1 09119 Chemnitz Übersicht Zahlungen im November 2024 Empfänger PLZ Ort Zahlart Verwendungszweck Betrag AOK Hessen 61281 Bad Homburg Überweisung 89878877 1.244,22 AOK PLUS 01058 Dresden Überweisung 89878877 15.042,95 BKK Linde 65030 Wiesbaden Überweisung 89878877",MEDIUM
SI-390JS-5935-26-01401,UNCLEAR,Source row has insufficient semantic evidence for a resolution-action classification.,2024-12-27,2024-12,AOK,,,"00_INBOX - Входящи - Eingang/Accounting/accountings112024/45474 - Rechnung 241289_2024 vom 27.12.2024, Aufträge 21_24, 31_24, 32_24, 33_24, 34_24, 35_21, 35_24, 50_24, 98_24, Mandant 42303.pdf","g von Lohnkonten und Aufnahme der Stammdaten 50,00 EUR AN November/2024 1 15,00 EUR Abmeldung eines Arbeitnehmers nach § 25 DEÜV 15,00 EUR AN November/2024 1 15,00 EUR Pfändungen Garnishment 15,00 EUR AN November/2024 Seite 1 Übertrag 1.525,20 EUR [[page 2]] Mandantennummer: 42303 Rechnungsnummer: 241289 Rechnungsjahr: 2024 Übertrag 1.525,20 EUR Bezeichnung §, Abs., Nr. Zeitraum Gegenstandswert Satz Betrag Tab. § 16 ",MEDIUM
SI-390JS-5935-26-01402,DUPLICATE,Same date/period/Krankenkasse/event/source already audited.,2024-12-27,2024-12,AOK,,,"00_INBOX - Входящи - Eingang/Accounting_Organized/01_Accountant_Emails/45474 - Rechnung 241289_2024 vom 27.12.2024, Aufträge 21_24, 31_24, 32_24, 33_24, 34_24, 35_21, 35_24, 50_24, 98_24, Mandant 42303.pdf","g von Lohnkonten und Aufnahme der Stammdaten 50,00 EUR AN November/2024 1 15,00 EUR Abmeldung eines Arbeitnehmers nach § 25 DEÜV 15,00 EUR AN November/2024 1 15,00 EUR Pfändungen Garnishment 15,00 EUR AN November/2024 Seite 1 Übertrag 1.525,20 EUR [[page 2]] Mandantennummer: 42303 Rechnungsnummer: 241289 Rechnungsjahr: 2024 Übertrag 1.525,20 EUR Bezeichnung §, Abs., Nr. Zeitraum Gegenstandswert Satz Betrag Tab. § 16 ",MEDIUM
SI-390JS-5935-26-01403,DUPLICATE,Same date/period/Krankenkasse/event/source already audited.,2024-12-27,2024-12,AOK,,,"00_INBOX - Входящи - Eingang/Accounting_Organized/08_Operating_Costs/45474 - Rechnung 241289_2024 vom 27.12.2024, Aufträge 21_24, 31_24, 32_24, 33_24, 34_24, 35_21, 35_24, 50_24, 98_24, Mandant 42303.pdf","g von Lohnkonten und Aufnahme der Stammdaten 50,00 EUR AN November/2024 1 15,00 EUR Abmeldung eines Arbeitnehmers nach § 25 DEÜV 15,00 EUR AN November/2024 1 15,00 EUR Pfändungen Garnishment 15,00 EUR AN November/2024 Seite 1 Übertrag 1.525,20 EUR [[page 2]] Mandantennummer: 42303 Rechnungsnummer: 241289 Rechnungsjahr: 2024 Übertrag 1.525,20 EUR Bezeichnung §, Abs., Nr. Zeitraum Gegenstandswert Satz Betrag Tab. § 16 ",MEDIUM
SI-390JS-5935-26-01404,UNCLEAR,Source row has insufficient semantic evidence for a resolution-action classification.,2024-12-27,2024-12,AOK,,,"00_INBOX - Входящи - Eingang/Accounting_Organized/08_Operating_Costs/45474 - Rechnung 241289_2024 vom 27.12.2024, Aufträge 21_24, 31_24, 32_24, 33_24, 34_24, 35_21, 35_24, 50_24, 98_24, Mandant 42303__copy2.pdf","g von Lohnkonten und Aufnahme der Stammdaten 50,00 EUR AN November/2024 1 15,00 EUR Abmeldung eines Arbeitnehmers nach § 25 DEÜV 15,00 EUR AN November/2024 1 15,00 EUR Pfändungen Garnishment 15,00 EUR AN November/2024 Seite 1 Übertrag 1.525,20 EUR [[page 2]] Mandantennummer: 42303 Rechnungsnummer: 241289 Rechnungsjahr: 2024 Übertrag 1.525,20 EUR Bezeichnung §, Abs., Nr. Zeitraum Gegenstandswert Satz Betrag Tab. § 16 ",MEDIUM
SI-390JS-5935-26-01509,UNCLEAR,Source row has insufficient semantic evidence for a resolution-action classification.,2025-01-15,,AOK,,,00_INBOX - Входящи - Eingang/Accounting/12-2024_Brutto_Netto_00090_X0B.pdf,ise zur Abrechnung Brutto-Bezüge Betrag Lohnart Bezeichnung Einheit Menge Faktor 3 Prozentsatz St SV GB 4 4 5 Gesamt-Brutto Steuerrechtliche Abzüge Netto-Verdienst Betrag Auszahlungsbetrag SV-rechtliche Abzüge Steuer/Sozialversicherung Netto-Bezüge/Netto-Abzüge St Steuer-Brutto Lohnsteuer Kirchensteuer Solidaritätszuschlag St4 SV4 KV-Brutto RV-Brutto AV-Brutto PV-Brutto KV-Beitrag RV-Beitrag AV-Beitrag PV-Beitrag6 SV,MEDIUM
SI-390JS-5935-26-01510,UNCLEAR,Source row has insufficient semantic evidence for a resolution-action classification.,2025-01-15,2024-12,AOK,,,00_INBOX - Входящи - Eingang/Accounting/2024/Entgeltbescheinigungen 12-2024.pdf,"Usti Nad Labem 27 1 09119 Chemnitz Übersicht Zahlungen im Dezember 2024 Empfänger PLZ Ort Zahlart Verwendungszweck Betrag AOK AOK PLUS Die Gesundheit 01058 Dresden Überweisung 89878877 13.913,67 AOK Hessen 61281 Bad Homburg Überweisung 89878877 1.244,22 BKK BKK Linde 65030 Wiesbaden Überweisung 89878877",MEDIUM
SI-390JS-5935-26-01511,UNCLEAR,Source row has insufficient semantic evidence for a resolution-action classification.,2025-01-15,2024-12,AOK,,,00_INBOX - Входящи - Eingang/Accounting/ihrelohnauswertungendezember2024/Lohnauswertungen.pdf,"Usti Nad Labem 27 1 09119 Chemnitz Übersicht Zahlungen im Dezember 2024 Empfänger PLZ Ort Zahlart Verwendungszweck Betrag AOK AOK PLUS Die Gesundheit 01058 Dresden Überweisung 89878877 13.913,67 AOK Hessen 61281 Bad Homburg Überweisung 89878877 1.244,22 BKK BKK Linde 65030 Wiesbaden Überweisung 89878877",MEDIUM
SI-390JS-5935-26-01512,DUPLICATE,Same date/period/Krankenkasse/event/source already audited.,2025-01-15,2024-12,AOK,,,00_INBOX - Входящи - Eingang/Accounting_Organized/03_Employee_Payslips/Entgeltbescheinigungen 12-2024.pdf,"Usti Nad Labem 27 1 09119 Chemnitz Übersicht Zahlungen im Dezember 2024 Empfänger PLZ Ort Zahlart Verwendungszweck Betrag AOK AOK PLUS Die Gesundheit 01058 Dresden Überweisung 89878877 13.913,67 AOK Hessen 61281 Bad Homburg Überweisung 89878877 1.244,22 BKK BKK Linde 65030 Wiesbaden Überweisung 89878877",MEDIUM
SI-390JS-5935-26-01513,UNCLEAR,Source row has insufficient semantic evidence for a resolution-action classification.,2025-01-15,2024-12,AOK,,,00_INBOX - Входящи - Eingang/Accounting_Organized/03_Employee_Payslips/Entgeltbescheinigungen 12-2024__copy2.pdf,"Usti Nad Labem 27 1 09119 Chemnitz Übersicht Zahlungen im Dezember 2024 Empfänger PLZ Ort Zahlart Verwendungszweck Betrag AOK AOK PLUS Die Gesundheit 01058 Dresden Überweisung 89878877 13.913,67 AOK Hessen 61281 Bad Homburg Überweisung 89878877 1.244,22 BKK BKK Linde 65030 Wiesbaden Überweisung 89878877",MEDIUM
SI-390JS-5935-26-01514,UNCLEAR,Source row has insufficient semantic evidence for a resolution-action classification.,2025-01-15,2024-12,AOK,,,00_INBOX - Входящи - Eingang/Accounting_Organized/03_Employee_Payslips/Entgeltbescheinigungen 12-2024__copy3.pdf,"Usti Nad Labem 27 1 09119 Chemnitz Übersicht Zahlungen im Dezember 2024 Empfänger PLZ Ort Zahlart Verwendungszweck Betrag AOK AOK PLUS Die Gesundheit 01058 Dresden Überweisung 89878877 13.913,67 AOK Hessen 61281 Bad Homburg Überweisung 89878877 1.244,22 BKK BKK Linde 65030 Wiesbaden Überweisung 89878877",MEDIUM
SI-390JS-5935-26-01515,DUPLICATE,Same date/period/Krankenkasse/event/source already audited.,2025-01-15,,AOK,,,00_INBOX - Входящи - Eingang/Accounting_Organized/04_Health_Insurance/12-2024_Brutto_Netto_00090_X0B.pdf,ise zur Abrechnung Brutto-Bezüge Betrag Lohnart Bezeichnung Einheit Menge Faktor 3 Prozentsatz St SV GB 4 4 5 Gesamt-Brutto Steuerrechtliche Abzüge Netto-Verdienst Betrag Auszahlungsbetrag SV-rechtliche Abzüge Steuer/Sozialversicherung Netto-Bezüge/Netto-Abzüge St Steuer-Brutto Lohnsteuer Kirchensteuer Solidaritätszuschlag St4 SV4 KV-Brutto RV-Brutto AV-Brutto PV-Brutto KV-Beitrag RV-Beitrag AV-Beitrag PV-Beitrag6 SV,MEDIUM
SI-390JS-5935-26-01516,UNCLEAR,Source row has insufficient semantic evidence for a resolution-action classification.,2025-01-15,,AOK,,,00_INBOX - Входящи - Eingang/Accounting_Organized/04_Health_Insurance/12-2024_Brutto_Netto_00090_X0B__copy2.pdf,ise zur Abrechnung Brutto-Bezüge Betrag Lohnart Bezeichnung Einheit Menge Faktor 3 Prozentsatz St SV GB 4 4 5 Gesamt-Brutto Steuerrechtliche Abzüge Netto-Verdienst Betrag Auszahlungsbetrag SV-rechtliche Abzüge Steuer/Sozialversicherung Netto-Bezüge/Netto-Abzüge St Steuer-Brutto Lohnsteuer Kirchensteuer Solidaritätszuschlag St4 SV4 KV-Brutto RV-Brutto AV-Brutto PV-Brutto KV-Beitrag RV-Beitrag AV-Beitrag PV-Beitrag6 SV,MEDIUM
SI-390JS-5935-26-01517,UNCLEAR,Source row has insufficient semantic evidence for a resolution-action classification.,2025-01-15,,AOK,,,00_INBOX - Входящи - Eingang/Accounting_Organized/04_Health_Insurance/12-2024_Brutto_Netto_00090_X0B__copy3.pdf,ise zur Abrechnung Brutto-Bezüge Betrag Lohnart Bezeichnung Einheit Menge Faktor 3 Prozentsatz St SV GB 4 4 5 Gesamt-Brutto Steuerrechtliche Abzüge Netto-Verdienst Betrag Auszahlungsbetrag SV-rechtliche Abzüge Steuer/Sozialversicherung Netto-Bezüge/Netto-Abzüge St Steuer-Brutto Lohnsteuer Kirchensteuer Solidaritätszuschlag St4 SV4 KV-Brutto RV-Brutto AV-Brutto PV-Brutto KV-Beitrag RV-Beitrag AV-Beitrag PV-Beitrag6 SV,MEDIUM
SI-390JS-5935-26-01518,UNCLEAR,Source row has insufficient semantic evidence for a resolution-action classification.,2025-01-15,2024-12,AOK,,,00_INBOX - Входящи - Eingang/Accounting_Organized/14_Duplicates/Lohnauswertungen__copy11.pdf,"Usti Nad Labem 27 1 09119 Chemnitz Übersicht Zahlungen im Dezember 2024 Empfänger PLZ Ort Zahlart Verwendungszweck Betrag AOK AOK PLUS Die Gesundheit 01058 Dresden Überweisung 89878877 13.913,67 AOK Hessen 61281 Bad Homburg Überweisung 89878877 1.244,22 BKK BKK Linde 65030 Wiesbaden Überweisung 89878877",MEDIUM
SI-390JS-5935-26-01519,UNCLEAR,Source row has insufficient semantic evidence for a resolution-action classification.,2025-01-15,2024-12,AOK,,,00_INBOX - Входящи - Eingang/Accounting_Organized/14_Duplicates/Lohnauswertungen__copy29.pdf,"Usti Nad Labem 27 1 09119 Chemnitz Übersicht Zahlungen im Dezember 2024 Empfänger PLZ Ort Zahlart Verwendungszweck Betrag AOK AOK PLUS Die Gesundheit 01058 Dresden Überweisung 89878877 13.913,67 AOK Hessen 61281 Bad Homburg Überweisung 89878877 1.244,22 BKK BKK Linde 65030 Wiesbaden Überweisung 89878877",MEDIUM
SI-390JS-5935-26-01520,UNCLEAR,Source row has insufficient semantic evidence for a resolution-action classification.,2025-01-15,2024-12,AOK,,,00_INBOX - Входящи - Eingang/Accounting_Organized/14_Duplicates/Lohnauswertungen__copy47.pdf,"Usti Nad Labem 27 1 09119 Chemnitz Übersicht Zahlungen im Dezember 2024 Empfänger PLZ Ort Zahlart Verwendungszweck Betrag AOK AOK PLUS Die Gesundheit 01058 Dresden Überweisung 89878877 13.913,67 AOK Hessen 61281 Bad Homburg Überweisung 89878877 1.244,22 BKK BKK Linde 65030 Wiesbaden Überweisung 89878877",MEDIUM
SI-390JS-5935-26-01553,UNCLEAR,Source row has insufficient semantic evidence for a resolution-action classification.,2025-01-15,,KKH,,,00_INBOX - Входящи - Eingang/Accounting/12-2024_Brutto_Netto_00090_X0B.pdf,ise zur Abrechnung Brutto-Bezüge Betrag Lohnart Bezeichnung Einheit Menge Faktor 3 Prozentsatz St SV GB 4 4 5 Gesamt-Brutto Steuerrechtliche Abzüge Netto-Verdienst Betrag Auszahlungsbetrag SV-rechtliche Abzüge Steuer/Sozialversicherung Netto-Bezüge/Netto-Abzüge St Steuer-Brutto Lohnsteuer Kirchensteuer Solidaritätszuschlag St4 SV4 KV-Brutto RV-Brutto AV-Brutto PV-Brutto KV-Beitrag RV-Beitrag AV-Beitrag PV-Beitrag6 SV,MEDIUM
SI-390JS-5935-26-01554,DUPLICATE,Same date/period/Krankenkasse/event/source already audited.,2025-01-15,,KKH,,,00_INBOX - Входящи - Eingang/Accounting_Organized/04_Health_Insurance/12-2024_Brutto_Netto_00090_X0B.pdf,ise zur Abrechnung Brutto-Bezüge Betrag Lohnart Bezeichnung Einheit Menge Faktor 3 Prozentsatz St SV GB 4 4 5 Gesamt-Brutto Steuerrechtliche Abzüge Netto-Verdienst Betrag Auszahlungsbetrag SV-rechtliche Abzüge Steuer/Sozialversicherung Netto-Bezüge/Netto-Abzüge St Steuer-Brutto Lohnsteuer Kirchensteuer Solidaritätszuschlag St4 SV4 KV-Brutto RV-Brutto AV-Brutto PV-Brutto KV-Beitrag RV-Beitrag AV-Beitrag PV-Beitrag6 SV,MEDIUM
SI-390JS-5935-26-01555,UNCLEAR,Source row has insufficient semantic evidence for a resolution-action classification.,2025-01-15,,KKH,,,00_INBOX - Входящи - Eingang/Accounting_Organized/04_Health_Insurance/12-2024_Brutto_Netto_00090_X0B__copy2.pdf,ise zur Abrechnung Brutto-Bezüge Betrag Lohnart Bezeichnung Einheit Menge Faktor 3 Prozentsatz St SV GB 4 4 5 Gesamt-Brutto Steuerrechtliche Abzüge Netto-Verdienst Betrag Auszahlungsbetrag SV-rechtliche Abzüge Steuer/Sozialversicherung Netto-Bezüge/Netto-Abzüge St Steuer-Brutto Lohnsteuer Kirchensteuer Solidaritätszuschlag St4 SV4 KV-Brutto RV-Brutto AV-Brutto PV-Brutto KV-Beitrag RV-Beitrag AV-Beitrag PV-Beitrag6 SV,MEDIUM
SI-390JS-5935-26-01556,UNCLEAR,Source row has insufficient semantic evidence for a resolution-action classification.,2025-01-15,,KKH,,,00_INBOX - Входящи - Eingang/Accounting_Organized/04_Health_Insurance/12-2024_Brutto_Netto_00090_X0B__copy3.pdf,ise zur Abrechnung Brutto-Bezüge Betrag Lohnart Bezeichnung Einheit Menge Faktor 3 Prozentsatz St SV GB 4 4 5 Gesamt-Brutto Steuerrechtliche Abzüge Netto-Verdienst Betrag Auszahlungsbetrag SV-rechtliche Abzüge Steuer/Sozialversicherung Netto-Bezüge/Netto-Abzüge St Steuer-Brutto Lohnsteuer Kirchensteuer Solidaritätszuschlag St4 SV4 KV-Brutto RV-Brutto AV-Brutto PV-Brutto KV-Beitrag RV-Beitrag AV-Beitrag PV-Beitrag6 SV,MEDIUM
SI-390JS-5935-26-01620,SUBSTANTIVE_RESOLUTION_ACTION,"Contains explicit payment-plan, Stundung, Zahlungsplan, or extension wording.",2025-02-03,2025-01,AOK,,4052.18,"00_INBOX - Входящи - Eingang/Accounting/89878877, Antrag auf Ratenzahlung.eml","Date: Mon, 20 Jan 2025 08:34:26 +0000 From: ""Brunettin, Marilie"" <marilie@brunettin.de> To: ""'service@barmer.de'"" <service@barmer.de> Subject: 89878877, Antrag auf Ratenzahlung Sehr geehrte Damen und Herren, im Auftrag unseres Mandanten, Martin Zahariev, stellen wir einen Antrag auf Ratenzahlung für die Forderung in Höhe von 4.052,18 €. Er ist gerade nicht in der Lage, den Gesamtbetrag auf einmal zu begleichen. Wir m",HIGH
SI-390JS-5935-26-01621,DUPLICATE,Same date/period/Krankenkasse/event/source already audited.,2025-02-03,2025-01,AOK,,4052.18,"00_INBOX - Входящи - Eingang/Accounting_Organized/01_Accountant_Emails/89878877, Antrag auf Ratenzahlung.eml","Date: Mon, 20 Jan 2025 08:34:26 +0000 From: ""Brunettin, Marilie"" <marilie@brunettin.de> To: ""'service@barmer.de'"" <service@barmer.de> Subject: 89878877, Antrag auf Ratenzahlung Sehr geehrte Damen und Herren, im Auftrag unseres Mandanten, Martin Zahariev, stellen wir einen Antrag auf Ratenzahlung für die Forderung in Höhe von 4.052,18 €. Er ist gerade nicht in der Lage, den Gesamtbetrag auf einmal zu begleichen. Wir m",HIGH
SI-390JS-5935-26-01622,SUBSTANTIVE_RESOLUTION_ACTION,"Contains explicit payment-plan, Stundung, Zahlungsplan, or extension wording.",2025-02-03,2025-01,AOK,,4052.18,"00_INBOX - Входящи - Eingang/Accounting_Organized/01_Accountant_Emails/89878877, Antrag auf Ratenzahlung__copy2.eml","Date: Mon, 20 Jan 2025 08:34:26 +0000 From: ""Brunettin, Marilie"" <marilie@brunettin.de> To: ""'service@barmer.de'"" <service@barmer.de> Subject: 89878877, Antrag auf Ratenzahlung Sehr geehrte Damen und Herren, im Auftrag unseres Mandanten, Martin Zahariev, stellen wir einen Antrag auf Ratenzahlung für die Forderung in Höhe von 4.052,18 €. Er ist gerade nicht in der Lage, den Gesamtbetrag auf einmal zu begleichen. Wir m",HIGH
SI-390JS-5935-26-01623,SUBSTANTIVE_RESOLUTION_ACTION,"Contains explicit payment-plan, Stundung, Zahlungsplan, or extension wording.",2025-02-03,2025-01,AOK,,4052.18,"00_INBOX - Входящи - Eingang/Accounting_Organized/01_Accountant_Emails/89878877, Antrag auf Ratenzahlung__copy3.eml","Date: Mon, 20 Jan 2025 08:34:26 +0000 From: ""Brunettin, Marilie"" <marilie@brunettin.de> To: ""'service@barmer.de'"" <service@barmer.de> Subject: 89878877, Antrag auf Ratenzahlung Sehr geehrte Damen und Herren, im Auftrag unseres Mandanten, Martin Zahariev, stellen wir einen Antrag auf Ratenzahlung für die Forderung in Höhe von 4.052,18 €. Er ist gerade nicht in der Lage, den Gesamtbetrag auf einmal zu begleichen. Wir m",HIGH
SI-390JS-5935-26-01624,SUBSTANTIVE_RESOLUTION_ACTION,"Contains explicit payment-plan, Stundung, Zahlungsplan, or extension wording.",2025-02-03,2025-01,Barmer,,4052.18,"00_INBOX - Входящи - Eingang/Accounting/89878877, Antrag auf Ratenzahlung.eml","Date: Mon, 20 Jan 2025 08:34:26 +0000 From: ""Brunettin, Marilie"" <marilie@brunettin.de> To: ""'service@barmer.de'"" <service@barmer.de> Subject: 89878877, Antrag auf Ratenzahlung Sehr geehrte Damen und Herren, im Auftrag unseres Mandanten, Martin Zahariev, stellen wir einen Antrag auf Ratenzahlung für die Forderung in Höhe von 4.052,18 €. Er ist gerade nicht in der Lage, den Gesamtbetrag auf einmal zu begleichen. Wir m",HIGH
SI-390JS-5935-26-01625,DUPLICATE,Same date/period/Krankenkasse/event/source already audited.,2025-02-03,2025-01,Barmer,,4052.18,"00_INBOX - Входящи - Eingang/Accounting_Organized/01_Accountant_Emails/89878877, Antrag auf Ratenzahlung.eml","Date: Mon, 20 Jan 2025 08:34:26 +0000 From: ""Brunettin, Marilie"" <marilie@brunettin.de> To: ""'service@barmer.de'"" <service@barmer.de> Subject: 89878877, Antrag auf Ratenzahlung Sehr geehrte Damen und Herren, im Auftrag unseres Mandanten, Martin Zahariev, stellen wir einen Antrag auf Ratenzahlung für die Forderung in Höhe von 4.052,18 €. Er ist gerade nicht in der Lage, den Gesamtbetrag auf einmal zu begleichen. Wir m",HIGH
SI-390JS-5935-26-01626,SUBSTANTIVE_RESOLUTION_ACTION,"Contains explicit payment-plan, Stundung, Zahlungsplan, or extension wording.",2025-02-03,2025-01,Barmer,,4052.18,"00_INBOX - Входящи - Eingang/Accounting_Organized/01_Accountant_Emails/89878877, Antrag auf Ratenzahlung__copy2.eml","Date: Mon, 20 Jan 2025 08:34:26 +0000 From: ""Brunettin, Marilie"" <marilie@brunettin.de> To: ""'service@barmer.de'"" <service@barmer.de> Subject: 89878877, Antrag auf Ratenzahlung Sehr geehrte Damen und Herren, im Auftrag unseres Mandanten, Martin Zahariev, stellen wir einen Antrag auf Ratenzahlung für die Forderung in Höhe von 4.052,18 €. Er ist gerade nicht in der Lage, den Gesamtbetrag auf einmal zu begleichen. Wir m",HIGH
SI-390JS-5935-26-01627,SUBSTANTIVE_RESOLUTION_ACTION,"Contains explicit payment-plan, Stundung, Zahlungsplan, or extension wording.",2025-02-03,2025-01,Barmer,,4052.18,"00_INBOX - Входящи - Eingang/Accounting_Organized/01_Accountant_Emails/89878877, Antrag auf Ratenzahlung__copy3.eml","Date: Mon, 20 Jan 2025 08:34:26 +0000 From: ""Brunettin, Marilie"" <marilie@brunettin.de> To: ""'service@barmer.de'"" <service@barmer.de> Subject: 89878877, Antrag auf Ratenzahlung Sehr geehrte Damen und Herren, im Auftrag unseres Mandanten, Martin Zahariev, stellen wir einen Antrag auf Ratenzahlung für die Forderung in Höhe von 4.052,18 €. Er ist gerade nicht in der Lage, den Gesamtbetrag auf einmal zu begleichen. Wir m",HIGH
SI-390JS-5935-26-01652,UNCLEAR,Source row has insufficient semantic evidence for a resolution-action classification.,2025-02-11,2025-01,AOK,,,00_INBOX - Входящи - Eingang/Accounting/2025/Entgeltbescheinigungen 01-2025.pdf,"Usti Nad Labem 27 1 09119 Chemnitz Übersicht Zahlungen im Januar 2025 Empfänger PLZ Ort Zahlart Verwendungszweck Betrag AOK AOK Hessen Direktion 61281 Bad Homburg Überweisung 89878877 1.244,22 AOK AOK PLUS Die Gesundheit 01058 Dresden Überweisung 89878877 17.743,16 BKK BKK Linde 65030 Wiesbaden Überweisung 89878877",MEDIUM
SI-390JS-5935-26-01653,UNCLEAR,Source row has insufficient semantic evidence for a resolution-action classification.,2025-02-11,2025-01,AOK,,,00_INBOX - Входящи - Eingang/Accounting/ihrelohnauswertungen2024/Lohnauswertungen.pdf,"Usti Nad Labem 27 1 09119 Chemnitz Übersicht Zahlungen im Januar 2025 Empfänger PLZ Ort Zahlart Verwendungszweck Betrag AOK AOK Hessen Direktion 61281 Bad Homburg Überweisung 89878877 1.244,22 AOK AOK PLUS Die Gesundheit 01058 Dresden Überweisung 89878877 17.743,16 BKK BKK Linde 65030 Wiesbaden Überweisung 89878877",MEDIUM
SI-390JS-5935-26-01654,DUPLICATE,Same date/period/Krankenkasse/event/source already audited.,2025-02-11,2025-01,AOK,,,00_INBOX - Входящи - Eingang/Accounting_Organized/03_Employee_Payslips/Entgeltbescheinigungen 01-2025.pdf,"Usti Nad Labem 27 1 09119 Chemnitz Übersicht Zahlungen im Januar 2025 Empfänger PLZ Ort Zahlart Verwendungszweck Betrag AOK AOK Hessen Direktion 61281 Bad Homburg Überweisung 89878877 1.244,22 AOK AOK PLUS Die Gesundheit 01058 Dresden Überweisung 89878877 17.743,16 BKK BKK Linde 65030 Wiesbaden Überweisung 89878877",MEDIUM
SI-390JS-5935-26-01655,UNCLEAR,Source row has insufficient semantic evidence for a resolution-action classification.,2025-02-11,2025-01,AOK,,,00_INBOX - Входящи - Eingang/Accounting_Organized/03_Employee_Payslips/Entgeltbescheinigungen 01-2025__copy2.pdf,"Usti Nad Labem 27 1 09119 Chemnitz Übersicht Zahlungen im Januar 2025 Empfänger PLZ Ort Zahlart Verwendungszweck Betrag AOK AOK Hessen Direktion 61281 Bad Homburg Überweisung 89878877 1.244,22 AOK AOK PLUS Die Gesundheit 01058 Dresden Überweisung 89878877 17.743,16 BKK BKK Linde 65030 Wiesbaden Überweisung 89878877",MEDIUM
SI-390JS-5935-26-01656,UNCLEAR,Source row has insufficient semantic evidence for a resolution-action classification.,2025-02-11,2025-01,AOK,,,00_INBOX - Входящи - Eingang/Accounting_Organized/03_Employee_Payslips/Entgeltbescheinigungen 01-2025__copy3.pdf,"Usti Nad Labem 27 1 09119 Chemnitz Übersicht Zahlungen im Januar 2025 Empfänger PLZ Ort Zahlart Verwendungszweck Betrag AOK AOK Hessen Direktion 61281 Bad Homburg Überweisung 89878877 1.244,22 AOK AOK PLUS Die Gesundheit 01058 Dresden Überweisung 89878877 17.743,16 BKK BKK Linde 65030 Wiesbaden Überweisung 89878877",MEDIUM
SI-390JS-5935-26-01657,UNCLEAR,Source row has insufficient semantic evidence for a resolution-action classification.,2025-02-11,2025-01,AOK,,,00_INBOX - Входящи - Eingang/Accounting_Organized/14_Duplicates/Lohnauswertungen__copy26.pdf,"Usti Nad Labem 27 1 09119 Chemnitz Übersicht Zahlungen im Januar 2025 Empfänger PLZ Ort Zahlart Verwendungszweck Betrag AOK AOK Hessen Direktion 61281 Bad Homburg Überweisung 89878877 1.244,22 AOK AOK PLUS Die Gesundheit 01058 Dresden Überweisung 89878877 17.743,16 BKK BKK Linde 65030 Wiesbaden Überweisung 89878877",MEDIUM
SI-390JS-5935-26-01658,UNCLEAR,Source row has insufficient semantic evidence for a resolution-action classification.,2025-02-11,2025-01,AOK,,,00_INBOX - Входящи - Eingang/Accounting_Organized/14_Duplicates/Lohnauswertungen__copy44.pdf,"Usti Nad Labem 27 1 09119 Chemnitz Übersicht Zahlungen im Januar 2025 Empfänger PLZ Ort Zahlart Verwendungszweck Betrag AOK AOK Hessen Direktion 61281 Bad Homburg Überweisung 89878877 1.244,22 AOK AOK PLUS Die Gesundheit 01058 Dresden Überweisung 89878877 17.743,16 BKK BKK Linde 65030 Wiesbaden Überweisung 89878877",MEDIUM
SI-390JS-5935-26-01659,UNCLEAR,Source row has insufficient semantic evidence for a resolution-action classification.,2025-02-11,2025-01,AOK,,,00_INBOX - Входящи - Eingang/Accounting_Organized/14_Duplicates/Lohnauswertungen__copy8.pdf,"Usti Nad Labem 27 1 09119 Chemnitz Übersicht Zahlungen im Januar 2025 Empfänger PLZ Ort Zahlart Verwendungszweck Betrag AOK AOK Hessen Direktion 61281 Bad Homburg Überweisung 89878877 1.244,22 AOK AOK PLUS Die Gesundheit 01058 Dresden Überweisung 89878877 17.743,16 BKK BKK Linde 65030 Wiesbaden Überweisung 89878877",MEDIUM
SI-390JS-5935-26-01726,UNCLEAR,Source row has insufficient semantic evidence for a resolution-action classification.,2025-03-10,2025-02,AOK,,,00_INBOX - Входящи - Eingang/Accounting/2025/Entgeltbescheinigungen 02-2025.pdf,"Usti Nad Labem 27 1 09119 Chemnitz Übersicht Zahlungen im Februar 2025 Empfänger PLZ Ort Zahlart Verwendungszweck Betrag AOK AOK Hessen Direktion 61281 Bad Homburg Überweisung 89878877 1.158,76 AOK AOK PLUS Die Gesundheit 01058 Dresden Überweisung 89878877 13.812,22 BKK BKK Linde 65030 Wiesbaden Überweisung 89878877",MEDIUM
SI-390JS-5935-26-01727,UNCLEAR,Source row has insufficient semantic evidence for a resolution-action classification.,2025-03-10,2025-02,AOK,,,00_INBOX - Входящи - Eingang/Accounting/ihrelohnauswertungenfebruar2025/Lohnauswertungen.pdf,"Usti Nad Labem 27 1 09119 Chemnitz Übersicht Zahlungen im Februar 2025 Empfänger PLZ Ort Zahlart Verwendungszweck Betrag AOK AOK Hessen Direktion 61281 Bad Homburg Überweisung 89878877 1.158,76 AOK AOK PLUS Die Gesundheit 01058 Dresden Überweisung 89878877 13.812,22 BKK BKK Linde 65030 Wiesbaden Überweisung 89878877",MEDIUM
SI-390JS-5935-26-01728,DUPLICATE,Same date/period/Krankenkasse/event/source already audited.,2025-03-10,2025-02,AOK,,,00_INBOX - Входящи - Eingang/Accounting_Organized/03_Employee_Payslips/Entgeltbescheinigungen 02-2025.pdf,"Usti Nad Labem 27 1 09119 Chemnitz Übersicht Zahlungen im Februar 2025 Empfänger PLZ Ort Zahlart Verwendungszweck Betrag AOK AOK Hessen Direktion 61281 Bad Homburg Überweisung 89878877 1.158,76 AOK AOK PLUS Die Gesundheit 01058 Dresden Überweisung 89878877 13.812,22 BKK BKK Linde 65030 Wiesbaden Überweisung 89878877",MEDIUM
SI-390JS-5935-26-01729,UNCLEAR,Source row has insufficient semantic evidence for a resolution-action classification.,2025-03-10,2025-02,AOK,,,00_INBOX - Входящи - Eingang/Accounting_Organized/03_Employee_Payslips/Entgeltbescheinigungen 02-2025__copy2.pdf,"Usti Nad Labem 27 1 09119 Chemnitz Übersicht Zahlungen im Februar 2025 Empfänger PLZ Ort Zahlart Verwendungszweck Betrag AOK AOK Hessen Direktion 61281 Bad Homburg Überweisung 89878877 1.158,76 AOK AOK PLUS Die Gesundheit 01058 Dresden Überweisung 89878877 13.812,22 BKK BKK Linde 65030 Wiesbaden Überweisung 89878877",MEDIUM
SI-390JS-5935-26-01730,UNCLEAR,Source row has insufficient semantic evidence for a resolution-action classification.,2025-03-10,2025-02,AOK,,,00_INBOX - Входящи - Eingang/Accounting_Organized/03_Employee_Payslips/Entgeltbescheinigungen 02-2025__copy3.pdf,"Usti Nad Labem 27 1 09119 Chemnitz Übersicht Zahlungen im Februar 2025 Empfänger PLZ Ort Zahlart Verwendungszweck Betrag AOK AOK Hessen Direktion 61281 Bad Homburg Überweisung 89878877 1.158,76 AOK AOK PLUS Die Gesundheit 01058 Dresden Überweisung 89878877 13.812,22 BKK BKK Linde 65030 Wiesbaden Überweisung 89878877",MEDIUM
SI-390JS-5935-26-01731,UNCLEAR,Source row has insufficient semantic evidence for a resolution-action classification.,2025-03-10,2025-02,AOK,,,00_INBOX - Входящи - Eingang/Accounting_Organized/14_Duplicates/Lohnauswertungen__copy12.pdf,"Usti Nad Labem 27 1 09119 Chemnitz Übersicht Zahlungen im Februar 2025 Empfänger PLZ Ort Zahlart Verwendungszweck Betrag AOK AOK Hessen Direktion 61281 Bad Homburg Überweisung 89878877 1.158,76 AOK AOK PLUS Die Gesundheit 01058 Dresden Überweisung 89878877 13.812,22 BKK BKK Linde 65030 Wiesbaden Überweisung 89878877",MEDIUM
SI-390JS-5935-26-01732,UNCLEAR,Source row has insufficient semantic evidence for a resolution-action classification.,2025-03-10,2025-02,AOK,,,00_INBOX - Входящи - Eingang/Accounting_Organized/14_Duplicates/Lohnauswertungen__copy30.pdf,"Usti Nad Labem 27 1 09119 Chemnitz Übersicht Zahlungen im Februar 2025 Empfänger PLZ Ort Zahlart Verwendungszweck Betrag AOK AOK Hessen Direktion 61281 Bad Homburg Überweisung 89878877 1.158,76 AOK AOK PLUS Die Gesundheit 01058 Dresden Überweisung 89878877 13.812,22 BKK BKK Linde 65030 Wiesbaden Überweisung 89878877",MEDIUM
SI-390JS-5935-26-01733,UNCLEAR,Source row has insufficient semantic evidence for a resolution-action classification.,2025-03-10,2025-02,AOK,,,00_INBOX - Входящи - Eingang/Accounting_Organized/14_Duplicates/Lohnauswertungen__copy48.pdf,"Usti Nad Labem 27 1 09119 Chemnitz Übersicht Zahlungen im Februar 2025 Empfänger PLZ Ort Zahlart Verwendungszweck Betrag AOK AOK Hessen Direktion 61281 Bad Homburg Überweisung 89878877 1.158,76 AOK AOK PLUS Die Gesundheit 01058 Dresden Überweisung 89878877 13.812,22 BKK BKK Linde 65030 Wiesbaden Überweisung 89878877",MEDIUM
SI-390JS-5935-26-01798,UNCLEAR,Source row has insufficient semantic evidence for a resolution-action classification.,2025-03-14,2025-03,AOK,,,"00_INBOX - Входящи - Eingang/Accounting/accountings122024/46583 - Rechnung 250253_2025 vom 14.03.2025, Aufträge 31_25, 33_24, 34_24, 34_25, Mandant 42303.pdf","n Lohnkonten und Anfertigung der Lohnabrechnung 595,00 EUR AN Dezember/2024 2 15,00 EUR Abmeldung eines Arbeitnehmers nach § 25 DEÜV 30,00 EUR AN Dezember/2024 1 15,00 EUR Pfändungen Garnishment 15,00 EUR AN Dezember/2024 3 15,00 EUR Erstellen eines Antrags auf Lohnfortzahlungserstattung Requests of reimbursement of wages for the health insurances 45,00 EUR AN Dezember/2024 1 25,00 EUR Arbeitsbescheinigung nach §312 ",MEDIUM
SI-390JS-5935-26-01799,DUPLICATE,Same date/period/Krankenkasse/event/source already audited.,2025-03-14,2025-03,AOK,,,"00_INBOX - Входящи - Eingang/Accounting_Organized/01_Accountant_Emails/46583 - Rechnung 250253_2025 vom 14.03.2025, Aufträge 31_25, 33_24, 34_24, 34_25, Mandant 42303.pdf","n Lohnkonten und Anfertigung der Lohnabrechnung 595,00 EUR AN Dezember/2024 2 15,00 EUR Abmeldung eines Arbeitnehmers nach § 25 DEÜV 30,00 EUR AN Dezember/2024 1 15,00 EUR Pfändungen Garnishment 15,00 EUR AN Dezember/2024 3 15,00 EUR Erstellen eines Antrags auf Lohnfortzahlungserstattung Requests of reimbursement of wages for the health insurances 45,00 EUR AN Dezember/2024 1 25,00 EUR Arbeitsbescheinigung nach §312 ",MEDIUM
SI-390JS-5935-26-01800,DUPLICATE,Same date/period/Krankenkasse/event/source already audited.,2025-03-14,2025-03,AOK,,,"00_INBOX - Входящи - Eingang/Accounting_Organized/08_Operating_Costs/46583 - Rechnung 250253_2025 vom 14.03.2025, Aufträge 31_25, 33_24, 34_24, 34_25, Mandant 42303.pdf","n Lohnkonten und Anfertigung der Lohnabrechnung 595,00 EUR AN Dezember/2024 2 15,00 EUR Abmeldung eines Arbeitnehmers nach § 25 DEÜV 30,00 EUR AN Dezember/2024 1 15,00 EUR Pfändungen Garnishment 15,00 EUR AN Dezember/2024 3 15,00 EUR Erstellen eines Antrags auf Lohnfortzahlungserstattung Requests of reimbursement of wages for the health insurances 45,00 EUR AN Dezember/2024 1 25,00 EUR Arbeitsbescheinigung nach §312 ",MEDIUM
SI-390JS-5935-26-01801,UNCLEAR,Source row has insufficient semantic evidence for a resolution-action classification.,2025-03-14,2025-03,AOK,,,"00_INBOX - Входящи - Eingang/Accounting_Organized/08_Operating_Costs/46583 - Rechnung 250253_2025 vom 14.03.2025, Aufträge 31_25, 33_24, 34_24, 34_25, Mandant 42303__copy2.pdf","n Lohnkonten und Anfertigung der Lohnabrechnung 595,00 EUR AN Dezember/2024 2 15,00 EUR Abmeldung eines Arbeitnehmers nach § 25 DEÜV 30,00 EUR AN Dezember/2024 1 15,00 EUR Pfändungen Garnishment 15,00 EUR AN Dezember/2024 3 15,00 EUR Erstellen eines Antrags auf Lohnfortzahlungserstattung Requests of reimbursement of wages for the health insurances 45,00 EUR AN Dezember/2024 1 25,00 EUR Arbeitsbescheinigung nach §312 ",MEDIUM
SI-390JS-5935-26-01818,UNCLEAR,Source row has insufficient semantic evidence for a resolution-action classification.,2025-03-31,2025-03,AOK,,,"00_INBOX - Входящи - Eingang/Accounting/accountings022025/46851 - Rechnung 250303_2025 vom 31.03.2025, Aufträge 31_25, 33_25, 34_25, Mandant 42303.pdf","ung von Lohnkonten und Aufnahme der Stammdaten 50,00 EUR AN Februar/2025 3 15,00 EUR Abmeldung eines Arbeitnehmers nach § 25 DEÜV 45,00 EUR AN Februar/2025 4 15,00 EUR Pfändungen Garnishment 60,00 EUR AN Februar/2025 1 25,00 EUR Arbeitsbescheinigung nach §312 SGB III 25,00 EUR AN Februar/2025 Seite 1 Übertrag 1.605,00 EUR [[page 2]] Mandantennummer: 42303 Rechnungsnummer: 250303 Rechnungsjahr: 2025 Übertrag 1.605,00 ",MEDIUM
SI-390JS-5935-26-01819,DUPLICATE,Same date/period/Krankenkasse/event/source already audited.,2025-03-31,2025-03,AOK,,,"00_INBOX - Входящи - Eingang/Accounting_Organized/01_Accountant_Emails/46851 - Rechnung 250303_2025 vom 31.03.2025, Aufträge 31_25, 33_25, 34_25, Mandant 42303.pdf","ung von Lohnkonten und Aufnahme der Stammdaten 50,00 EUR AN Februar/2025 3 15,00 EUR Abmeldung eines Arbeitnehmers nach § 25 DEÜV 45,00 EUR AN Februar/2025 4 15,00 EUR Pfändungen Garnishment 60,00 EUR AN Februar/2025 1 25,00 EUR Arbeitsbescheinigung nach §312 SGB III 25,00 EUR AN Februar/2025 Seite 1 Übertrag 1.605,00 EUR [[page 2]] Mandantennummer: 42303 Rechnungsnummer: 250303 Rechnungsjahr: 2025 Übertrag 1.605,00 ",MEDIUM
SI-390JS-5935-26-01820,DUPLICATE,Same date/period/Krankenkasse/event/source already audited.,2025-03-31,2025-03,AOK,,,"00_INBOX - Входящи - Eingang/Accounting_Organized/08_Operating_Costs/46851 - Rechnung 250303_2025 vom 31.03.2025, Aufträge 31_25, 33_25, 34_25, Mandant 42303.pdf","ung von Lohnkonten und Aufnahme der Stammdaten 50,00 EUR AN Februar/2025 3 15,00 EUR Abmeldung eines Arbeitnehmers nach § 25 DEÜV 45,00 EUR AN Februar/2025 4 15,00 EUR Pfändungen Garnishment 60,00 EUR AN Februar/2025 1 25,00 EUR Arbeitsbescheinigung nach §312 SGB III 25,00 EUR AN Februar/2025 Seite 1 Übertrag 1.605,00 EUR [[page 2]] Mandantennummer: 42303 Rechnungsnummer: 250303 Rechnungsjahr: 2025 Übertrag 1.605,00 ",MEDIUM
SI-390JS-5935-26-01821,UNCLEAR,Source row has insufficient semantic evidence for a resolution-action classification.,2025-03-31,2025-03,AOK,,,"00_INBOX - Входящи - Eingang/Accounting_Organized/08_Operating_Costs/46851 - Rechnung 250303_2025 vom 31.03.2025, Aufträge 31_25, 33_25, 34_25, Mandant 42303__copy2.pdf","ung von Lohnkonten und Aufnahme der Stammdaten 50,00 EUR AN Februar/2025 3 15,00 EUR Abmeldung eines Arbeitnehmers nach § 25 DEÜV 45,00 EUR AN Februar/2025 4 15,00 EUR Pfändungen Garnishment 60,00 EUR AN Februar/2025 1 25,00 EUR Arbeitsbescheinigung nach §312 SGB III 25,00 EUR AN Februar/2025 Seite 1 Übertrag 1.605,00 EUR [[page 2]] Mandantennummer: 42303 Rechnungsnummer: 250303 Rechnungsjahr: 2025 Übertrag 1.605,00 ",MEDIUM
SI-390JS-5935-26-01857,UNCLEAR,Source row has insufficient semantic evidence for a resolution-action classification.,2025-04-07,2025-03,AOK Hessen,,,00_INBOX - Входящи - Eingang/Accounting/testpayrollandworkinghours/Lohnauswertungen_März_2025.pdf,"798/10001/00006 für März 2025 07.04.2025 1 00006 101077 1 30 12101077S175 AOK Hessen 1709101 1111 2 30 021018 310325 92316524205 AZK-Std. - Unterbrechung 15.-15.03.2025, 17.-17.03.2025 und 25.-31.03.2025 2000 Gehalt L L J 2.007,72",MEDIUM
SI-390JS-5935-26-01858,DUPLICATE,Same date/period/Krankenkasse/event/source already audited.,2025-04-07,2025-03,AOK Hessen,,,00_INBOX - Входящи - Eingang/Accounting_Organized/02_Payroll/Lohnauswertungen_März_2025.pdf,"798/10001/00006 für März 2025 07.04.2025 1 00006 101077 1 30 12101077S175 AOK Hessen 1709101 1111 2 30 021018 310325 92316524205 AZK-Std. - Unterbrechung 15.-15.03.2025, 17.-17.03.2025 und 25.-31.03.2025 2000 Gehalt L L J 2.007,72",MEDIUM
SI-390JS-5935-26-01859,UNCLEAR,Source row has insufficient semantic evidence for a resolution-action classification.,2025-04-07,2025-03,AOK Hessen,,,00_INBOX - Входящи - Eingang/Accounting_Organized/02_Payroll/Lohnauswertungen_März_2025__copy2.pdf,"798/10001/00006 für März 2025 07.04.2025 1 00006 101077 1 30 12101077S175 AOK Hessen 1709101 1111 2 30 021018 310325 92316524205 AZK-Std. - Unterbrechung 15.-15.03.2025, 17.-17.03.2025 und 25.-31.03.2025 2000 Gehalt L L J 2.007,72",MEDIUM
SI-390JS-5935-26-01860,UNCLEAR,Source row has insufficient semantic evidence for a resolution-action classification.,2025-04-07,2025-03,AOK Hessen,,,00_INBOX - Входящи - Eingang/Accounting_Organized/02_Payroll/Lohnauswertungen_März_2025__copy3.pdf,"798/10001/00006 für März 2025 07.04.2025 1 00006 101077 1 30 12101077S175 AOK Hessen 1709101 1111 2 30 021018 310325 92316524205 AZK-Std. - Unterbrechung 15.-15.03.2025, 17.-17.03.2025 und 25.-31.03.2025 2000 Gehalt L L J 2.007,72",MEDIUM
SI-390JS-5935-26-01861,UNCLEAR,Source row has insufficient semantic evidence for a resolution-action classification.,2025-04-07,2025-03,AOK PLUS,,,00_INBOX - Входящи - Eingang/Accounting/testpayrollandworkinghours/Lohnauswertungen_März_2025.pdf,"798/10001/00006 für März 2025 07.04.2025 1 00006 101077 1 30 12101077S175 AOK Hessen 1709101 1111 2 30 021018 310325 92316524205 AZK-Std. - Unterbrechung 15.-15.03.2025, 17.-17.03.2025 und 25.-31.03.2025 2000 Gehalt L L J 2.007,72",MEDIUM
SI-390JS-5935-26-01862,DUPLICATE,Same date/period/Krankenkasse/event/source already audited.,2025-04-07,2025-03,AOK PLUS,,,00_INBOX - Входящи - Eingang/Accounting_Organized/02_Payroll/Lohnauswertungen_März_2025.pdf,"798/10001/00006 für März 2025 07.04.2025 1 00006 101077 1 30 12101077S175 AOK Hessen 1709101 1111 2 30 021018 310325 92316524205 AZK-Std. - Unterbrechung 15.-15.03.2025, 17.-17.03.2025 und 25.-31.03.2025 2000 Gehalt L L J 2.007,72",MEDIUM
SI-390JS-5935-26-01863,UNCLEAR,Source row has insufficient semantic evidence for a resolution-action classification.,2025-04-07,2025-03,AOK PLUS,,,00_INBOX - Входящи - Eingang/Accounting_Organized/02_Payroll/Lohnauswertungen_März_2025__copy2.pdf,"798/10001/00006 für März 2025 07.04.2025 1 00006 101077 1 30 12101077S175 AOK Hessen 1709101 1111 2 30 021018 310325 92316524205 AZK-Std. - Unterbrechung 15.-15.03.2025, 17.-17.03.2025 und 25.-31.03.2025 2000 Gehalt L L J 2.007,72",MEDIUM
SI-390JS-5935-26-01864,UNCLEAR,Source row has insufficient semantic evidence for a resolution-action classification.,2025-04-07,2025-03,AOK PLUS,,,00_INBOX - Входящи - Eingang/Accounting_Organized/02_Payroll/Lohnauswertungen_März_2025__copy3.pdf,"798/10001/00006 für März 2025 07.04.2025 1 00006 101077 1 30 12101077S175 AOK Hessen 1709101 1111 2 30 021018 310325 92316524205 AZK-Std. - Unterbrechung 15.-15.03.2025, 17.-17.03.2025 und 25.-31.03.2025 2000 Gehalt L L J 2.007,72",MEDIUM
SI-390JS-5935-26-01865,UNCLEAR,Source row has insufficient semantic evidence for a resolution-action classification.,2025-04-07,2025-03,BKK Linde,,,00_INBOX - Входящи - Eingang/Accounting/testpayrollandworkinghours/Lohnauswertungen_März_2025.pdf,"798/10001/00006 für März 2025 07.04.2025 1 00006 101077 1 30 12101077S175 AOK Hessen 1709101 1111 2 30 021018 310325 92316524205 AZK-Std. - Unterbrechung 15.-15.03.2025, 17.-17.03.2025 und 25.-31.03.2025 2000 Gehalt L L J 2.007,72",MEDIUM
SI-390JS-5935-26-01866,DUPLICATE,Same date/period/Krankenkasse/event/source already audited.,2025-04-07,2025-03,BKK Linde,,,00_INBOX - Входящи - Eingang/Accounting_Organized/02_Payroll/Lohnauswertungen_März_2025.pdf,"798/10001/00006 für März 2025 07.04.2025 1 00006 101077 1 30 12101077S175 AOK Hessen 1709101 1111 2 30 021018 310325 92316524205 AZK-Std. - Unterbrechung 15.-15.03.2025, 17.-17.03.2025 und 25.-31.03.2025 2000 Gehalt L L J 2.007,72",MEDIUM
SI-390JS-5935-26-01867,UNCLEAR,Source row has insufficient semantic evidence for a resolution-action classification.,2025-04-07,2025-03,BKK Linde,,,00_INBOX - Входящи - Eingang/Accounting_Organized/02_Payroll/Lohnauswertungen_März_2025__copy2.pdf,"798/10001/00006 für März 2025 07.04.2025 1 00006 101077 1 30 12101077S175 AOK Hessen 1709101 1111 2 30 021018 310325 92316524205 AZK-Std. - Unterbrechung 15.-15.03.2025, 17.-17.03.2025 und 25.-31.03.2025 2000 Gehalt L L J 2.007,72",MEDIUM
SI-390JS-5935-26-01868,UNCLEAR,Source row has insufficient semantic evidence for a resolution-action classification.,2025-04-07,2025-03,BKK Linde,,,00_INBOX - Входящи - Eingang/Accounting_Organized/02_Payroll/Lohnauswertungen_März_2025__copy3.pdf,"798/10001/00006 für März 2025 07.04.2025 1 00006 101077 1 30 12101077S175 AOK Hessen 1709101 1111 2 30 021018 310325 92316524205 AZK-Std. - Unterbrechung 15.-15.03.2025, 17.-17.03.2025 und 25.-31.03.2025 2000 Gehalt L L J 2.007,72",MEDIUM
SI-390JS-5935-26-01869,UNCLEAR,Source row has insufficient semantic evidence for a resolution-action classification.,2025-04-07,2025-03,Techniker Krankenkasse,,,00_INBOX - Входящи - Eingang/Accounting/testpayrollandworkinghours/Lohnauswertungen_März_2025.pdf,"798/10001/00006 für März 2025 07.04.2025 1 00006 101077 1 30 12101077S175 AOK Hessen 1709101 1111 2 30 021018 310325 92316524205 AZK-Std. - Unterbrechung 15.-15.03.2025, 17.-17.03.2025 und 25.-31.03.2025 2000 Gehalt L L J 2.007,72",MEDIUM
SI-390JS-5935-26-01870,DUPLICATE,Same date/period/Krankenkasse/event/source already audited.,2025-04-07,2025-03,Techniker Krankenkasse,,,00_INBOX - Входящи - Eingang/Accounting_Organized/02_Payroll/Lohnauswertungen_März_2025.pdf,"798/10001/00006 für März 2025 07.04.2025 1 00006 101077 1 30 12101077S175 AOK Hessen 1709101 1111 2 30 021018 310325 92316524205 AZK-Std. - Unterbrechung 15.-15.03.2025, 17.-17.03.2025 und 25.-31.03.2025 2000 Gehalt L L J 2.007,72",MEDIUM
SI-390JS-5935-26-01871,UNCLEAR,Source row has insufficient semantic evidence for a resolution-action classification.,2025-04-07,2025-03,Techniker Krankenkasse,,,00_INBOX - Входящи - Eingang/Accounting_Organized/02_Payroll/Lohnauswertungen_März_2025__copy2.pdf,"798/10001/00006 für März 2025 07.04.2025 1 00006 101077 1 30 12101077S175 AOK Hessen 1709101 1111 2 30 021018 310325 92316524205 AZK-Std. - Unterbrechung 15.-15.03.2025, 17.-17.03.2025 und 25.-31.03.2025 2000 Gehalt L L J 2.007,72",MEDIUM
SI-390JS-5935-26-01872,UNCLEAR,Source row has insufficient semantic evidence for a resolution-action classification.,2025-04-07,2025-03,Techniker Krankenkasse,,,00_INBOX - Входящи - Eingang/Accounting_Organized/02_Payroll/Lohnauswertungen_März_2025__copy3.pdf,"798/10001/00006 für März 2025 07.04.2025 1 00006 101077 1 30 12101077S175 AOK Hessen 1709101 1111 2 30 021018 310325 92316524205 AZK-Std. - Unterbrechung 15.-15.03.2025, 17.-17.03.2025 und 25.-31.03.2025 2000 Gehalt L L J 2.007,72",MEDIUM
SI-390JS-5935-26-01873,UNCLEAR,Source row has insufficient semantic evidence for a resolution-action classification.,2025-04-09,2025-03,AOK,,,00_INBOX - Входящи - Eingang/Accounting/2025/Entgeltbescheinigungen 03-2025.pdf,"Usti Nad Labem 27 1 09119 Chemnitz Übersicht Zahlungen im März 2025 Empfänger PLZ Ort Zahlart Verwendungszweck Betrag AOK Hessen 61281 Bad Homburg Überweisung 89878877 1.201,49 AOK PLUS 01058 Dresden Überweisung 89878877 11.205,00 BKK Linde 65030 Wiesbaden Überweisung 89878877",MEDIUM
SI-390JS-5935-26-01874,UNCLEAR,Source row has insufficient semantic evidence for a resolution-action classification.,2025-04-09,2025-03,AOK,,,00_INBOX - Входящи - Eingang/Accounting/ihrelohnauswertungenmrz2025/Lohnauswertungen.pdf,"Usti Nad Labem 27 1 09119 Chemnitz Übersicht Zahlungen im März 2025 Empfänger PLZ Ort Zahlart Verwendungszweck Betrag AOK Hessen 61281 Bad Homburg Überweisung 89878877 1.201,49 AOK PLUS 01058 Dresden Überweisung 89878877 11.205,00 BKK Linde 65030 Wiesbaden Überweisung 89878877",MEDIUM
SI-390JS-5935-26-01875,DUPLICATE,Same date/period/Krankenkasse/event/source already audited.,2025-04-09,2025-03,AOK,,,00_INBOX - Входящи - Eingang/Accounting_Organized/03_Employee_Payslips/Entgeltbescheinigungen 03-2025.pdf,"Usti Nad Labem 27 1 09119 Chemnitz Übersicht Zahlungen im März 2025 Empfänger PLZ Ort Zahlart Verwendungszweck Betrag AOK Hessen 61281 Bad Homburg Überweisung 89878877 1.201,49 AOK PLUS 01058 Dresden Überweisung 89878877 11.205,00 BKK Linde 65030 Wiesbaden Überweisung 89878877",MEDIUM
SI-390JS-5935-26-01876,UNCLEAR,Source row has insufficient semantic evidence for a resolution-action classification.,2025-04-09,2025-03,AOK,,,00_INBOX - Входящи - Eingang/Accounting_Organized/03_Employee_Payslips/Entgeltbescheinigungen 03-2025__copy2.pdf,"Usti Nad Labem 27 1 09119 Chemnitz Übersicht Zahlungen im März 2025 Empfänger PLZ Ort Zahlart Verwendungszweck Betrag AOK Hessen 61281 Bad Homburg Überweisung 89878877 1.201,49 AOK PLUS 01058 Dresden Überweisung 89878877 11.205,00 BKK Linde 65030 Wiesbaden Überweisung 89878877",MEDIUM
SI-390JS-5935-26-01877,UNCLEAR,Source row has insufficient semantic evidence for a resolution-action classification.,2025-04-09,2025-03,AOK,,,00_INBOX - Входящи - Eingang/Accounting_Organized/03_Employee_Payslips/Entgeltbescheinigungen 03-2025__copy3.pdf,"Usti Nad Labem 27 1 09119 Chemnitz Übersicht Zahlungen im März 2025 Empfänger PLZ Ort Zahlart Verwendungszweck Betrag AOK Hessen 61281 Bad Homburg Überweisung 89878877 1.201,49 AOK PLUS 01058 Dresden Überweisung 89878877 11.205,00 BKK Linde 65030 Wiesbaden Überweisung 89878877",MEDIUM
SI-390JS-5935-26-01878,UNCLEAR,Source row has insufficient semantic evidence for a resolution-action classification.,2025-04-09,2025-03,AOK,,,00_INBOX - Входящи - Eingang/Accounting_Organized/14_Duplicates/Lohnauswertungen__copy16.pdf,"Usti Nad Labem 27 1 09119 Chemnitz Übersicht Zahlungen im März 2025 Empfänger PLZ Ort Zahlart Verwendungszweck Betrag AOK Hessen 61281 Bad Homburg Überweisung 89878877 1.201,49 AOK PLUS 01058 Dresden Überweisung 89878877 11.205,00 BKK Linde 65030 Wiesbaden Überweisung 89878877",MEDIUM
SI-390JS-5935-26-01879,UNCLEAR,Source row has insufficient semantic evidence for a resolution-action classification.,2025-04-09,2025-03,AOK,,,00_INBOX - Входящи - Eingang/Accounting_Organized/14_Duplicates/Lohnauswertungen__copy34.pdf,"Usti Nad Labem 27 1 09119 Chemnitz Übersicht Zahlungen im März 2025 Empfänger PLZ Ort Zahlart Verwendungszweck Betrag AOK Hessen 61281 Bad Homburg Überweisung 89878877 1.201,49 AOK PLUS 01058 Dresden Überweisung 89878877 11.205,00 BKK Linde 65030 Wiesbaden Überweisung 89878877",MEDIUM
SI-390JS-5935-26-01880,UNCLEAR,Source row has insufficient semantic evidence for a resolution-action classification.,2025-04-09,2025-03,AOK,,,00_INBOX - Входящи - Eingang/Accounting_Organized/14_Duplicates/Lohnauswertungen__copy52.pdf,"Usti Nad Labem 27 1 09119 Chemnitz Übersicht Zahlungen im März 2025 Empfänger PLZ Ort Zahlart Verwendungszweck Betrag AOK Hessen 61281 Bad Homburg Überweisung 89878877 1.201,49 AOK PLUS 01058 Dresden Überweisung 89878877 11.205,00 BKK Linde 65030 Wiesbaden Überweisung 89878877",MEDIUM
SI-390JS-5935-26-01952,UNCLEAR,Source row has insufficient semantic evidence for a resolution-action classification.,2025-05-13,2025-04,AOK,,,00_INBOX - Входящи - Eingang/Accounting/2025/Entgeltbescheinigungen 04-2025.pdf,"i 2013 AG-Anteile zur Zukunftssicherung. Ab Juni 2013 setzt sich das Gesamtbrutto ohne diese AG-Anteile gemäß EntgeltBeschVO zusammen. 4) 4) 4) 6) Gesamtbrutto Auszahlungsbetrag Nettobezüge/-abzüge 2) AN- Typ Faktor 4) 4) 4) 4) 5) 6) Ki.PV 659798 Martin Zahariev 90D 13.05.2025 10001 Usti Nad Labem 27 1 09119 Chemnitz April 2025 00007 1 Georgiev, Emil 2.58000 2.58000 2.58000 2.",MEDIUM
SI-390JS-5935-26-01953,UNCLEAR,Source row has insufficient semantic evidence for a resolution-action classification.,2025-05-13,2025-04,AOK,,,00_INBOX - Входящи - Eingang/Accounting/ihrelohnauswertungenapril2025/Lohnauswertungen.pdf,"i 2013 AG-Anteile zur Zukunftssicherung. Ab Juni 2013 setzt sich das Gesamtbrutto ohne diese AG-Anteile gemäß EntgeltBeschVO zusammen. 4) 4) 4) 6) Gesamtbrutto Auszahlungsbetrag Nettobezüge/-abzüge 2) AN- Typ Faktor 4) 4) 4) 4) 5) 6) Ki.PV 659798 Martin Zahariev 90D 13.05.2025 10001 Usti Nad Labem 27 1 09119 Chemnitz April 2025 00007 1 Georgiev, Emil 2.58000 2.58000 2.58000 2.",MEDIUM
SI-390JS-5935-26-01954,DUPLICATE,Same date/period/Krankenkasse/event/source already audited.,2025-05-13,2025-04,AOK,,,00_INBOX - Входящи - Eingang/Accounting_Organized/03_Employee_Payslips/Entgeltbescheinigungen 04-2025.pdf,"i 2013 AG-Anteile zur Zukunftssicherung. Ab Juni 2013 setzt sich das Gesamtbrutto ohne diese AG-Anteile gemäß EntgeltBeschVO zusammen. 4) 4) 4) 6) Gesamtbrutto Auszahlungsbetrag Nettobezüge/-abzüge 2) AN- Typ Faktor 4) 4) 4) 4) 5) 6) Ki.PV 659798 Martin Zahariev 90D 13.05.2025 10001 Usti Nad Labem 27 1 09119 Chemnitz April 2025 00007 1 Georgiev, Emil 2.58000 2.58000 2.58000 2.",MEDIUM
SI-390JS-5935-26-01955,UNCLEAR,Source row has insufficient semantic evidence for a resolution-action classification.,2025-05-13,2025-04,AOK,,,00_INBOX - Входящи - Eingang/Accounting_Organized/03_Employee_Payslips/Entgeltbescheinigungen 04-2025__copy2.pdf,"i 2013 AG-Anteile zur Zukunftssicherung. Ab Juni 2013 setzt sich das Gesamtbrutto ohne diese AG-Anteile gemäß EntgeltBeschVO zusammen. 4) 4) 4) 6) Gesamtbrutto Auszahlungsbetrag Nettobezüge/-abzüge 2) AN- Typ Faktor 4) 4) 4) 4) 5) 6) Ki.PV 659798 Martin Zahariev 90D 13.05.2025 10001 Usti Nad Labem 27 1 09119 Chemnitz April 2025 00007 1 Georgiev, Emil 2.58000 2.58000 2.58000 2.",MEDIUM
SI-390JS-5935-26-01956,UNCLEAR,Source row has insufficient semantic evidence for a resolution-action classification.,2025-05-13,2025-04,AOK,,,00_INBOX - Входящи - Eingang/Accounting_Organized/03_Employee_Payslips/Entgeltbescheinigungen 04-2025__copy3.pdf,"i 2013 AG-Anteile zur Zukunftssicherung. Ab Juni 2013 setzt sich das Gesamtbrutto ohne diese AG-Anteile gemäß EntgeltBeschVO zusammen. 4) 4) 4) 6) Gesamtbrutto Auszahlungsbetrag Nettobezüge/-abzüge 2) AN- Typ Faktor 4) 4) 4) 4) 5) 6) Ki.PV 659798 Martin Zahariev 90D 13.05.2025 10001 Usti Nad Labem 27 1 09119 Chemnitz April 2025 00007 1 Georgiev, Emil 2.58000 2.58000 2.58000 2.",MEDIUM
SI-390JS-5935-26-01957,UNCLEAR,Source row has insufficient semantic evidence for a resolution-action classification.,2025-05-13,2025-04,AOK,,,00_INBOX - Входящи - Eingang/Accounting_Organized/14_Duplicates/Lohnauswertungen__copy10.pdf,"i 2013 AG-Anteile zur Zukunftssicherung. Ab Juni 2013 setzt sich das Gesamtbrutto ohne diese AG-Anteile gemäß EntgeltBeschVO zusammen. 4) 4) 4) 6) Gesamtbrutto Auszahlungsbetrag Nettobezüge/-abzüge 2) AN- Typ Faktor 4) 4) 4) 4) 5) 6) Ki.PV 659798 Martin Zahariev 90D 13.05.2025 10001 Usti Nad Labem 27 1 09119 Chemnitz April 2025 00007 1 Georgiev, Emil 2.58000 2.58000 2.58000 2.",MEDIUM
SI-390JS-5935-26-01958,UNCLEAR,Source row has insufficient semantic evidence for a resolution-action classification.,2025-05-13,2025-04,AOK,,,00_INBOX - Входящи - Eingang/Accounting_Organized/14_Duplicates/Lohnauswertungen__copy28.pdf,"i 2013 AG-Anteile zur Zukunftssicherung. Ab Juni 2013 setzt sich das Gesamtbrutto ohne diese AG-Anteile gemäß EntgeltBeschVO zusammen. 4) 4) 4) 6) Gesamtbrutto Auszahlungsbetrag Nettobezüge/-abzüge 2) AN- Typ Faktor 4) 4) 4) 4) 5) 6) Ki.PV 659798 Martin Zahariev 90D 13.05.2025 10001 Usti Nad Labem 27 1 09119 Chemnitz April 2025 00007 1 Georgiev, Emil 2.58000 2.58000 2.58000 2.",MEDIUM
SI-390JS-5935-26-01959,UNCLEAR,Source row has insufficient semantic evidence for a resolution-action classification.,2025-05-13,2025-04,AOK,,,00_INBOX - Входящи - Eingang/Accounting_Organized/14_Duplicates/Lohnauswertungen__copy46.pdf,"i 2013 AG-Anteile zur Zukunftssicherung. Ab Juni 2013 setzt sich das Gesamtbrutto ohne diese AG-Anteile gemäß EntgeltBeschVO zusammen. 4) 4) 4) 6) Gesamtbrutto Auszahlungsbetrag Nettobezüge/-abzüge 2) AN- Typ Faktor 4) 4) 4) 4) 5) 6) Ki.PV 659798 Martin Zahariev 90D 13.05.2025 10001 Usti Nad Labem 27 1 09119 Chemnitz April 2025 00007 1 Georgiev, Emil 2.58000 2.58000 2.58000 2.",MEDIUM
SI-390JS-5935-26-01988,UNCLEAR,Source row has insufficient semantic evidence for a resolution-action classification.,2025-05-14,2025-04,AOK PLUS,,,00_INBOX - Входящи - Eingang/Accounting/Lohnauswertungen_April_2025.pdf,ise zur Abrechnung Brutto-Bezüge Betrag Lohnart Bezeichnung Einheit Menge Faktor 3 Prozentsatz St SV GB 4 4 5 Gesamt-Brutto Steuerrechtliche Abzüge Netto-Verdienst Betrag Auszahlungsbetrag SV-rechtliche Abzüge Steuer/Sozialversicherung Netto-Bezüge/Netto-Abzüge St Steuer-Brutto Lohnsteuer Kirchensteuer Solidaritätszuschlag St4 SV4 KV-Brutto RV-Brutto AV-Brutto PV-Brutto KV-Beitrag RV-Beitrag AV-Beitrag PV-Beitrag6 SV,MEDIUM
SI-390JS-5935-26-01989,DUPLICATE,Same date/period/Krankenkasse/event/source already audited.,2025-05-14,2025-04,AOK PLUS,,,00_INBOX - Входящи - Eingang/Accounting_Organized/02_Payroll/Lohnauswertungen_April_2025.pdf,ise zur Abrechnung Brutto-Bezüge Betrag Lohnart Bezeichnung Einheit Menge Faktor 3 Prozentsatz St SV GB 4 4 5 Gesamt-Brutto Steuerrechtliche Abzüge Netto-Verdienst Betrag Auszahlungsbetrag SV-rechtliche Abzüge Steuer/Sozialversicherung Netto-Bezüge/Netto-Abzüge St Steuer-Brutto Lohnsteuer Kirchensteuer Solidaritätszuschlag St4 SV4 KV-Brutto RV-Brutto AV-Brutto PV-Brutto KV-Beitrag RV-Beitrag AV-Beitrag PV-Beitrag6 SV,MEDIUM
SI-390JS-5935-26-01990,UNCLEAR,Source row has insufficient semantic evidence for a resolution-action classification.,2025-05-14,2025-04,AOK PLUS,,,00_INBOX - Входящи - Eingang/Accounting_Organized/02_Payroll/Lohnauswertungen_April_2025__copy2.pdf,ise zur Abrechnung Brutto-Bezüge Betrag Lohnart Bezeichnung Einheit Menge Faktor 3 Prozentsatz St SV GB 4 4 5 Gesamt-Brutto Steuerrechtliche Abzüge Netto-Verdienst Betrag Auszahlungsbetrag SV-rechtliche Abzüge Steuer/Sozialversicherung Netto-Bezüge/Netto-Abzüge St Steuer-Brutto Lohnsteuer Kirchensteuer Solidaritätszuschlag St4 SV4 KV-Brutto RV-Brutto AV-Brutto PV-Brutto KV-Beitrag RV-Beitrag AV-Beitrag PV-Beitrag6 SV,MEDIUM
SI-390JS-5935-26-01991,DUPLICATE,Same date/period/Krankenkasse/event/source already audited.,2025-05-14,2025-04,AOK PLUS,,,00_INBOX - Входящи - Eingang/Accounting_Organized/13_Unknown_To_Review/Lohnauswertungen_April_2025.pdf,ise zur Abrechnung Brutto-Bezüge Betrag Lohnart Bezeichnung Einheit Menge Faktor 3 Prozentsatz St SV GB 4 4 5 Gesamt-Brutto Steuerrechtliche Abzüge Netto-Verdienst Betrag Auszahlungsbetrag SV-rechtliche Abzüge Steuer/Sozialversicherung Netto-Bezüge/Netto-Abzüge St Steuer-Brutto Lohnsteuer Kirchensteuer Solidaritätszuschlag St4 SV4 KV-Brutto RV-Brutto AV-Brutto PV-Brutto KV-Beitrag RV-Beitrag AV-Beitrag PV-Beitrag6 SV,MEDIUM
SI-390JS-5935-26-01992,UNCLEAR,Source row has insufficient semantic evidence for a resolution-action classification.,2025-05-14,2025-04,DAK,,,00_INBOX - Входящи - Eingang/Accounting/Lohnauswertungen_April_2025.pdf,ise zur Abrechnung Brutto-Bezüge Betrag Lohnart Bezeichnung Einheit Menge Faktor 3 Prozentsatz St SV GB 4 4 5 Gesamt-Brutto Steuerrechtliche Abzüge Netto-Verdienst Betrag Auszahlungsbetrag SV-rechtliche Abzüge Steuer/Sozialversicherung Netto-Bezüge/Netto-Abzüge St Steuer-Brutto Lohnsteuer Kirchensteuer Solidaritätszuschlag St4 SV4 KV-Brutto RV-Brutto AV-Brutto PV-Brutto KV-Beitrag RV-Beitrag AV-Beitrag PV-Beitrag6 SV,MEDIUM
SI-390JS-5935-26-01993,DUPLICATE,Same date/period/Krankenkasse/event/source already audited.,2025-05-14,2025-04,DAK,,,00_INBOX - Входящи - Eingang/Accounting_Organized/02_Payroll/Lohnauswertungen_April_2025.pdf,ise zur Abrechnung Brutto-Bezüge Betrag Lohnart Bezeichnung Einheit Menge Faktor 3 Prozentsatz St SV GB 4 4 5 Gesamt-Brutto Steuerrechtliche Abzüge Netto-Verdienst Betrag Auszahlungsbetrag SV-rechtliche Abzüge Steuer/Sozialversicherung Netto-Bezüge/Netto-Abzüge St Steuer-Brutto Lohnsteuer Kirchensteuer Solidaritätszuschlag St4 SV4 KV-Brutto RV-Brutto AV-Brutto PV-Brutto KV-Beitrag RV-Beitrag AV-Beitrag PV-Beitrag6 SV,MEDIUM
SI-390JS-5935-26-01994,UNCLEAR,Source row has insufficient semantic evidence for a resolution-action classification.,2025-05-14,2025-04,DAK,,,00_INBOX - Входящи - Eingang/Accounting_Organized/02_Payroll/Lohnauswertungen_April_2025__copy2.pdf,ise zur Abrechnung Brutto-Bezüge Betrag Lohnart Bezeichnung Einheit Menge Faktor 3 Prozentsatz St SV GB 4 4 5 Gesamt-Brutto Steuerrechtliche Abzüge Netto-Verdienst Betrag Auszahlungsbetrag SV-rechtliche Abzüge Steuer/Sozialversicherung Netto-Bezüge/Netto-Abzüge St Steuer-Brutto Lohnsteuer Kirchensteuer Solidaritätszuschlag St4 SV4 KV-Brutto RV-Brutto AV-Brutto PV-Brutto KV-Beitrag RV-Beitrag AV-Beitrag PV-Beitrag6 SV,MEDIUM
SI-390JS-5935-26-01995,DUPLICATE,Same date/period/Krankenkasse/event/source already audited.,2025-05-14,2025-04,DAK,,,00_INBOX - Входящи - Eingang/Accounting_Organized/13_Unknown_To_Review/Lohnauswertungen_April_2025.pdf,ise zur Abrechnung Brutto-Bezüge Betrag Lohnart Bezeichnung Einheit Menge Faktor 3 Prozentsatz St SV GB 4 4 5 Gesamt-Brutto Steuerrechtliche Abzüge Netto-Verdienst Betrag Auszahlungsbetrag SV-rechtliche Abzüge Steuer/Sozialversicherung Netto-Bezüge/Netto-Abzüge St Steuer-Brutto Lohnsteuer Kirchensteuer Solidaritätszuschlag St4 SV4 KV-Brutto RV-Brutto AV-Brutto PV-Brutto KV-Beitrag RV-Beitrag AV-Beitrag PV-Beitrag6 SV,MEDIUM
SI-390JS-5935-26-02044,UNCLEAR,Source row has insufficient semantic evidence for a resolution-action classification.,2025-06-10,2025-05,AOK,,,00_INBOX - Входящи - Eingang/Accounting/2025/Entgeltbescheinigungen 05-2025.pdf,"i 2013 AG-Anteile zur Zukunftssicherung. Ab Juni 2013 setzt sich das Gesamtbrutto ohne diese AG-Anteile gemäß EntgeltBeschVO zusammen. 4) 4) 4) 6) Gesamtbrutto Auszahlungsbetrag Nettobezüge/-abzüge 2) AN- Typ Faktor 4) 4) 4) 4) 5) 6) Ki.PV 659798 Martin Zahariev C08 10.06.2025 10001 Usti Nad Labem 27 1 09119 Chemnitz Mai 2025 00007 1 Georgiev, Emil 2.58000 2.58000 2.58000 2.58",MEDIUM
SI-390JS-5935-26-02045,UNCLEAR,Source row has insufficient semantic evidence for a resolution-action classification.,2025-06-10,2013-05,AOK,,,00_INBOX - Входящи - Eingang/Accounting/ihrelohnauswertungenmai2025/Lohnauswertungen.pdf,"i 2013 AG-Anteile zur Zukunftssicherung. Ab Juni 2013 setzt sich das Gesamtbrutto ohne diese AG-Anteile gemäß EntgeltBeschVO zusammen. 4) 4) 4) 6) Gesamtbrutto Auszahlungsbetrag Nettobezüge/-abzüge 2) AN- Typ Faktor 4) 4) 4) 4) 5) 6) Ki.PV 659798 Martin Zahariev C08 10.06.2025 10001 Usti Nad Labem 27 1 09119 Chemnitz Mai 2025 00007 1 Georgiev, Emil 2.58000 2.58000 2.58000 2.58",MEDIUM
SI-390JS-5935-26-02046,DUPLICATE,Same date/period/Krankenkasse/event/source already audited.,2025-06-10,2025-05,AOK,,,00_INBOX - Входящи - Eingang/Accounting_Organized/03_Employee_Payslips/Entgeltbescheinigungen 05-2025.pdf,"i 2013 AG-Anteile zur Zukunftssicherung. Ab Juni 2013 setzt sich das Gesamtbrutto ohne diese AG-Anteile gemäß EntgeltBeschVO zusammen. 4) 4) 4) 6) Gesamtbrutto Auszahlungsbetrag Nettobezüge/-abzüge 2) AN- Typ Faktor 4) 4) 4) 4) 5) 6) Ki.PV 659798 Martin Zahariev C08 10.06.2025 10001 Usti Nad Labem 27 1 09119 Chemnitz Mai 2025 00007 1 Georgiev, Emil 2.58000 2.58000 2.58000 2.58",MEDIUM
SI-390JS-5935-26-02047,UNCLEAR,Source row has insufficient semantic evidence for a resolution-action classification.,2025-06-10,2013-05,AOK,,,00_INBOX - Входящи - Eingang/Accounting_Organized/03_Employee_Payslips/Entgeltbescheinigungen 05-2025__copy2.pdf,"i 2013 AG-Anteile zur Zukunftssicherung. Ab Juni 2013 setzt sich das Gesamtbrutto ohne diese AG-Anteile gemäß EntgeltBeschVO zusammen. 4) 4) 4) 6) Gesamtbrutto Auszahlungsbetrag Nettobezüge/-abzüge 2) AN- Typ Faktor 4) 4) 4) 4) 5) 6) Ki.PV 659798 Martin Zahariev C08 10.06.2025 10001 Usti Nad Labem 27 1 09119 Chemnitz Mai 2025 00007 1 Georgiev, Emil 2.58000 2.58000 2.58000 2.58",MEDIUM
SI-390JS-5935-26-02048,UNCLEAR,Source row has insufficient semantic evidence for a resolution-action classification.,2025-06-10,2013-05,AOK,,,00_INBOX - Входящи - Eingang/Accounting_Organized/03_Employee_Payslips/Entgeltbescheinigungen 05-2025__copy3.pdf,"i 2013 AG-Anteile zur Zukunftssicherung. Ab Juni 2013 setzt sich das Gesamtbrutto ohne diese AG-Anteile gemäß EntgeltBeschVO zusammen. 4) 4) 4) 6) Gesamtbrutto Auszahlungsbetrag Nettobezüge/-abzüge 2) AN- Typ Faktor 4) 4) 4) 4) 5) 6) Ki.PV 659798 Martin Zahariev C08 10.06.2025 10001 Usti Nad Labem 27 1 09119 Chemnitz Mai 2025 00007 1 Georgiev, Emil 2.58000 2.58000 2.58000 2.58",MEDIUM
SI-390JS-5935-26-02049,UNCLEAR,Source row has insufficient semantic evidence for a resolution-action classification.,2025-06-10,2013-05,AOK,,,00_INBOX - Входящи - Eingang/Accounting_Organized/14_Duplicates/Lohnauswertungen__copy14.pdf,"i 2013 AG-Anteile zur Zukunftssicherung. Ab Juni 2013 setzt sich das Gesamtbrutto ohne diese AG-Anteile gemäß EntgeltBeschVO zusammen. 4) 4) 4) 6) Gesamtbrutto Auszahlungsbetrag Nettobezüge/-abzüge 2) AN- Typ Faktor 4) 4) 4) 4) 5) 6) Ki.PV 659798 Martin Zahariev C08 10.06.2025 10001 Usti Nad Labem 27 1 09119 Chemnitz Mai 2025 00007 1 Georgiev, Emil 2.58000 2.58000 2.58000 2.58",MEDIUM
SI-390JS-5935-26-02050,UNCLEAR,Source row has insufficient semantic evidence for a resolution-action classification.,2025-06-10,2013-05,AOK,,,00_INBOX - Входящи - Eingang/Accounting_Organized/14_Duplicates/Lohnauswertungen__copy32.pdf,"i 2013 AG-Anteile zur Zukunftssicherung. Ab Juni 2013 setzt sich das Gesamtbrutto ohne diese AG-Anteile gemäß EntgeltBeschVO zusammen. 4) 4) 4) 6) Gesamtbrutto Auszahlungsbetrag Nettobezüge/-abzüge 2) AN- Typ Faktor 4) 4) 4) 4) 5) 6) Ki.PV 659798 Martin Zahariev C08 10.06.2025 10001 Usti Nad Labem 27 1 09119 Chemnitz Mai 2025 00007 1 Georgiev, Emil 2.58000 2.58000 2.58000 2.58",MEDIUM
SI-390JS-5935-26-02051,UNCLEAR,Source row has insufficient semantic evidence for a resolution-action classification.,2025-06-10,2013-05,AOK,,,00_INBOX - Входящи - Eingang/Accounting_Organized/14_Duplicates/Lohnauswertungen__copy50.pdf,"i 2013 AG-Anteile zur Zukunftssicherung. Ab Juni 2013 setzt sich das Gesamtbrutto ohne diese AG-Anteile gemäß EntgeltBeschVO zusammen. 4) 4) 4) 6) Gesamtbrutto Auszahlungsbetrag Nettobezüge/-abzüge 2) AN- Typ Faktor 4) 4) 4) 4) 5) 6) Ki.PV 659798 Martin Zahariev C08 10.06.2025 10001 Usti Nad Labem 27 1 09119 Chemnitz Mai 2025 00007 1 Georgiev, Emil 2.58000 2.58000 2.58000 2.58",MEDIUM
SI-390JS-5935-26-02096,UNCLEAR,Source row has insufficient semantic evidence for a resolution-action classification.,2025-06-12,,AOK,,,00_INBOX - Входящи - Eingang/Accounting/Vasilev_Test Pay Slip.pdf,ise zur Abrechnung Brutto-Bezüge Betrag Lohnart Bezeichnung Einheit Menge Faktor 3 Prozentsatz St SV GB 4 4 5 Gesamt-Brutto Steuerrechtliche Abzüge Netto-Verdienst Betrag Auszahlungsbetrag SV-rechtliche Abzüge Steuer/Sozialversicherung Netto-Bezüge/Netto-Abzüge St Steuer-Brutto Lohnsteuer Kirchensteuer Solidaritätszuschlag St4 SV4 KV-Brutto RV-Brutto AV-Brutto PV-Brutto KV-Beitrag RV-Beitrag AV-Beitrag PV-Beitrag6 SV,MEDIUM
SI-390JS-5935-26-02097,DUPLICATE,Same date/period/Krankenkasse/event/source already audited.,2025-06-12,,AOK,,,00_INBOX - Входящи - Eingang/Accounting_Organized/04_Health_Insurance/Vasilev_Test Pay Slip.pdf,ise zur Abrechnung Brutto-Bezüge Betrag Lohnart Bezeichnung Einheit Menge Faktor 3 Prozentsatz St SV GB 4 4 5 Gesamt-Brutto Steuerrechtliche Abzüge Netto-Verdienst Betrag Auszahlungsbetrag SV-rechtliche Abzüge Steuer/Sozialversicherung Netto-Bezüge/Netto-Abzüge St Steuer-Brutto Lohnsteuer Kirchensteuer Solidaritätszuschlag St4 SV4 KV-Brutto RV-Brutto AV-Brutto PV-Brutto KV-Beitrag RV-Beitrag AV-Beitrag PV-Beitrag6 SV,MEDIUM
SI-390JS-5935-26-02098,UNCLEAR,Source row has insufficient semantic evidence for a resolution-action classification.,2025-06-12,,AOK,,,00_INBOX - Входящи - Eingang/Accounting_Organized/04_Health_Insurance/Vasilev_Test Pay Slip__copy2.pdf,ise zur Abrechnung Brutto-Bezüge Betrag Lohnart Bezeichnung Einheit Menge Faktor 3 Prozentsatz St SV GB 4 4 5 Gesamt-Brutto Steuerrechtliche Abzüge Netto-Verdienst Betrag Auszahlungsbetrag SV-rechtliche Abzüge Steuer/Sozialversicherung Netto-Bezüge/Netto-Abzüge St Steuer-Brutto Lohnsteuer Kirchensteuer Solidaritätszuschlag St4 SV4 KV-Brutto RV-Brutto AV-Brutto PV-Brutto KV-Beitrag RV-Beitrag AV-Beitrag PV-Beitrag6 SV,MEDIUM
SI-390JS-5935-26-02099,DUPLICATE,Same date/period/Krankenkasse/event/source already audited.,2025-06-12,,AOK,,,00_INBOX - Входящи - Eingang/Accounting_Organized/05_Taxes/Vasilev_Test Pay Slip.pdf,ise zur Abrechnung Brutto-Bezüge Betrag Lohnart Bezeichnung Einheit Menge Faktor 3 Prozentsatz St SV GB 4 4 5 Gesamt-Brutto Steuerrechtliche Abzüge Netto-Verdienst Betrag Auszahlungsbetrag SV-rechtliche Abzüge Steuer/Sozialversicherung Netto-Bezüge/Netto-Abzüge St Steuer-Brutto Lohnsteuer Kirchensteuer Solidaritätszuschlag St4 SV4 KV-Brutto RV-Brutto AV-Brutto PV-Brutto KV-Beitrag RV-Beitrag AV-Beitrag PV-Beitrag6 SV,MEDIUM
SI-390JS-5935-26-02136,UNCLEAR,Source row has insufficient semantic evidence for a resolution-action classification.,2025-07-11,,AOK,,,00_INBOX - Входящи - Eingang/Accounting/10001_06_2025_Div_Auswertungen_Div_Mitarbeiter.pdf,ise zur Abrechnung Brutto-Bezüge Betrag Lohnart Bezeichnung Einheit Menge Faktor 3 Prozentsatz St SV GB 4 4 5 Gesamt-Brutto Steuerrechtliche Abzüge Netto-Verdienst Betrag Auszahlungsbetrag SV-rechtliche Abzüge Steuer/Sozialversicherung Netto-Bezüge/Netto-Abzüge St Steuer-Brutto Lohnsteuer Kirchensteuer Solidaritätszuschlag St4 SV4 KV-Brutto RV-Brutto AV-Brutto PV-Brutto KV-Beitrag RV-Beitrag AV-Beitrag PV-Beitrag6 SV,MEDIUM
SI-390JS-5935-26-02137,DUPLICATE,Same date/period/Krankenkasse/event/source already audited.,2025-07-11,,AOK,,,00_INBOX - Входящи - Eingang/Accounting_Organized/02_Payroll/10001_06_2025_Div_Auswertungen_Div_Mitarbeiter.pdf,ise zur Abrechnung Brutto-Bezüge Betrag Lohnart Bezeichnung Einheit Menge Faktor 3 Prozentsatz St SV GB 4 4 5 Gesamt-Brutto Steuerrechtliche Abzüge Netto-Verdienst Betrag Auszahlungsbetrag SV-rechtliche Abzüge Steuer/Sozialversicherung Netto-Bezüge/Netto-Abzüge St Steuer-Brutto Lohnsteuer Kirchensteuer Solidaritätszuschlag St4 SV4 KV-Brutto RV-Brutto AV-Brutto PV-Brutto KV-Beitrag RV-Beitrag AV-Beitrag PV-Beitrag6 SV,MEDIUM
SI-390JS-5935-26-02138,UNCLEAR,Source row has insufficient semantic evidence for a resolution-action classification.,2025-07-11,,AOK,,,00_INBOX - Входящи - Eingang/Accounting_Organized/02_Payroll/10001_06_2025_Div_Auswertungen_Div_Mitarbeiter__copy2.pdf,ise zur Abrechnung Brutto-Bezüge Betrag Lohnart Bezeichnung Einheit Menge Faktor 3 Prozentsatz St SV GB 4 4 5 Gesamt-Brutto Steuerrechtliche Abzüge Netto-Verdienst Betrag Auszahlungsbetrag SV-rechtliche Abzüge Steuer/Sozialversicherung Netto-Bezüge/Netto-Abzüge St Steuer-Brutto Lohnsteuer Kirchensteuer Solidaritätszuschlag St4 SV4 KV-Brutto RV-Brutto AV-Brutto PV-Brutto KV-Beitrag RV-Beitrag AV-Beitrag PV-Beitrag6 SV,MEDIUM
SI-390JS-5935-26-02139,DUPLICATE,Same date/period/Krankenkasse/event/source already audited.,2025-07-11,,AOK,,,00_INBOX - Входящи - Eingang/Accounting_Organized/13_Unknown_To_Review/10001_06_2025_Div_Auswertungen_Div_Mitarbeiter.pdf,ise zur Abrechnung Brutto-Bezüge Betrag Lohnart Bezeichnung Einheit Menge Faktor 3 Prozentsatz St SV GB 4 4 5 Gesamt-Brutto Steuerrechtliche Abzüge Netto-Verdienst Betrag Auszahlungsbetrag SV-rechtliche Abzüge Steuer/Sozialversicherung Netto-Bezüge/Netto-Abzüge St Steuer-Brutto Lohnsteuer Kirchensteuer Solidaritätszuschlag St4 SV4 KV-Brutto RV-Brutto AV-Brutto PV-Brutto KV-Beitrag RV-Beitrag AV-Beitrag PV-Beitrag6 SV,MEDIUM
SI-390JS-5935-26-02140,UNCLEAR,Source row has insufficient semantic evidence for a resolution-action classification.,2025-07-11,,Techniker Krankenkasse,,,00_INBOX - Входящи - Eingang/Accounting/10001_06_2025_Div_Auswertungen_Div_Mitarbeiter.pdf,ise zur Abrechnung Brutto-Bezüge Betrag Lohnart Bezeichnung Einheit Menge Faktor 3 Prozentsatz St SV GB 4 4 5 Gesamt-Brutto Steuerrechtliche Abzüge Netto-Verdienst Betrag Auszahlungsbetrag SV-rechtliche Abzüge Steuer/Sozialversicherung Netto-Bezüge/Netto-Abzüge St Steuer-Brutto Lohnsteuer Kirchensteuer Solidaritätszuschlag St4 SV4 KV-Brutto RV-Brutto AV-Brutto PV-Brutto KV-Beitrag RV-Beitrag AV-Beitrag PV-Beitrag6 SV,MEDIUM
SI-390JS-5935-26-02141,DUPLICATE,Same date/period/Krankenkasse/event/source already audited.,2025-07-11,,Techniker Krankenkasse,,,00_INBOX - Входящи - Eingang/Accounting_Organized/02_Payroll/10001_06_2025_Div_Auswertungen_Div_Mitarbeiter.pdf,ise zur Abrechnung Brutto-Bezüge Betrag Lohnart Bezeichnung Einheit Menge Faktor 3 Prozentsatz St SV GB 4 4 5 Gesamt-Brutto Steuerrechtliche Abzüge Netto-Verdienst Betrag Auszahlungsbetrag SV-rechtliche Abzüge Steuer/Sozialversicherung Netto-Bezüge/Netto-Abzüge St Steuer-Brutto Lohnsteuer Kirchensteuer Solidaritätszuschlag St4 SV4 KV-Brutto RV-Brutto AV-Brutto PV-Brutto KV-Beitrag RV-Beitrag AV-Beitrag PV-Beitrag6 SV,MEDIUM
SI-390JS-5935-26-02142,UNCLEAR,Source row has insufficient semantic evidence for a resolution-action classification.,2025-07-11,,Techniker Krankenkasse,,,00_INBOX - Входящи - Eingang/Accounting_Organized/02_Payroll/10001_06_2025_Div_Auswertungen_Div_Mitarbeiter__copy2.pdf,ise zur Abrechnung Brutto-Bezüge Betrag Lohnart Bezeichnung Einheit Menge Faktor 3 Prozentsatz St SV GB 4 4 5 Gesamt-Brutto Steuerrechtliche Abzüge Netto-Verdienst Betrag Auszahlungsbetrag SV-rechtliche Abzüge Steuer/Sozialversicherung Netto-Bezüge/Netto-Abzüge St Steuer-Brutto Lohnsteuer Kirchensteuer Solidaritätszuschlag St4 SV4 KV-Brutto RV-Brutto AV-Brutto PV-Brutto KV-Beitrag RV-Beitrag AV-Beitrag PV-Beitrag6 SV,MEDIUM
SI-390JS-5935-26-02143,DUPLICATE,Same date/period/Krankenkasse/event/source already audited.,2025-07-11,,Techniker Krankenkasse,,,00_INBOX - Входящи - Eingang/Accounting_Organized/13_Unknown_To_Review/10001_06_2025_Div_Auswertungen_Div_Mitarbeiter.pdf,ise zur Abrechnung Brutto-Bezüge Betrag Lohnart Bezeichnung Einheit Menge Faktor 3 Prozentsatz St SV GB 4 4 5 Gesamt-Brutto Steuerrechtliche Abzüge Netto-Verdienst Betrag Auszahlungsbetrag SV-rechtliche Abzüge Steuer/Sozialversicherung Netto-Bezüge/Netto-Abzüge St Steuer-Brutto Lohnsteuer Kirchensteuer Solidaritätszuschlag St4 SV4 KV-Brutto RV-Brutto AV-Brutto PV-Brutto KV-Beitrag RV-Beitrag AV-Beitrag PV-Beitrag6 SV,MEDIUM
SI-390JS-5935-26-02144,UNCLEAR,Source row has insufficient semantic evidence for a resolution-action classification.,2025-07-17,,AOK,,,00_INBOX - Входящи - Eingang/Accounting/Lohnauswertungen_Juni_2025.pdf,ise zur Abrechnung Brutto-Bezüge Betrag Lohnart Bezeichnung Einheit Menge Faktor 3 Prozentsatz St SV GB 4 4 5 Gesamt-Brutto Steuerrechtliche Abzüge Netto-Verdienst Betrag Auszahlungsbetrag SV-rechtliche Abzüge Steuer/Sozialversicherung Netto-Bezüge/Netto-Abzüge St Steuer-Brutto Lohnsteuer Kirchensteuer Solidaritätszuschlag St4 SV4 KV-Brutto RV-Brutto AV-Brutto PV-Brutto KV-Beitrag RV-Beitrag AV-Beitrag PV-Beitrag6 SV,MEDIUM
SI-390JS-5935-26-02145,DUPLICATE,Same date/period/Krankenkasse/event/source already audited.,2025-07-17,,AOK,,,00_INBOX - Входящи - Eingang/Accounting_Organized/02_Payroll/Lohnauswertungen_Juni_2025.pdf,ise zur Abrechnung Brutto-Bezüge Betrag Lohnart Bezeichnung Einheit Menge Faktor 3 Prozentsatz St SV GB 4 4 5 Gesamt-Brutto Steuerrechtliche Abzüge Netto-Verdienst Betrag Auszahlungsbetrag SV-rechtliche Abzüge Steuer/Sozialversicherung Netto-Bezüge/Netto-Abzüge St Steuer-Brutto Lohnsteuer Kirchensteuer Solidaritätszuschlag St4 SV4 KV-Brutto RV-Brutto AV-Brutto PV-Brutto KV-Beitrag RV-Beitrag AV-Beitrag PV-Beitrag6 SV,MEDIUM
SI-390JS-5935-26-02146,UNCLEAR,Source row has insufficient semantic evidence for a resolution-action classification.,2025-07-17,,AOK,,,00_INBOX - Входящи - Eingang/Accounting_Organized/02_Payroll/Lohnauswertungen_Juni_2025__copy2.pdf,ise zur Abrechnung Brutto-Bezüge Betrag Lohnart Bezeichnung Einheit Menge Faktor 3 Prozentsatz St SV GB 4 4 5 Gesamt-Brutto Steuerrechtliche Abzüge Netto-Verdienst Betrag Auszahlungsbetrag SV-rechtliche Abzüge Steuer/Sozialversicherung Netto-Bezüge/Netto-Abzüge St Steuer-Brutto Lohnsteuer Kirchensteuer Solidaritätszuschlag St4 SV4 KV-Brutto RV-Brutto AV-Brutto PV-Brutto KV-Beitrag RV-Beitrag AV-Beitrag PV-Beitrag6 SV,MEDIUM
SI-390JS-5935-26-02147,DUPLICATE,Same date/period/Krankenkasse/event/source already audited.,2025-07-17,,AOK,,,00_INBOX - Входящи - Eingang/Accounting_Organized/13_Unknown_To_Review/Lohnauswertungen_Juni_2025.pdf,ise zur Abrechnung Brutto-Bezüge Betrag Lohnart Bezeichnung Einheit Menge Faktor 3 Prozentsatz St SV GB 4 4 5 Gesamt-Brutto Steuerrechtliche Abzüge Netto-Verdienst Betrag Auszahlungsbetrag SV-rechtliche Abzüge Steuer/Sozialversicherung Netto-Bezüge/Netto-Abzüge St Steuer-Brutto Lohnsteuer Kirchensteuer Solidaritätszuschlag St4 SV4 KV-Brutto RV-Brutto AV-Brutto PV-Brutto KV-Beitrag RV-Beitrag AV-Beitrag PV-Beitrag6 SV,MEDIUM
SI-390JS-5935-26-02148,UNCLEAR,Source row has insufficient semantic evidence for a resolution-action classification.,2025-07-17,,Barmer,,,00_INBOX - Входящи - Eingang/Accounting/Lohnauswertungen_Juni_2025.pdf,ise zur Abrechnung Brutto-Bezüge Betrag Lohnart Bezeichnung Einheit Menge Faktor 3 Prozentsatz St SV GB 4 4 5 Gesamt-Brutto Steuerrechtliche Abzüge Netto-Verdienst Betrag Auszahlungsbetrag SV-rechtliche Abzüge Steuer/Sozialversicherung Netto-Bezüge/Netto-Abzüge St Steuer-Brutto Lohnsteuer Kirchensteuer Solidaritätszuschlag St4 SV4 KV-Brutto RV-Brutto AV-Brutto PV-Brutto KV-Beitrag RV-Beitrag AV-Beitrag PV-Beitrag6 SV,MEDIUM
SI-390JS-5935-26-02149,DUPLICATE,Same date/period/Krankenkasse/event/source already audited.,2025-07-17,,Barmer,,,00_INBOX - Входящи - Eingang/Accounting_Organized/02_Payroll/Lohnauswertungen_Juni_2025.pdf,ise zur Abrechnung Brutto-Bezüge Betrag Lohnart Bezeichnung Einheit Menge Faktor 3 Prozentsatz St SV GB 4 4 5 Gesamt-Brutto Steuerrechtliche Abzüge Netto-Verdienst Betrag Auszahlungsbetrag SV-rechtliche Abzüge Steuer/Sozialversicherung Netto-Bezüge/Netto-Abzüge St Steuer-Brutto Lohnsteuer Kirchensteuer Solidaritätszuschlag St4 SV4 KV-Brutto RV-Brutto AV-Brutto PV-Brutto KV-Beitrag RV-Beitrag AV-Beitrag PV-Beitrag6 SV,MEDIUM
SI-390JS-5935-26-02150,UNCLEAR,Source row has insufficient semantic evidence for a resolution-action classification.,2025-07-17,,Barmer,,,00_INBOX - Входящи - Eingang/Accounting_Organized/02_Payroll/Lohnauswertungen_Juni_2025__copy2.pdf,ise zur Abrechnung Brutto-Bezüge Betrag Lohnart Bezeichnung Einheit Menge Faktor 3 Prozentsatz St SV GB 4 4 5 Gesamt-Brutto Steuerrechtliche Abzüge Netto-Verdienst Betrag Auszahlungsbetrag SV-rechtliche Abzüge Steuer/Sozialversicherung Netto-Bezüge/Netto-Abzüge St Steuer-Brutto Lohnsteuer Kirchensteuer Solidaritätszuschlag St4 SV4 KV-Brutto RV-Brutto AV-Brutto PV-Brutto KV-Beitrag RV-Beitrag AV-Beitrag PV-Beitrag6 SV,MEDIUM
SI-390JS-5935-26-02151,DUPLICATE,Same date/period/Krankenkasse/event/source already audited.,2025-07-17,,Barmer,,,00_INBOX - Входящи - Eingang/Accounting_Organized/13_Unknown_To_Review/Lohnauswertungen_Juni_2025.pdf,ise zur Abrechnung Brutto-Bezüge Betrag Lohnart Bezeichnung Einheit Menge Faktor 3 Prozentsatz St SV GB 4 4 5 Gesamt-Brutto Steuerrechtliche Abzüge Netto-Verdienst Betrag Auszahlungsbetrag SV-rechtliche Abzüge Steuer/Sozialversicherung Netto-Bezüge/Netto-Abzüge St Steuer-Brutto Lohnsteuer Kirchensteuer Solidaritätszuschlag St4 SV4 KV-Brutto RV-Brutto AV-Brutto PV-Brutto KV-Beitrag RV-Beitrag AV-Beitrag PV-Beitrag6 SV,MEDIUM
SI-390JS-5935-26-02164,UNCLEAR,Source row has insufficient semantic evidence for a resolution-action classification.,2025-07-18,2025-06,AOK PLUS,,,00_INBOX - Входящи - Eingang/Accounting/2025/Entgeltbescheinigungen 06-2025.pdf,"auschsteuer Beträge zur freiw./priv. KV/PV und für berufsständische Versorgungswerke sind unter Beitrag AN/AG und Nettobezüge/-abzüge enthalten 5) 5) 5) Gesamtbrutto Auszahlungsbetrag Nettobezüge/-abzüge 2) AN- Typ Faktor 5) 5) 5) 4) 5) Ki.PV 3) Z = Einschließlich Beitragszuschlag zur PV für Kinderlose, E = Elterneigenschaft nachgewiesen, 1-5 = Anzahl Kinder für PV 3) 659798 Martin Zahariev F0W 18.07.2025 10001 Usti ",MEDIUM
SI-390JS-5935-26-02165,UNCLEAR,Source row has insufficient semantic evidence for a resolution-action classification.,2025-07-18,2025-06,AOK PLUS,,,00_INBOX - Входящи - Eingang/Accounting/ihrelohnauswertungen/Lohnauswertungen.pdf,"auschsteuer Beträge zur freiw./priv. KV/PV und für berufsständische Versorgungswerke sind unter Beitrag AN/AG und Nettobezüge/-abzüge enthalten 5) 5) 5) Gesamtbrutto Auszahlungsbetrag Nettobezüge/-abzüge 2) AN- Typ Faktor 5) 5) 5) 4) 5) Ki.PV 3) Z = Einschließlich Beitragszuschlag zur PV für Kinderlose, E = Elterneigenschaft nachgewiesen, 1-5 = Anzahl Kinder für PV 3) 659798 Martin Zahariev F0W 18.07.2025 10001 Usti ",MEDIUM
SI-390JS-5935-26-02166,DUPLICATE,Same date/period/Krankenkasse/event/source already audited.,2025-07-18,2025-06,AOK PLUS,,,00_INBOX - Входящи - Eingang/Accounting_Organized/03_Employee_Payslips/Entgeltbescheinigungen 06-2025.pdf,"auschsteuer Beträge zur freiw./priv. KV/PV und für berufsständische Versorgungswerke sind unter Beitrag AN/AG und Nettobezüge/-abzüge enthalten 5) 5) 5) Gesamtbrutto Auszahlungsbetrag Nettobezüge/-abzüge 2) AN- Typ Faktor 5) 5) 5) 4) 5) Ki.PV 3) Z = Einschließlich Beitragszuschlag zur PV für Kinderlose, E = Elterneigenschaft nachgewiesen, 1-5 = Anzahl Kinder für PV 3) 659798 Martin Zahariev F0W 18.07.2025 10001 Usti ",MEDIUM
SI-390JS-5935-26-02167,UNCLEAR,Source row has insufficient semantic evidence for a resolution-action classification.,2025-07-18,2025-06,AOK PLUS,,,00_INBOX - Входящи - Eingang/Accounting_Organized/03_Employee_Payslips/Entgeltbescheinigungen 06-2025__copy2.pdf,"auschsteuer Beträge zur freiw./priv. KV/PV und für berufsständische Versorgungswerke sind unter Beitrag AN/AG und Nettobezüge/-abzüge enthalten 5) 5) 5) Gesamtbrutto Auszahlungsbetrag Nettobezüge/-abzüge 2) AN- Typ Faktor 5) 5) 5) 4) 5) Ki.PV 3) Z = Einschließlich Beitragszuschlag zur PV für Kinderlose, E = Elterneigenschaft nachgewiesen, 1-5 = Anzahl Kinder für PV 3) 659798 Martin Zahariev F0W 18.07.2025 10001 Usti ",MEDIUM
SI-390JS-5935-26-02168,UNCLEAR,Source row has insufficient semantic evidence for a resolution-action classification.,2025-07-18,2025-06,AOK PLUS,,,00_INBOX - Входящи - Eingang/Accounting_Organized/03_Employee_Payslips/Entgeltbescheinigungen 06-2025__copy3.pdf,"auschsteuer Beträge zur freiw./priv. KV/PV und für berufsständische Versorgungswerke sind unter Beitrag AN/AG und Nettobezüge/-abzüge enthalten 5) 5) 5) Gesamtbrutto Auszahlungsbetrag Nettobezüge/-abzüge 2) AN- Typ Faktor 5) 5) 5) 4) 5) Ki.PV 3) Z = Einschließlich Beitragszuschlag zur PV für Kinderlose, E = Elterneigenschaft nachgewiesen, 1-5 = Anzahl Kinder für PV 3) 659798 Martin Zahariev F0W 18.07.2025 10001 Usti ",MEDIUM
SI-390JS-5935-26-02169,DUPLICATE,Same date/period/Krankenkasse/event/source already audited.,2025-07-18,2025-06,AOK PLUS,,,00_INBOX - Входящи - Eingang/Accounting_Organized/14_Duplicates/Lohnauswertungen.pdf,"auschsteuer Beträge zur freiw./priv. KV/PV und für berufsständische Versorgungswerke sind unter Beitrag AN/AG und Nettobezüge/-abzüge enthalten 5) 5) 5) Gesamtbrutto Auszahlungsbetrag Nettobezüge/-abzüge 2) AN- Typ Faktor 5) 5) 5) 4) 5) Ki.PV 3) Z = Einschließlich Beitragszuschlag zur PV für Kinderlose, E = Elterneigenschaft nachgewiesen, 1-5 = Anzahl Kinder für PV 3) 659798 Martin Zahariev F0W 18.07.2025 10001 Usti ",MEDIUM
SI-390JS-5935-26-02170,UNCLEAR,Source row has insufficient semantic evidence for a resolution-action classification.,2025-07-18,2025-06,AOK PLUS,,,00_INBOX - Входящи - Eingang/Accounting_Organized/14_Duplicates/Lohnauswertungen__copy19.pdf,"auschsteuer Beträge zur freiw./priv. KV/PV und für berufsständische Versorgungswerke sind unter Beitrag AN/AG und Nettobezüge/-abzüge enthalten 5) 5) 5) Gesamtbrutto Auszahlungsbetrag Nettobezüge/-abzüge 2) AN- Typ Faktor 5) 5) 5) 4) 5) Ki.PV 3) Z = Einschließlich Beitragszuschlag zur PV für Kinderlose, E = Elterneigenschaft nachgewiesen, 1-5 = Anzahl Kinder für PV 3) 659798 Martin Zahariev F0W 18.07.2025 10001 Usti ",MEDIUM
SI-390JS-5935-26-02171,UNCLEAR,Source row has insufficient semantic evidence for a resolution-action classification.,2025-07-18,2025-06,AOK PLUS,,,00_INBOX - Входящи - Eingang/Accounting_Organized/14_Duplicates/Lohnauswertungen__copy37.pdf,"auschsteuer Beträge zur freiw./priv. KV/PV und für berufsständische Versorgungswerke sind unter Beitrag AN/AG und Nettobezüge/-abzüge enthalten 5) 5) 5) Gesamtbrutto Auszahlungsbetrag Nettobezüge/-abzüge 2) AN- Typ Faktor 5) 5) 5) 4) 5) Ki.PV 3) Z = Einschließlich Beitragszuschlag zur PV für Kinderlose, E = Elterneigenschaft nachgewiesen, 1-5 = Anzahl Kinder für PV 3) 659798 Martin Zahariev F0W 18.07.2025 10001 Usti ",MEDIUM
SI-390JS-5935-26-02176,UNCLEAR,Source row has insufficient semantic evidence for a resolution-action classification.,2025-07-18,2025-06,BKK Linde,,,00_INBOX - Входящи - Eingang/Accounting/2025/Entgeltbescheinigungen 06-2025.pdf,"auschsteuer Beträge zur freiw./priv. KV/PV und für berufsständische Versorgungswerke sind unter Beitrag AN/AG und Nettobezüge/-abzüge enthalten 5) 5) 5) Gesamtbrutto Auszahlungsbetrag Nettobezüge/-abzüge 2) AN- Typ Faktor 5) 5) 5) 4) 5) Ki.PV 3) Z = Einschließlich Beitragszuschlag zur PV für Kinderlose, E = Elterneigenschaft nachgewiesen, 1-5 = Anzahl Kinder für PV 3) 659798 Martin Zahariev F0W 18.07.2025 10001 Usti ",MEDIUM
SI-390JS-5935-26-02177,UNCLEAR,Source row has insufficient semantic evidence for a resolution-action classification.,2025-07-18,2025-06,BKK Linde,,,00_INBOX - Входящи - Eingang/Accounting/ihrelohnauswertungen/Lohnauswertungen.pdf,"auschsteuer Beträge zur freiw./priv. KV/PV und für berufsständische Versorgungswerke sind unter Beitrag AN/AG und Nettobezüge/-abzüge enthalten 5) 5) 5) Gesamtbrutto Auszahlungsbetrag Nettobezüge/-abzüge 2) AN- Typ Faktor 5) 5) 5) 4) 5) Ki.PV 3) Z = Einschließlich Beitragszuschlag zur PV für Kinderlose, E = Elterneigenschaft nachgewiesen, 1-5 = Anzahl Kinder für PV 3) 659798 Martin Zahariev F0W 18.07.2025 10001 Usti ",MEDIUM
SI-390JS-5935-26-02178,DUPLICATE,Same date/period/Krankenkasse/event/source already audited.,2025-07-18,2025-06,BKK Linde,,,00_INBOX - Входящи - Eingang/Accounting_Organized/03_Employee_Payslips/Entgeltbescheinigungen 06-2025.pdf,"auschsteuer Beträge zur freiw./priv. KV/PV und für berufsständische Versorgungswerke sind unter Beitrag AN/AG und Nettobezüge/-abzüge enthalten 5) 5) 5) Gesamtbrutto Auszahlungsbetrag Nettobezüge/-abzüge 2) AN- Typ Faktor 5) 5) 5) 4) 5) Ki.PV 3) Z = Einschließlich Beitragszuschlag zur PV für Kinderlose, E = Elterneigenschaft nachgewiesen, 1-5 = Anzahl Kinder für PV 3) 659798 Martin Zahariev F0W 18.07.2025 10001 Usti ",MEDIUM
SI-390JS-5935-26-02179,UNCLEAR,Source row has insufficient semantic evidence for a resolution-action classification.,2025-07-18,2025-06,BKK Linde,,,00_INBOX - Входящи - Eingang/Accounting_Organized/03_Employee_Payslips/Entgeltbescheinigungen 06-2025__copy2.pdf,"auschsteuer Beträge zur freiw./priv. KV/PV und für berufsständische Versorgungswerke sind unter Beitrag AN/AG und Nettobezüge/-abzüge enthalten 5) 5) 5) Gesamtbrutto Auszahlungsbetrag Nettobezüge/-abzüge 2) AN- Typ Faktor 5) 5) 5) 4) 5) Ki.PV 3) Z = Einschließlich Beitragszuschlag zur PV für Kinderlose, E = Elterneigenschaft nachgewiesen, 1-5 = Anzahl Kinder für PV 3) 659798 Martin Zahariev F0W 18.07.2025 10001 Usti ",MEDIUM
SI-390JS-5935-26-02180,UNCLEAR,Source row has insufficient semantic evidence for a resolution-action classification.,2025-07-18,2025-06,BKK Linde,,,00_INBOX - Входящи - Eingang/Accounting_Organized/03_Employee_Payslips/Entgeltbescheinigungen 06-2025__copy3.pdf,"auschsteuer Beträge zur freiw./priv. KV/PV und für berufsständische Versorgungswerke sind unter Beitrag AN/AG und Nettobezüge/-abzüge enthalten 5) 5) 5) Gesamtbrutto Auszahlungsbetrag Nettobezüge/-abzüge 2) AN- Typ Faktor 5) 5) 5) 4) 5) Ki.PV 3) Z = Einschließlich Beitragszuschlag zur PV für Kinderlose, E = Elterneigenschaft nachgewiesen, 1-5 = Anzahl Kinder für PV 3) 659798 Martin Zahariev F0W 18.07.2025 10001 Usti ",MEDIUM
SI-390JS-5935-26-02181,DUPLICATE,Same date/period/Krankenkasse/event/source already audited.,2025-07-18,2025-06,BKK Linde,,,00_INBOX - Входящи - Eingang/Accounting_Organized/14_Duplicates/Lohnauswertungen.pdf,"auschsteuer Beträge zur freiw./priv. KV/PV und für berufsständische Versorgungswerke sind unter Beitrag AN/AG und Nettobezüge/-abzüge enthalten 5) 5) 5) Gesamtbrutto Auszahlungsbetrag Nettobezüge/-abzüge 2) AN- Typ Faktor 5) 5) 5) 4) 5) Ki.PV 3) Z = Einschließlich Beitragszuschlag zur PV für Kinderlose, E = Elterneigenschaft nachgewiesen, 1-5 = Anzahl Kinder für PV 3) 659798 Martin Zahariev F0W 18.07.2025 10001 Usti ",MEDIUM
SI-390JS-5935-26-02182,UNCLEAR,Source row has insufficient semantic evidence for a resolution-action classification.,2025-07-18,2025-06,BKK Linde,,,00_INBOX - Входящи - Eingang/Accounting_Organized/14_Duplicates/Lohnauswertungen__copy19.pdf,"auschsteuer Beträge zur freiw./priv. KV/PV und für berufsständische Versorgungswerke sind unter Beitrag AN/AG und Nettobezüge/-abzüge enthalten 5) 5) 5) Gesamtbrutto Auszahlungsbetrag Nettobezüge/-abzüge 2) AN- Typ Faktor 5) 5) 5) 4) 5) Ki.PV 3) Z = Einschließlich Beitragszuschlag zur PV für Kinderlose, E = Elterneigenschaft nachgewiesen, 1-5 = Anzahl Kinder für PV 3) 659798 Martin Zahariev F0W 18.07.2025 10001 Usti ",MEDIUM
SI-390JS-5935-26-02183,UNCLEAR,Source row has insufficient semantic evidence for a resolution-action classification.,2025-07-18,2025-06,BKK Linde,,,00_INBOX - Входящи - Eingang/Accounting_Organized/14_Duplicates/Lohnauswertungen__copy37.pdf,"auschsteuer Beträge zur freiw./priv. KV/PV und für berufsständische Versorgungswerke sind unter Beitrag AN/AG und Nettobezüge/-abzüge enthalten 5) 5) 5) Gesamtbrutto Auszahlungsbetrag Nettobezüge/-abzüge 2) AN- Typ Faktor 5) 5) 5) 4) 5) Ki.PV 3) Z = Einschließlich Beitragszuschlag zur PV für Kinderlose, E = Elterneigenschaft nachgewiesen, 1-5 = Anzahl Kinder für PV 3) 659798 Martin Zahariev F0W 18.07.2025 10001 Usti ",MEDIUM
SI-390JS-5935-26-02184,UNCLEAR,Source row has insufficient semantic evidence for a resolution-action classification.,2025-07-18,2025-06,Barmer,,,00_INBOX - Входящи - Eingang/Accounting/2025/Entgeltbescheinigungen 06-2025.pdf,"auschsteuer Beträge zur freiw./priv. KV/PV und für berufsständische Versorgungswerke sind unter Beitrag AN/AG und Nettobezüge/-abzüge enthalten 5) 5) 5) Gesamtbrutto Auszahlungsbetrag Nettobezüge/-abzüge 2) AN- Typ Faktor 5) 5) 5) 4) 5) Ki.PV 3) Z = Einschließlich Beitragszuschlag zur PV für Kinderlose, E = Elterneigenschaft nachgewiesen, 1-5 = Anzahl Kinder für PV 3) 659798 Martin Zahariev F0W 18.07.2025 10001 Usti ",MEDIUM
SI-390JS-5935-26-02185,UNCLEAR,Source row has insufficient semantic evidence for a resolution-action classification.,2025-07-18,2025-06,Barmer,,,00_INBOX - Входящи - Eingang/Accounting/ihrelohnauswertungen/Lohnauswertungen.pdf,"auschsteuer Beträge zur freiw./priv. KV/PV und für berufsständische Versorgungswerke sind unter Beitrag AN/AG und Nettobezüge/-abzüge enthalten 5) 5) 5) Gesamtbrutto Auszahlungsbetrag Nettobezüge/-abzüge 2) AN- Typ Faktor 5) 5) 5) 4) 5) Ki.PV 3) Z = Einschließlich Beitragszuschlag zur PV für Kinderlose, E = Elterneigenschaft nachgewiesen, 1-5 = Anzahl Kinder für PV 3) 659798 Martin Zahariev F0W 18.07.2025 10001 Usti ",MEDIUM
SI-390JS-5935-26-02186,DUPLICATE,Same date/period/Krankenkasse/event/source already audited.,2025-07-18,2025-06,Barmer,,,00_INBOX - Входящи - Eingang/Accounting_Organized/03_Employee_Payslips/Entgeltbescheinigungen 06-2025.pdf,"auschsteuer Beträge zur freiw./priv. KV/PV und für berufsständische Versorgungswerke sind unter Beitrag AN/AG und Nettobezüge/-abzüge enthalten 5) 5) 5) Gesamtbrutto Auszahlungsbetrag Nettobezüge/-abzüge 2) AN- Typ Faktor 5) 5) 5) 4) 5) Ki.PV 3) Z = Einschließlich Beitragszuschlag zur PV für Kinderlose, E = Elterneigenschaft nachgewiesen, 1-5 = Anzahl Kinder für PV 3) 659798 Martin Zahariev F0W 18.07.2025 10001 Usti ",MEDIUM
SI-390JS-5935-26-02187,UNCLEAR,Source row has insufficient semantic evidence for a resolution-action classification.,2025-07-18,2025-06,Barmer,,,00_INBOX - Входящи - Eingang/Accounting_Organized/03_Employee_Payslips/Entgeltbescheinigungen 06-2025__copy2.pdf,"auschsteuer Beträge zur freiw./priv. KV/PV und für berufsständische Versorgungswerke sind unter Beitrag AN/AG und Nettobezüge/-abzüge enthalten 5) 5) 5) Gesamtbrutto Auszahlungsbetrag Nettobezüge/-abzüge 2) AN- Typ Faktor 5) 5) 5) 4) 5) Ki.PV 3) Z = Einschließlich Beitragszuschlag zur PV für Kinderlose, E = Elterneigenschaft nachgewiesen, 1-5 = Anzahl Kinder für PV 3) 659798 Martin Zahariev F0W 18.07.2025 10001 Usti ",MEDIUM
SI-390JS-5935-26-02188,UNCLEAR,Source row has insufficient semantic evidence for a resolution-action classification.,2025-07-18,2025-06,Barmer,,,00_INBOX - Входящи - Eingang/Accounting_Organized/03_Employee_Payslips/Entgeltbescheinigungen 06-2025__copy3.pdf,"auschsteuer Beträge zur freiw./priv. KV/PV und für berufsständische Versorgungswerke sind unter Beitrag AN/AG und Nettobezüge/-abzüge enthalten 5) 5) 5) Gesamtbrutto Auszahlungsbetrag Nettobezüge/-abzüge 2) AN- Typ Faktor 5) 5) 5) 4) 5) Ki.PV 3) Z = Einschließlich Beitragszuschlag zur PV für Kinderlose, E = Elterneigenschaft nachgewiesen, 1-5 = Anzahl Kinder für PV 3) 659798 Martin Zahariev F0W 18.07.2025 10001 Usti ",MEDIUM
SI-390JS-5935-26-02189,DUPLICATE,Same date/period/Krankenkasse/event/source already audited.,2025-07-18,2025-06,Barmer,,,00_INBOX - Входящи - Eingang/Accounting_Organized/14_Duplicates/Lohnauswertungen.pdf,"auschsteuer Beträge zur freiw./priv. KV/PV und für berufsständische Versorgungswerke sind unter Beitrag AN/AG und Nettobezüge/-abzüge enthalten 5) 5) 5) Gesamtbrutto Auszahlungsbetrag Nettobezüge/-abzüge 2) AN- Typ Faktor 5) 5) 5) 4) 5) Ki.PV 3) Z = Einschließlich Beitragszuschlag zur PV für Kinderlose, E = Elterneigenschaft nachgewiesen, 1-5 = Anzahl Kinder für PV 3) 659798 Martin Zahariev F0W 18.07.2025 10001 Usti ",MEDIUM
SI-390JS-5935-26-02190,UNCLEAR,Source row has insufficient semantic evidence for a resolution-action classification.,2025-07-18,2025-06,Barmer,,,00_INBOX - Входящи - Eingang/Accounting_Organized/14_Duplicates/Lohnauswertungen__copy19.pdf,"auschsteuer Beträge zur freiw./priv. KV/PV und für berufsständische Versorgungswerke sind unter Beitrag AN/AG und Nettobezüge/-abzüge enthalten 5) 5) 5) Gesamtbrutto Auszahlungsbetrag Nettobezüge/-abzüge 2) AN- Typ Faktor 5) 5) 5) 4) 5) Ki.PV 3) Z = Einschließlich Beitragszuschlag zur PV für Kinderlose, E = Elterneigenschaft nachgewiesen, 1-5 = Anzahl Kinder für PV 3) 659798 Martin Zahariev F0W 18.07.2025 10001 Usti ",MEDIUM
SI-390JS-5935-26-02191,UNCLEAR,Source row has insufficient semantic evidence for a resolution-action classification.,2025-07-18,2025-06,Barmer,,,00_INBOX - Входящи - Eingang/Accounting_Organized/14_Duplicates/Lohnauswertungen__copy37.pdf,"auschsteuer Beträge zur freiw./priv. KV/PV und für berufsständische Versorgungswerke sind unter Beitrag AN/AG und Nettobezüge/-abzüge enthalten 5) 5) 5) Gesamtbrutto Auszahlungsbetrag Nettobezüge/-abzüge 2) AN- Typ Faktor 5) 5) 5) 4) 5) Ki.PV 3) Z = Einschließlich Beitragszuschlag zur PV für Kinderlose, E = Elterneigenschaft nachgewiesen, 1-5 = Anzahl Kinder für PV 3) 659798 Martin Zahariev F0W 18.07.2025 10001 Usti ",MEDIUM
SI-390JS-5935-26-02192,UNCLEAR,Source row has insufficient semantic evidence for a resolution-action classification.,2025-07-18,2025-06,DAK,,,00_INBOX - Входящи - Eingang/Accounting/2025/Entgeltbescheinigungen 06-2025.pdf,"auschsteuer Beträge zur freiw./priv. KV/PV und für berufsständische Versorgungswerke sind unter Beitrag AN/AG und Nettobezüge/-abzüge enthalten 5) 5) 5) Gesamtbrutto Auszahlungsbetrag Nettobezüge/-abzüge 2) AN- Typ Faktor 5) 5) 5) 4) 5) Ki.PV 3) Z = Einschließlich Beitragszuschlag zur PV für Kinderlose, E = Elterneigenschaft nachgewiesen, 1-5 = Anzahl Kinder für PV 3) 659798 Martin Zahariev F0W 18.07.2025 10001 Usti ",MEDIUM
SI-390JS-5935-26-02193,UNCLEAR,Source row has insufficient semantic evidence for a resolution-action classification.,2025-07-18,2025-06,DAK,,,00_INBOX - Входящи - Eingang/Accounting/ihrelohnauswertungen/Lohnauswertungen.pdf,"auschsteuer Beträge zur freiw./priv. KV/PV und für berufsständische Versorgungswerke sind unter Beitrag AN/AG und Nettobezüge/-abzüge enthalten 5) 5) 5) Gesamtbrutto Auszahlungsbetrag Nettobezüge/-abzüge 2) AN- Typ Faktor 5) 5) 5) 4) 5) Ki.PV 3) Z = Einschließlich Beitragszuschlag zur PV für Kinderlose, E = Elterneigenschaft nachgewiesen, 1-5 = Anzahl Kinder für PV 3) 659798 Martin Zahariev F0W 18.07.2025 10001 Usti ",MEDIUM
SI-390JS-5935-26-02194,DUPLICATE,Same date/period/Krankenkasse/event/source already audited.,2025-07-18,2025-06,DAK,,,00_INBOX - Входящи - Eingang/Accounting_Organized/03_Employee_Payslips/Entgeltbescheinigungen 06-2025.pdf,"auschsteuer Beträge zur freiw./priv. KV/PV und für berufsständische Versorgungswerke sind unter Beitrag AN/AG und Nettobezüge/-abzüge enthalten 5) 5) 5) Gesamtbrutto Auszahlungsbetrag Nettobezüge/-abzüge 2) AN- Typ Faktor 5) 5) 5) 4) 5) Ki.PV 3) Z = Einschließlich Beitragszuschlag zur PV für Kinderlose, E = Elterneigenschaft nachgewiesen, 1-5 = Anzahl Kinder für PV 3) 659798 Martin Zahariev F0W 18.07.2025 10001 Usti ",MEDIUM
SI-390JS-5935-26-02195,UNCLEAR,Source row has insufficient semantic evidence for a resolution-action classification.,2025-07-18,2025-06,DAK,,,00_INBOX - Входящи - Eingang/Accounting_Organized/03_Employee_Payslips/Entgeltbescheinigungen 06-2025__copy2.pdf,"auschsteuer Beträge zur freiw./priv. KV/PV und für berufsständische Versorgungswerke sind unter Beitrag AN/AG und Nettobezüge/-abzüge enthalten 5) 5) 5) Gesamtbrutto Auszahlungsbetrag Nettobezüge/-abzüge 2) AN- Typ Faktor 5) 5) 5) 4) 5) Ki.PV 3) Z = Einschließlich Beitragszuschlag zur PV für Kinderlose, E = Elterneigenschaft nachgewiesen, 1-5 = Anzahl Kinder für PV 3) 659798 Martin Zahariev F0W 18.07.2025 10001 Usti ",MEDIUM
SI-390JS-5935-26-02196,UNCLEAR,Source row has insufficient semantic evidence for a resolution-action classification.,2025-07-18,2025-06,DAK,,,00_INBOX - Входящи - Eingang/Accounting_Organized/03_Employee_Payslips/Entgeltbescheinigungen 06-2025__copy3.pdf,"auschsteuer Beträge zur freiw./priv. KV/PV und für berufsständische Versorgungswerke sind unter Beitrag AN/AG und Nettobezüge/-abzüge enthalten 5) 5) 5) Gesamtbrutto Auszahlungsbetrag Nettobezüge/-abzüge 2) AN- Typ Faktor 5) 5) 5) 4) 5) Ki.PV 3) Z = Einschließlich Beitragszuschlag zur PV für Kinderlose, E = Elterneigenschaft nachgewiesen, 1-5 = Anzahl Kinder für PV 3) 659798 Martin Zahariev F0W 18.07.2025 10001 Usti ",MEDIUM
SI-390JS-5935-26-02197,DUPLICATE,Same date/period/Krankenkasse/event/source already audited.,2025-07-18,2025-06,DAK,,,00_INBOX - Входящи - Eingang/Accounting_Organized/14_Duplicates/Lohnauswertungen.pdf,"auschsteuer Beträge zur freiw./priv. KV/PV und für berufsständische Versorgungswerke sind unter Beitrag AN/AG und Nettobezüge/-abzüge enthalten 5) 5) 5) Gesamtbrutto Auszahlungsbetrag Nettobezüge/-abzüge 2) AN- Typ Faktor 5) 5) 5) 4) 5) Ki.PV 3) Z = Einschließlich Beitragszuschlag zur PV für Kinderlose, E = Elterneigenschaft nachgewiesen, 1-5 = Anzahl Kinder für PV 3) 659798 Martin Zahariev F0W 18.07.2025 10001 Usti ",MEDIUM
SI-390JS-5935-26-02198,UNCLEAR,Source row has insufficient semantic evidence for a resolution-action classification.,2025-07-18,2025-06,DAK,,,00_INBOX - Входящи - Eingang/Accounting_Organized/14_Duplicates/Lohnauswertungen__copy19.pdf,"auschsteuer Beträge zur freiw./priv. KV/PV und für berufsständische Versorgungswerke sind unter Beitrag AN/AG und Nettobezüge/-abzüge enthalten 5) 5) 5) Gesamtbrutto Auszahlungsbetrag Nettobezüge/-abzüge 2) AN- Typ Faktor 5) 5) 5) 4) 5) Ki.PV 3) Z = Einschließlich Beitragszuschlag zur PV für Kinderlose, E = Elterneigenschaft nachgewiesen, 1-5 = Anzahl Kinder für PV 3) 659798 Martin Zahariev F0W 18.07.2025 10001 Usti ",MEDIUM
SI-390JS-5935-26-02199,UNCLEAR,Source row has insufficient semantic evidence for a resolution-action classification.,2025-07-18,2025-06,DAK,,,00_INBOX - Входящи - Eingang/Accounting_Organized/14_Duplicates/Lohnauswertungen__copy37.pdf,"auschsteuer Beträge zur freiw./priv. KV/PV und für berufsständische Versorgungswerke sind unter Beitrag AN/AG und Nettobezüge/-abzüge enthalten 5) 5) 5) Gesamtbrutto Auszahlungsbetrag Nettobezüge/-abzüge 2) AN- Typ Faktor 5) 5) 5) 4) 5) Ki.PV 3) Z = Einschließlich Beitragszuschlag zur PV für Kinderlose, E = Elterneigenschaft nachgewiesen, 1-5 = Anzahl Kinder für PV 3) 659798 Martin Zahariev F0W 18.07.2025 10001 Usti ",MEDIUM
SI-390JS-5935-26-02212,UNCLEAR,Source row has insufficient semantic evidence for a resolution-action classification.,2025-07-22,2025-07,AOK,,,00_INBOX - Входящи - Eingang/Accounting/Arbeitsbescheinigung Georgi Stefanov.pdf,[[page 1]] nach § 312 Drittes Buch Sozialgesetzbuch (SGB III) Form.-Nr. LNBA84 2. Angaben zum Beschäftigungsverhältnis 1.1 Lohnsteuerabzugsmerkmale im Lohnsteuerabzugsverfahren Sozialversicherungsnummer Jahr Lohnsteuerklasse ggf. Faktor Zahl der Kinderfreibeträge Weitere Änderungen entnehmen Sie der Anlage. Ja Nein 1. Angaben zu den persönlichen Daten der Arbeitnehmerin/des Arbeitnehmers DÜ-Protokoll Arbeitsbescheini,MEDIUM
SI-390JS-5935-26-02213,DUPLICATE,Same date/period/Krankenkasse/event/source already audited.,2025-07-22,2025-07,AOK,,,00_INBOX - Входящи - Eingang/Accounting_Organized/04_Health_Insurance/Arbeitsbescheinigung Georgi Stefanov.pdf,[[page 1]] nach § 312 Drittes Buch Sozialgesetzbuch (SGB III) Form.-Nr. LNBA84 2. Angaben zum Beschäftigungsverhältnis 1.1 Lohnsteuerabzugsmerkmale im Lohnsteuerabzugsverfahren Sozialversicherungsnummer Jahr Lohnsteuerklasse ggf. Faktor Zahl der Kinderfreibeträge Weitere Änderungen entnehmen Sie der Anlage. Ja Nein 1. Angaben zu den persönlichen Daten der Arbeitnehmerin/des Arbeitnehmers DÜ-Protokoll Arbeitsbescheini,MEDIUM
SI-390JS-5935-26-02214,DUPLICATE,Same date/period/Krankenkasse/event/source already audited.,2025-07-22,2025-07,AOK,,,00_INBOX - Входящи - Eingang/Accounting_Organized/13_Unknown_To_Review/Arbeitsbescheinigung Georgi Stefanov.pdf,[[page 1]] nach § 312 Drittes Buch Sozialgesetzbuch (SGB III) Form.-Nr. LNBA84 2. Angaben zum Beschäftigungsverhältnis 1.1 Lohnsteuerabzugsmerkmale im Lohnsteuerabzugsverfahren Sozialversicherungsnummer Jahr Lohnsteuerklasse ggf. Faktor Zahl der Kinderfreibeträge Weitere Änderungen entnehmen Sie der Anlage. Ja Nein 1. Angaben zu den persönlichen Daten der Arbeitnehmerin/des Arbeitnehmers DÜ-Protokoll Arbeitsbescheini,MEDIUM
SI-390JS-5935-26-02215,UNCLEAR,Source row has insufficient semantic evidence for a resolution-action classification.,2025-07-22,2025-07,AOK,,,00_INBOX - Входящи - Eingang/Accounting_Organized/13_Unknown_To_Review/Arbeitsbescheinigung Georgi Stefanov__copy2.pdf,[[page 1]] nach § 312 Drittes Buch Sozialgesetzbuch (SGB III) Form.-Nr. LNBA84 2. Angaben zum Beschäftigungsverhältnis 1.1 Lohnsteuerabzugsmerkmale im Lohnsteuerabzugsverfahren Sozialversicherungsnummer Jahr Lohnsteuerklasse ggf. Faktor Zahl der Kinderfreibeträge Weitere Änderungen entnehmen Sie der Anlage. Ja Nein 1. Angaben zu den persönlichen Daten der Arbeitnehmerin/des Arbeitnehmers DÜ-Protokoll Arbeitsbescheini,MEDIUM
SI-390JS-5935-26-02216,UNCLEAR,Source row has insufficient semantic evidence for a resolution-action classification.,2025-07-22,2025-07,AOK,,,08_Reports - Доклади - Berichte/Accounting_Cash_Flow/recovered_health_insurance_text/Arbeitsbescheinigung_Georgi_Stefanov.txt,nach § 312 Drittes Buch Sozialgesetzbuch (SGB III) Form.-Nr. LNBA84 2. Angaben zum Beschäftigungsverhältnis 1.1 Lohnsteuerabzugsmerkmale im Lohnsteuerabzugsverfahren Sozialversicherungsnummer Jahr Lohnsteuerklasse ggf. Faktor Zahl der Kinderfreibeträge Weitere Änderungen entnehmen Sie der Anlage. Ja Nein 1. Angaben zu den persönlichen Daten der Arbeitnehmerin/des Arbeitnehmers DÜ-Protokoll Arbeitsbescheinigung 2.1 Di,MEDIUM
SI-390JS-5935-26-02225,UNCLEAR,Source row has insufficient semantic evidence for a resolution-action classification.,2025-08-11,,AOK,,,00_INBOX - Входящи - Eingang/Accounting/Lohnauswertungen_Juli_2025.pdf,ise zur Abrechnung Brutto-Bezüge Betrag Lohnart Bezeichnung Einheit Menge Faktor 3 Prozentsatz St SV GB 4 4 5 Gesamt-Brutto Steuerrechtliche Abzüge Netto-Verdienst Betrag Auszahlungsbetrag SV-rechtliche Abzüge Steuer/Sozialversicherung Netto-Bezüge/Netto-Abzüge St Steuer-Brutto Lohnsteuer Kirchensteuer Solidaritätszuschlag St4 SV4 KV-Brutto RV-Brutto AV-Brutto PV-Brutto KV-Beitrag RV-Beitrag AV-Beitrag PV-Beitrag6 SV,MEDIUM
SI-390JS-5935-26-02226,DUPLICATE,Same date/period/Krankenkasse/event/source already audited.,2025-08-11,,AOK,,,00_INBOX - Входящи - Eingang/Accounting_Organized/02_Payroll/Lohnauswertungen_Juli_2025.pdf,ise zur Abrechnung Brutto-Bezüge Betrag Lohnart Bezeichnung Einheit Menge Faktor 3 Prozentsatz St SV GB 4 4 5 Gesamt-Brutto Steuerrechtliche Abzüge Netto-Verdienst Betrag Auszahlungsbetrag SV-rechtliche Abzüge Steuer/Sozialversicherung Netto-Bezüge/Netto-Abzüge St Steuer-Brutto Lohnsteuer Kirchensteuer Solidaritätszuschlag St4 SV4 KV-Brutto RV-Brutto AV-Brutto PV-Brutto KV-Beitrag RV-Beitrag AV-Beitrag PV-Beitrag6 SV,MEDIUM
SI-390JS-5935-26-02227,UNCLEAR,Source row has insufficient semantic evidence for a resolution-action classification.,2025-08-11,,AOK,,,00_INBOX - Входящи - Eingang/Accounting_Organized/02_Payroll/Lohnauswertungen_Juli_2025__copy3.pdf,ise zur Abrechnung Brutto-Bezüge Betrag Lohnart Bezeichnung Einheit Menge Faktor 3 Prozentsatz St SV GB 4 4 5 Gesamt-Brutto Steuerrechtliche Abzüge Netto-Verdienst Betrag Auszahlungsbetrag SV-rechtliche Abzüge Steuer/Sozialversicherung Netto-Bezüge/Netto-Abzüge St Steuer-Brutto Lohnsteuer Kirchensteuer Solidaritätszuschlag St4 SV4 KV-Brutto RV-Brutto AV-Brutto PV-Brutto KV-Beitrag RV-Beitrag AV-Beitrag PV-Beitrag6 SV,MEDIUM
SI-390JS-5935-26-02228,DUPLICATE,Same date/period/Krankenkasse/event/source already audited.,2025-08-11,,AOK,,,00_INBOX - Входящи - Eingang/Accounting_Organized/13_Unknown_To_Review/Lohnauswertungen_Juli_2025.pdf,ise zur Abrechnung Brutto-Bezüge Betrag Lohnart Bezeichnung Einheit Menge Faktor 3 Prozentsatz St SV GB 4 4 5 Gesamt-Brutto Steuerrechtliche Abzüge Netto-Verdienst Betrag Auszahlungsbetrag SV-rechtliche Abzüge Steuer/Sozialversicherung Netto-Bezüge/Netto-Abzüge St Steuer-Brutto Lohnsteuer Kirchensteuer Solidaritätszuschlag St4 SV4 KV-Brutto RV-Brutto AV-Brutto PV-Brutto KV-Beitrag RV-Beitrag AV-Beitrag PV-Beitrag6 SV,MEDIUM
SI-390JS-5935-26-02249,UNCLEAR,Source row has insufficient semantic evidence for a resolution-action classification.,2025-08-27,2025-07,AOK PLUS,,,00_INBOX - Входящи - Eingang/Accounting/ihrelohnauswertungenjuli2025/Lohnauswertungen_Juli_2025.pdf,"auschsteuer Beträge zur freiw./priv. KV/PV und für berufsständische Versorgungswerke sind unter Beitrag AN/AG und Nettobezüge/-abzüge enthalten 5) 5) 5) Gesamtbrutto Auszahlungsbetrag Nettobezüge/-abzüge 2) AN- Typ Faktor 5) 5) 5) 4) 5) Ki.PV 3) Z = Einschließlich Beitragszuschlag zur PV für Kinderlose, E = Elterneigenschaft nachgewiesen, 1-5 = Anzahl Kinder für PV 3) 659798 Martin Zahariev I0O 27.08.2025 10001 Usti ",MEDIUM
SI-390JS-5935-26-02250,UNCLEAR,Source row has insufficient semantic evidence for a resolution-action classification.,2025-08-27,2025-07,AOK PLUS,,,00_INBOX - Входящи - Eingang/Accounting_Organized/02_Payroll/Lohnauswertungen_Juli_2025__copy2.pdf,"auschsteuer Beträge zur freiw./priv. KV/PV und für berufsständische Versorgungswerke sind unter Beitrag AN/AG und Nettobezüge/-abzüge enthalten 5) 5) 5) Gesamtbrutto Auszahlungsbetrag Nettobezüge/-abzüge 2) AN- Typ Faktor 5) 5) 5) 4) 5) Ki.PV 3) Z = Einschließlich Beitragszuschlag zur PV für Kinderlose, E = Elterneigenschaft nachgewiesen, 1-5 = Anzahl Kinder für PV 3) 659798 Martin Zahariev I0O 27.08.2025 10001 Usti ",MEDIUM
SI-390JS-5935-26-02251,UNCLEAR,Source row has insufficient semantic evidence for a resolution-action classification.,2025-08-27,2025-07,AOK PLUS,,,00_INBOX - Входящи - Eingang/Accounting_Organized/02_Payroll/Lohnauswertungen_Juli_2025__copy4.pdf,"auschsteuer Beträge zur freiw./priv. KV/PV und für berufsständische Versorgungswerke sind unter Beitrag AN/AG und Nettobezüge/-abzüge enthalten 5) 5) 5) Gesamtbrutto Auszahlungsbetrag Nettobezüge/-abzüge 2) AN- Typ Faktor 5) 5) 5) 4) 5) Ki.PV 3) Z = Einschließlich Beitragszuschlag zur PV für Kinderlose, E = Elterneigenschaft nachgewiesen, 1-5 = Anzahl Kinder für PV 3) 659798 Martin Zahariev I0O 27.08.2025 10001 Usti ",MEDIUM
SI-390JS-5935-26-02252,DUPLICATE,Same date/period/Krankenkasse/event/source already audited.,2025-08-27,2025-07,AOK PLUS,,,00_INBOX - Входящи - Eingang/Accounting_Organized/13_Unknown_To_Review/Lohnauswertungen_Juli_2025__copy2.pdf,"auschsteuer Beträge zur freiw./priv. KV/PV und für berufsständische Versorgungswerke sind unter Beitrag AN/AG und Nettobezüge/-abzüge enthalten 5) 5) 5) Gesamtbrutto Auszahlungsbetrag Nettobezüge/-abzüge 2) AN- Typ Faktor 5) 5) 5) 4) 5) Ki.PV 3) Z = Einschließlich Beitragszuschlag zur PV für Kinderlose, E = Elterneigenschaft nachgewiesen, 1-5 = Anzahl Kinder für PV 3) 659798 Martin Zahariev I0O 27.08.2025 10001 Usti ",MEDIUM
SI-390JS-5935-26-02257,UNCLEAR,Source row has insufficient semantic evidence for a resolution-action classification.,2025-08-27,2025-07,BKK Linde,,,00_INBOX - Входящи - Eingang/Accounting/ihrelohnauswertungenjuli2025/Lohnauswertungen_Juli_2025.pdf,"auschsteuer Beträge zur freiw./priv. KV/PV und für berufsständische Versorgungswerke sind unter Beitrag AN/AG und Nettobezüge/-abzüge enthalten 5) 5) 5) Gesamtbrutto Auszahlungsbetrag Nettobezüge/-abzüge 2) AN- Typ Faktor 5) 5) 5) 4) 5) Ki.PV 3) Z = Einschließlich Beitragszuschlag zur PV für Kinderlose, E = Elterneigenschaft nachgewiesen, 1-5 = Anzahl Kinder für PV 3) 659798 Martin Zahariev I0O 27.08.2025 10001 Usti ",MEDIUM
SI-390JS-5935-26-02258,UNCLEAR,Source row has insufficient semantic evidence for a resolution-action classification.,2025-08-27,2025-07,BKK Linde,,,00_INBOX - Входящи - Eingang/Accounting_Organized/02_Payroll/Lohnauswertungen_Juli_2025__copy2.pdf,"auschsteuer Beträge zur freiw./priv. KV/PV und für berufsständische Versorgungswerke sind unter Beitrag AN/AG und Nettobezüge/-abzüge enthalten 5) 5) 5) Gesamtbrutto Auszahlungsbetrag Nettobezüge/-abzüge 2) AN- Typ Faktor 5) 5) 5) 4) 5) Ki.PV 3) Z = Einschließlich Beitragszuschlag zur PV für Kinderlose, E = Elterneigenschaft nachgewiesen, 1-5 = Anzahl Kinder für PV 3) 659798 Martin Zahariev I0O 27.08.2025 10001 Usti ",MEDIUM
SI-390JS-5935-26-02259,UNCLEAR,Source row has insufficient semantic evidence for a resolution-action classification.,2025-08-27,2025-07,BKK Linde,,,00_INBOX - Входящи - Eingang/Accounting_Organized/02_Payroll/Lohnauswertungen_Juli_2025__copy4.pdf,"auschsteuer Beträge zur freiw./priv. KV/PV und für berufsständische Versorgungswerke sind unter Beitrag AN/AG und Nettobezüge/-abzüge enthalten 5) 5) 5) Gesamtbrutto Auszahlungsbetrag Nettobezüge/-abzüge 2) AN- Typ Faktor 5) 5) 5) 4) 5) Ki.PV 3) Z = Einschließlich Beitragszuschlag zur PV für Kinderlose, E = Elterneigenschaft nachgewiesen, 1-5 = Anzahl Kinder für PV 3) 659798 Martin Zahariev I0O 27.08.2025 10001 Usti ",MEDIUM
SI-390JS-5935-26-02260,DUPLICATE,Same date/period/Krankenkasse/event/source already audited.,2025-08-27,2025-07,BKK Linde,,,00_INBOX - Входящи - Eingang/Accounting_Organized/13_Unknown_To_Review/Lohnauswertungen_Juli_2025__copy2.pdf,"auschsteuer Beträge zur freiw./priv. KV/PV und für berufsständische Versorgungswerke sind unter Beitrag AN/AG und Nettobezüge/-abzüge enthalten 5) 5) 5) Gesamtbrutto Auszahlungsbetrag Nettobezüge/-abzüge 2) AN- Typ Faktor 5) 5) 5) 4) 5) Ki.PV 3) Z = Einschließlich Beitragszuschlag zur PV für Kinderlose, E = Elterneigenschaft nachgewiesen, 1-5 = Anzahl Kinder für PV 3) 659798 Martin Zahariev I0O 27.08.2025 10001 Usti ",MEDIUM
SI-390JS-5935-26-02261,UNCLEAR,Source row has insufficient semantic evidence for a resolution-action classification.,2025-08-27,2025-07,Barmer,,,00_INBOX - Входящи - Eingang/Accounting/ihrelohnauswertungenjuli2025/Lohnauswertungen_Juli_2025.pdf,"auschsteuer Beträge zur freiw./priv. KV/PV und für berufsständische Versorgungswerke sind unter Beitrag AN/AG und Nettobezüge/-abzüge enthalten 5) 5) 5) Gesamtbrutto Auszahlungsbetrag Nettobezüge/-abzüge 2) AN- Typ Faktor 5) 5) 5) 4) 5) Ki.PV 3) Z = Einschließlich Beitragszuschlag zur PV für Kinderlose, E = Elterneigenschaft nachgewiesen, 1-5 = Anzahl Kinder für PV 3) 659798 Martin Zahariev I0O 27.08.2025 10001 Usti ",MEDIUM
SI-390JS-5935-26-02262,UNCLEAR,Source row has insufficient semantic evidence for a resolution-action classification.,2025-08-27,2025-07,Barmer,,,00_INBOX - Входящи - Eingang/Accounting_Organized/02_Payroll/Lohnauswertungen_Juli_2025__copy2.pdf,"auschsteuer Beträge zur freiw./priv. KV/PV und für berufsständische Versorgungswerke sind unter Beitrag AN/AG und Nettobezüge/-abzüge enthalten 5) 5) 5) Gesamtbrutto Auszahlungsbetrag Nettobezüge/-abzüge 2) AN- Typ Faktor 5) 5) 5) 4) 5) Ki.PV 3) Z = Einschließlich Beitragszuschlag zur PV für Kinderlose, E = Elterneigenschaft nachgewiesen, 1-5 = Anzahl Kinder für PV 3) 659798 Martin Zahariev I0O 27.08.2025 10001 Usti ",MEDIUM
SI-390JS-5935-26-02263,UNCLEAR,Source row has insufficient semantic evidence for a resolution-action classification.,2025-08-27,2025-07,Barmer,,,00_INBOX - Входящи - Eingang/Accounting_Organized/02_Payroll/Lohnauswertungen_Juli_2025__copy4.pdf,"auschsteuer Beträge zur freiw./priv. KV/PV und für berufsständische Versorgungswerke sind unter Beitrag AN/AG und Nettobezüge/-abzüge enthalten 5) 5) 5) Gesamtbrutto Auszahlungsbetrag Nettobezüge/-abzüge 2) AN- Typ Faktor 5) 5) 5) 4) 5) Ki.PV 3) Z = Einschließlich Beitragszuschlag zur PV für Kinderlose, E = Elterneigenschaft nachgewiesen, 1-5 = Anzahl Kinder für PV 3) 659798 Martin Zahariev I0O 27.08.2025 10001 Usti ",MEDIUM
SI-390JS-5935-26-02264,DUPLICATE,Same date/period/Krankenkasse/event/source already audited.,2025-08-27,2025-07,Barmer,,,00_INBOX - Входящи - Eingang/Accounting_Organized/13_Unknown_To_Review/Lohnauswertungen_Juli_2025__copy2.pdf,"auschsteuer Beträge zur freiw./priv. KV/PV und für berufsständische Versorgungswerke sind unter Beitrag AN/AG und Nettobezüge/-abzüge enthalten 5) 5) 5) Gesamtbrutto Auszahlungsbetrag Nettobezüge/-abzüge 2) AN- Typ Faktor 5) 5) 5) 4) 5) Ki.PV 3) Z = Einschließlich Beitragszuschlag zur PV für Kinderlose, E = Elterneigenschaft nachgewiesen, 1-5 = Anzahl Kinder für PV 3) 659798 Martin Zahariev I0O 27.08.2025 10001 Usti ",MEDIUM
SI-390JS-5935-26-02269,UNCLEAR,Source row has insufficient semantic evidence for a resolution-action classification.,2025-08-27,2025-07,Techniker Krankenkasse,,,00_INBOX - Входящи - Eingang/Accounting/ihrelohnauswertungenjuli2025/Lohnauswertungen_Juli_2025.pdf,"auschsteuer Beträge zur freiw./priv. KV/PV und für berufsständische Versorgungswerke sind unter Beitrag AN/AG und Nettobezüge/-abzüge enthalten 5) 5) 5) Gesamtbrutto Auszahlungsbetrag Nettobezüge/-abzüge 2) AN- Typ Faktor 5) 5) 5) 4) 5) Ki.PV 3) Z = Einschließlich Beitragszuschlag zur PV für Kinderlose, E = Elterneigenschaft nachgewiesen, 1-5 = Anzahl Kinder für PV 3) 659798 Martin Zahariev I0O 27.08.2025 10001 Usti ",MEDIUM
SI-390JS-5935-26-02270,UNCLEAR,Source row has insufficient semantic evidence for a resolution-action classification.,2025-08-27,2025-07,Techniker Krankenkasse,,,00_INBOX - Входящи - Eingang/Accounting_Organized/02_Payroll/Lohnauswertungen_Juli_2025__copy2.pdf,"auschsteuer Beträge zur freiw./priv. KV/PV und für berufsständische Versorgungswerke sind unter Beitrag AN/AG und Nettobezüge/-abzüge enthalten 5) 5) 5) Gesamtbrutto Auszahlungsbetrag Nettobezüge/-abzüge 2) AN- Typ Faktor 5) 5) 5) 4) 5) Ki.PV 3) Z = Einschließlich Beitragszuschlag zur PV für Kinderlose, E = Elterneigenschaft nachgewiesen, 1-5 = Anzahl Kinder für PV 3) 659798 Martin Zahariev I0O 27.08.2025 10001 Usti ",MEDIUM
SI-390JS-5935-26-02271,UNCLEAR,Source row has insufficient semantic evidence for a resolution-action classification.,2025-08-27,2025-07,Techniker Krankenkasse,,,00_INBOX - Входящи - Eingang/Accounting_Organized/02_Payroll/Lohnauswertungen_Juli_2025__copy4.pdf,"auschsteuer Beträge zur freiw./priv. KV/PV und für berufsständische Versorgungswerke sind unter Beitrag AN/AG und Nettobezüge/-abzüge enthalten 5) 5) 5) Gesamtbrutto Auszahlungsbetrag Nettobezüge/-abzüge 2) AN- Typ Faktor 5) 5) 5) 4) 5) Ki.PV 3) Z = Einschließlich Beitragszuschlag zur PV für Kinderlose, E = Elterneigenschaft nachgewiesen, 1-5 = Anzahl Kinder für PV 3) 659798 Martin Zahariev I0O 27.08.2025 10001 Usti ",MEDIUM
SI-390JS-5935-26-02272,DUPLICATE,Same date/period/Krankenkasse/event/source already audited.,2025-08-27,2025-07,Techniker Krankenkasse,,,00_INBOX - Входящи - Eingang/Accounting_Organized/13_Unknown_To_Review/Lohnauswertungen_Juli_2025__copy2.pdf,"auschsteuer Beträge zur freiw./priv. KV/PV und für berufsständische Versorgungswerke sind unter Beitrag AN/AG und Nettobezüge/-abzüge enthalten 5) 5) 5) Gesamtbrutto Auszahlungsbetrag Nettobezüge/-abzüge 2) AN- Typ Faktor 5) 5) 5) 4) 5) Ki.PV 3) Z = Einschließlich Beitragszuschlag zur PV für Kinderlose, E = Elterneigenschaft nachgewiesen, 1-5 = Anzahl Kinder für PV 3) 659798 Martin Zahariev I0O 27.08.2025 10001 Usti ",MEDIUM
SI-390JS-5935-26-02285,UNCLEAR,Source row has insufficient semantic evidence for a resolution-action classification.,2025-09-03,2025-09,AOK,,,00_INBOX - Входящи - Eingang/Accounting/Rücklastschrift _ Ihre KD-Nr. 550980-2.PDF,"[[page 1]] Nichteinlösung Bankeinzug/Lastschrift Sehr geehrte Damen und Herren, die von uns vorgenommene Abbuchung per Bankeinzug/Lastschrift wurde von Ihrem Geldinstitut nicht eingelöst. Die weitere Bearbeitung durch unsere Rechtsabteilung können Sie vermeiden, wenn Ihre Zahlung innerhalb von 8 Tagen bei uns eingeht. Sofern der rückbelastete Betrag noch einmal eingezogen/abgebucht werden soll, bitten wir um umgehend",MEDIUM
SI-390JS-5935-26-02286,DUPLICATE,Same date/period/Krankenkasse/event/source already audited.,2025-09-03,2025-09,AOK,,,00_INBOX - Входящи - Eingang/Accounting_Organized/06_Bank_Payments/Rücklastschrift _ Ihre KD-Nr. 550980-2.PDF,"[[page 1]] Nichteinlösung Bankeinzug/Lastschrift Sehr geehrte Damen und Herren, die von uns vorgenommene Abbuchung per Bankeinzug/Lastschrift wurde von Ihrem Geldinstitut nicht eingelöst. Die weitere Bearbeitung durch unsere Rechtsabteilung können Sie vermeiden, wenn Ihre Zahlung innerhalb von 8 Tagen bei uns eingeht. Sofern der rückbelastete Betrag noch einmal eingezogen/abgebucht werden soll, bitten wir um umgehend",MEDIUM
SI-390JS-5935-26-02287,UNCLEAR,Source row has insufficient semantic evidence for a resolution-action classification.,2025-09-03,2025-09,AOK,,,00_INBOX - Входящи - Eingang/Accounting_Organized/06_Bank_Payments/Rücklastschrift _ Ihre KD-Nr. 550980-2__copy2.PDF,"[[page 1]] Nichteinlösung Bankeinzug/Lastschrift Sehr geehrte Damen und Herren, die von uns vorgenommene Abbuchung per Bankeinzug/Lastschrift wurde von Ihrem Geldinstitut nicht eingelöst. Die weitere Bearbeitung durch unsere Rechtsabteilung können Sie vermeiden, wenn Ihre Zahlung innerhalb von 8 Tagen bei uns eingeht. Sofern der rückbelastete Betrag noch einmal eingezogen/abgebucht werden soll, bitten wir um umgehend",MEDIUM
SI-390JS-5935-26-02288,DUPLICATE,Same date/period/Krankenkasse/event/source already audited.,2025-09-03,2025-09,AOK,,,00_INBOX - Входящи - Eingang/Accounting_Organized/08_Operating_Costs/Rücklastschrift _ Ihre KD-Nr. 550980-2.PDF,"[[page 1]] Nichteinlösung Bankeinzug/Lastschrift Sehr geehrte Damen und Herren, die von uns vorgenommene Abbuchung per Bankeinzug/Lastschrift wurde von Ihrem Geldinstitut nicht eingelöst. Die weitere Bearbeitung durch unsere Rechtsabteilung können Sie vermeiden, wenn Ihre Zahlung innerhalb von 8 Tagen bei uns eingeht. Sofern der rückbelastete Betrag noch einmal eingezogen/abgebucht werden soll, bitten wir um umgehend",MEDIUM
SI-390JS-5935-26-02293,UNCLEAR,Source row has insufficient semantic evidence for a resolution-action classification.,2025-09-05,2025-09,AOK,,,00_INBOX - Входящи - Eingang/Accounting/Rücklastschrift _ Ihre KD-Nr. 550980-1.PDF,"[[page 1]] Nichteinlösung Bankeinzug/Lastschrift Sehr geehrte Damen und Herren, die von uns vorgenommene Abbuchung per Bankeinzug/Lastschrift wurde von Ihrem Geldinstitut nicht eingelöst. Die weitere Bearbeitung durch unsere Rechtsabteilung können Sie vermeiden, wenn Ihre Zahlung innerhalb von 8 Tagen bei uns eingeht. Sofern der rückbelastete Betrag noch einmal eingezogen/abgebucht werden soll, bitten wir um umgehend",MEDIUM
SI-390JS-5935-26-02294,DUPLICATE,Same date/period/Krankenkasse/event/source already audited.,2025-09-05,2025-09,AOK,,,00_INBOX - Входящи - Eingang/Accounting_Organized/06_Bank_Payments/Rücklastschrift _ Ihre KD-Nr. 550980-1.PDF,"[[page 1]] Nichteinlösung Bankeinzug/Lastschrift Sehr geehrte Damen und Herren, die von uns vorgenommene Abbuchung per Bankeinzug/Lastschrift wurde von Ihrem Geldinstitut nicht eingelöst. Die weitere Bearbeitung durch unsere Rechtsabteilung können Sie vermeiden, wenn Ihre Zahlung innerhalb von 8 Tagen bei uns eingeht. Sofern der rückbelastete Betrag noch einmal eingezogen/abgebucht werden soll, bitten wir um umgehend",MEDIUM
SI-390JS-5935-26-02295,UNCLEAR,Source row has insufficient semantic evidence for a resolution-action classification.,2025-09-05,2025-09,AOK,,,00_INBOX - Входящи - Eingang/Accounting_Organized/06_Bank_Payments/Rücklastschrift _ Ihre KD-Nr. 550980-1__copy2.PDF,"[[page 1]] Nichteinlösung Bankeinzug/Lastschrift Sehr geehrte Damen und Herren, die von uns vorgenommene Abbuchung per Bankeinzug/Lastschrift wurde von Ihrem Geldinstitut nicht eingelöst. Die weitere Bearbeitung durch unsere Rechtsabteilung können Sie vermeiden, wenn Ihre Zahlung innerhalb von 8 Tagen bei uns eingeht. Sofern der rückbelastete Betrag noch einmal eingezogen/abgebucht werden soll, bitten wir um umgehend",MEDIUM
SI-390JS-5935-26-02296,DUPLICATE,Same date/period/Krankenkasse/event/source already audited.,2025-09-05,2025-09,AOK,,,00_INBOX - Входящи - Eingang/Accounting_Organized/08_Operating_Costs/Rücklastschrift _ Ihre KD-Nr. 550980-1.PDF,"[[page 1]] Nichteinlösung Bankeinzug/Lastschrift Sehr geehrte Damen und Herren, die von uns vorgenommene Abbuchung per Bankeinzug/Lastschrift wurde von Ihrem Geldinstitut nicht eingelöst. Die weitere Bearbeitung durch unsere Rechtsabteilung können Sie vermeiden, wenn Ihre Zahlung innerhalb von 8 Tagen bei uns eingeht. Sofern der rückbelastete Betrag noch einmal eingezogen/abgebucht werden soll, bitten wir um umgehend",MEDIUM
SI-390JS-5935-26-02301,UNCLEAR,Source row has insufficient semantic evidence for a resolution-action classification.,2025-09-17,2025-09,AOK,,,00_INBOX - Входящи - Eingang/Accounting/Rücklastschrift _ Ihre KD-Nr. 550980.PDF,"[[page 1]] Nichteinlösung Bankeinzug/Lastschrift Sehr geehrte Damen und Herren, die von uns vorgenommene Abbuchung per Bankeinzug/Lastschrift wurde von Ihrem Geldinstitut nicht eingelöst. Die weitere Bearbeitung durch unsere Rechtsabteilung können Sie vermeiden, wenn Ihre Zahlung innerhalb von 8 Tagen bei uns eingeht. Sofern der rückbelastete Betrag noch einmal eingezogen/abgebucht werden soll, bitten wir um umgehend",MEDIUM
SI-390JS-5935-26-02302,DUPLICATE,Same date/period/Krankenkasse/event/source already audited.,2025-09-17,2025-09,AOK,,,00_INBOX - Входящи - Eingang/Accounting_Organized/06_Bank_Payments/Rücklastschrift _ Ihre KD-Nr. 550980.PDF,"[[page 1]] Nichteinlösung Bankeinzug/Lastschrift Sehr geehrte Damen und Herren, die von uns vorgenommene Abbuchung per Bankeinzug/Lastschrift wurde von Ihrem Geldinstitut nicht eingelöst. Die weitere Bearbeitung durch unsere Rechtsabteilung können Sie vermeiden, wenn Ihre Zahlung innerhalb von 8 Tagen bei uns eingeht. Sofern der rückbelastete Betrag noch einmal eingezogen/abgebucht werden soll, bitten wir um umgehend",MEDIUM
SI-390JS-5935-26-02303,UNCLEAR,Source row has insufficient semantic evidence for a resolution-action classification.,2025-09-17,2025-09,AOK,,,00_INBOX - Входящи - Eingang/Accounting_Organized/06_Bank_Payments/Rücklastschrift _ Ihre KD-Nr. 550980__copy2.PDF,"[[page 1]] Nichteinlösung Bankeinzug/Lastschrift Sehr geehrte Damen und Herren, die von uns vorgenommene Abbuchung per Bankeinzug/Lastschrift wurde von Ihrem Geldinstitut nicht eingelöst. Die weitere Bearbeitung durch unsere Rechtsabteilung können Sie vermeiden, wenn Ihre Zahlung innerhalb von 8 Tagen bei uns eingeht. Sofern der rückbelastete Betrag noch einmal eingezogen/abgebucht werden soll, bitten wir um umgehend",MEDIUM
SI-390JS-5935-26-02304,DUPLICATE,Same date/period/Krankenkasse/event/source already audited.,2025-09-17,2025-09,AOK,,,00_INBOX - Входящи - Eingang/Accounting_Organized/08_Operating_Costs/Rücklastschrift _ Ihre KD-Nr. 550980.PDF,"[[page 1]] Nichteinlösung Bankeinzug/Lastschrift Sehr geehrte Damen und Herren, die von uns vorgenommene Abbuchung per Bankeinzug/Lastschrift wurde von Ihrem Geldinstitut nicht eingelöst. Die weitere Bearbeitung durch unsere Rechtsabteilung können Sie vermeiden, wenn Ihre Zahlung innerhalb von 8 Tagen bei uns eingeht. Sofern der rückbelastete Betrag noch einmal eingezogen/abgebucht werden soll, bitten wir um umgehend",MEDIUM
