classification,reason,event_date,contribution_period,Krankenkasse,amount_paid,amount_outstanding,event_type,source_file,source_snippet,confidence
NORMAL_MONTHLY_PAYMENT,Payment amount exists but no arrears context is stated.,,2020-07,AOK Plus,1798.00,,HEALTH_INSURANCE_EXTRACTED_ROW,00_INBOX - Входящи - Eingang/Accounting_Organized/02_Payroll/Lohnauswertungen_Juli_2025__copy2.pdf,"beiträge bereits bezahlt wurden. ***Finanzamt 09097 Chemnitz Bar/Einzug 215/291/01497 07/2025 1.798,00",HIGH
NORMAL_MONTHLY_PAYMENT,Payment amount exists but no arrears context is stated.,2021-01-04,2021-04,AOK Hessen,775.00,,PAYMENT_EVIDENCE_OR_PAYMENT_LIST,00_INBOX - Входящи - Eingang/Accounting/8. Überweisungsnachweise bzw. Barzahlungsquittungen/old/2021/04-2021 #9109.pdf,"eingeräumten Kontoüberziehung: 0,00 Auftraggeber/Begünstigter Buchung Wertstellung Art Verwendungszweck Betrag in € Rainer Neumeier - Garagenvermietung 12.04.2021 12.04.2021 Überweisung Miete für 04/2021 -775,00 ARAL AG 09.04.2021 09.04.2021 Kartenzahlung Referenz 71113573100487080421090017 Mandat 144400 Einreicher-ID DE79ZZZ00000465117 ARAL Niederdorf Neue Schichtstra-e 16//Niederdorf/DE Terminal 71113573 2021-04-08",HIGH
NORMAL_MONTHLY_PAYMENT,Payment amount exists but no arrears context is stated.,2021-01-04,2021-04,AOK Hessen,775.00,,PAYMENT_EVIDENCE_OR_PAYMENT_LIST,00_INBOX - Входящи - Eingang/Accounting_Organized/04_Health_Insurance/04-2021 #9109.pdf,"eingeräumten Kontoüberziehung: 0,00 Auftraggeber/Begünstigter Buchung Wertstellung Art Verwendungszweck Betrag in € Rainer Neumeier - Garagenvermietung 12.04.2021 12.04.2021 Überweisung Miete für 04/2021 -775,00 ARAL AG 09.04.2021 09.04.2021 Kartenzahlung Referenz 71113573100487080421090017 Mandat 144400 Einreicher-ID DE79ZZZ00000465117 ARAL Niederdorf Neue Schichtstra-e 16//Niederdorf/DE Terminal 71113573 2021-04-08",HIGH
NORMAL_MONTHLY_PAYMENT,Payment amount exists but no arrears context is stated.,2021-01-04,2021-04,AOK Hessen,775.00,,PAYMENT_EVIDENCE_OR_PAYMENT_LIST,00_INBOX - Входящи - Eingang/Accounting_Organized/06_Bank_Payments/04-2021 #9109.pdf,"eingeräumten Kontoüberziehung: 0,00 Auftraggeber/Begünstigter Buchung Wertstellung Art Verwendungszweck Betrag in € Rainer Neumeier - Garagenvermietung 12.04.2021 12.04.2021 Überweisung Miete für 04/2021 -775,00 ARAL AG 09.04.2021 09.04.2021 Kartenzahlung Referenz 71113573100487080421090017 Mandat 144400 Einreicher-ID DE79ZZZ00000465117 ARAL Niederdorf Neue Schichtstra-e 16//Niederdorf/DE Terminal 71113573 2021-04-08",HIGH
NORMAL_MONTHLY_PAYMENT,Payment amount exists but no arrears context is stated.,2021-01-04,2021-04,AOK Hessen,775.00,,PAYMENT_EVIDENCE_OR_PAYMENT_LIST,00_INBOX - Входящи - Eingang/Accounting_Organized/06_Bank_Payments/04-2021 #9109__copy2.pdf,"eingeräumten Kontoüberziehung: 0,00 Auftraggeber/Begünstigter Buchung Wertstellung Art Verwendungszweck Betrag in € Rainer Neumeier - Garagenvermietung 12.04.2021 12.04.2021 Überweisung Miete für 04/2021 -775,00 ARAL AG 09.04.2021 09.04.2021 Kartenzahlung Referenz 71113573100487080421090017 Mandat 144400 Einreicher-ID DE79ZZZ00000465117 ARAL Niederdorf Neue Schichtstra-e 16//Niederdorf/DE Terminal 71113573 2021-04-08",HIGH
NORMAL_MONTHLY_PAYMENT,Payment amount exists but no arrears context is stated.,2021-01-04,2021-04,AOK PLUS,775.00,,PAYMENT_EVIDENCE_OR_PAYMENT_LIST,00_INBOX - Входящи - Eingang/Accounting/8. Überweisungsnachweise bzw. Barzahlungsquittungen/old/2021/04-2021 #9109.pdf,"eingeräumten Kontoüberziehung: 0,00 Auftraggeber/Begünstigter Buchung Wertstellung Art Verwendungszweck Betrag in € Rainer Neumeier - Garagenvermietung 12.04.2021 12.04.2021 Überweisung Miete für 04/2021 -775,00 ARAL AG 09.04.2021 09.04.2021 Kartenzahlung Referenz 71113573100487080421090017 Mandat 144400 Einreicher-ID DE79ZZZ00000465117 ARAL Niederdorf Neue Schichtstra-e 16//Niederdorf/DE Terminal 71113573 2021-04-08",HIGH
NORMAL_MONTHLY_PAYMENT,Payment amount exists but no arrears context is stated.,2021-01-04,2021-04,AOK PLUS,775.00,,PAYMENT_EVIDENCE_OR_PAYMENT_LIST,00_INBOX - Входящи - Eingang/Accounting_Organized/04_Health_Insurance/04-2021 #9109.pdf,"eingeräumten Kontoüberziehung: 0,00 Auftraggeber/Begünstigter Buchung Wertstellung Art Verwendungszweck Betrag in € Rainer Neumeier - Garagenvermietung 12.04.2021 12.04.2021 Überweisung Miete für 04/2021 -775,00 ARAL AG 09.04.2021 09.04.2021 Kartenzahlung Referenz 71113573100487080421090017 Mandat 144400 Einreicher-ID DE79ZZZ00000465117 ARAL Niederdorf Neue Schichtstra-e 16//Niederdorf/DE Terminal 71113573 2021-04-08",HIGH
NORMAL_MONTHLY_PAYMENT,Payment amount exists but no arrears context is stated.,2021-01-04,2021-04,AOK PLUS,775.00,,PAYMENT_EVIDENCE_OR_PAYMENT_LIST,00_INBOX - Входящи - Eingang/Accounting_Organized/06_Bank_Payments/04-2021 #9109.pdf,"eingeräumten Kontoüberziehung: 0,00 Auftraggeber/Begünstigter Buchung Wertstellung Art Verwendungszweck Betrag in € Rainer Neumeier - Garagenvermietung 12.04.2021 12.04.2021 Überweisung Miete für 04/2021 -775,00 ARAL AG 09.04.2021 09.04.2021 Kartenzahlung Referenz 71113573100487080421090017 Mandat 144400 Einreicher-ID DE79ZZZ00000465117 ARAL Niederdorf Neue Schichtstra-e 16//Niederdorf/DE Terminal 71113573 2021-04-08",HIGH
NORMAL_MONTHLY_PAYMENT,Payment amount exists but no arrears context is stated.,2021-01-04,2021-04,AOK PLUS,775.00,,PAYMENT_EVIDENCE_OR_PAYMENT_LIST,00_INBOX - Входящи - Eingang/Accounting_Organized/06_Bank_Payments/04-2021 #9109__copy2.pdf,"eingeräumten Kontoüberziehung: 0,00 Auftraggeber/Begünstigter Buchung Wertstellung Art Verwendungszweck Betrag in € Rainer Neumeier - Garagenvermietung 12.04.2021 12.04.2021 Überweisung Miete für 04/2021 -775,00 ARAL AG 09.04.2021 09.04.2021 Kartenzahlung Referenz 71113573100487080421090017 Mandat 144400 Einreicher-ID DE79ZZZ00000465117 ARAL Niederdorf Neue Schichtstra-e 16//Niederdorf/DE Terminal 71113573 2021-04-08",HIGH
NORMAL_MONTHLY_PAYMENT,Payment amount exists but no arrears context is stated.,2021-01-04,2021-04,KKH,775.00,,PAYMENT_EVIDENCE_OR_PAYMENT_LIST,00_INBOX - Входящи - Eingang/Accounting/8. Überweisungsnachweise bzw. Barzahlungsquittungen/old/2021/04-2021 #9109.pdf,"eingeräumten Kontoüberziehung: 0,00 Auftraggeber/Begünstigter Buchung Wertstellung Art Verwendungszweck Betrag in € Rainer Neumeier - Garagenvermietung 12.04.2021 12.04.2021 Überweisung Miete für 04/2021 -775,00 ARAL AG 09.04.2021 09.04.2021 Kartenzahlung Referenz 71113573100487080421090017 Mandat 144400 Einreicher-ID DE79ZZZ00000465117 ARAL Niederdorf Neue Schichtstra-e 16//Niederdorf/DE Terminal 71113573 2021-04-08",HIGH
NORMAL_MONTHLY_PAYMENT,Payment amount exists but no arrears context is stated.,2021-01-04,2021-04,KKH,775.00,,PAYMENT_EVIDENCE_OR_PAYMENT_LIST,00_INBOX - Входящи - Eingang/Accounting_Organized/04_Health_Insurance/04-2021 #9109.pdf,"eingeräumten Kontoüberziehung: 0,00 Auftraggeber/Begünstigter Buchung Wertstellung Art Verwendungszweck Betrag in € Rainer Neumeier - Garagenvermietung 12.04.2021 12.04.2021 Überweisung Miete für 04/2021 -775,00 ARAL AG 09.04.2021 09.04.2021 Kartenzahlung Referenz 71113573100487080421090017 Mandat 144400 Einreicher-ID DE79ZZZ00000465117 ARAL Niederdorf Neue Schichtstra-e 16//Niederdorf/DE Terminal 71113573 2021-04-08",HIGH
NORMAL_MONTHLY_PAYMENT,Payment amount exists but no arrears context is stated.,2021-01-04,2021-04,KKH,775.00,,PAYMENT_EVIDENCE_OR_PAYMENT_LIST,00_INBOX - Входящи - Eingang/Accounting_Organized/06_Bank_Payments/04-2021 #9109.pdf,"eingeräumten Kontoüberziehung: 0,00 Auftraggeber/Begünstigter Buchung Wertstellung Art Verwendungszweck Betrag in € Rainer Neumeier - Garagenvermietung 12.04.2021 12.04.2021 Überweisung Miete für 04/2021 -775,00 ARAL AG 09.04.2021 09.04.2021 Kartenzahlung Referenz 71113573100487080421090017 Mandat 144400 Einreicher-ID DE79ZZZ00000465117 ARAL Niederdorf Neue Schichtstra-e 16//Niederdorf/DE Terminal 71113573 2021-04-08",HIGH
NORMAL_MONTHLY_PAYMENT,Payment amount exists but no arrears context is stated.,2021-01-04,2021-04,KKH,775.00,,PAYMENT_EVIDENCE_OR_PAYMENT_LIST,00_INBOX - Входящи - Eingang/Accounting_Organized/06_Bank_Payments/04-2021 #9109__copy2.pdf,"eingeräumten Kontoüberziehung: 0,00 Auftraggeber/Begünstigter Buchung Wertstellung Art Verwendungszweck Betrag in € Rainer Neumeier - Garagenvermietung 12.04.2021 12.04.2021 Überweisung Miete für 04/2021 -775,00 ARAL AG 09.04.2021 09.04.2021 Kartenzahlung Referenz 71113573100487080421090017 Mandat 144400 Einreicher-ID DE79ZZZ00000465117 ARAL Niederdorf Neue Schichtstra-e 16//Niederdorf/DE Terminal 71113573 2021-04-08",HIGH
NORMAL_MONTHLY_PAYMENT,Payment amount exists but no arrears context is stated.,,2021-02,AOK Plus,-10000.00,,HEALTH_INSURANCE_EXTRACTED_ROW,00_INBOX - Входящи - Eingang/Accounting_Organized/04_Health_Insurance/02-2021 #9109.pdf,"Überweisung transfer -10.000,00",HIGH
NORMAL_MONTHLY_PAYMENT,Payment amount exists but no arrears context is stated.,2021-03-04,2021-06,AOK,1550.00,,PAYMENT_EVIDENCE_OR_PAYMENT_LIST,00_INBOX - Входящи - Eingang/Accounting/8. Überweisungsnachweise bzw. Barzahlungsquittungen/old/2021/06-2021 #9109.pdf,": 49.482,40 Höhe der eingeräumten Kontoüberziehung: 0,00 Auftraggeber/Begünstigter Buchung Wertstellung Art Verwendungszweck Betrag in € Maria Dimitrova 11.06.2021 11.06.2021 Überweisung Darlehen 05/2021 -1.400,00 Maria Dimitrova 11.06.2021 11.06.2021 Überweisung Lohn-Gehalt Abrechnung 05/2021 /abz gl.Vorauszahlun 1550,00 EUR. 12.05. 2021. -3,24 Kiril Nikolov - Deutsche Bank AG 11.06.2021 11.06.2021 Überweisung Lohn-",HIGH
NORMAL_MONTHLY_PAYMENT,Payment amount exists but no arrears context is stated.,2021-03-04,2021-06,AOK,1550.00,,PAYMENT_EVIDENCE_OR_PAYMENT_LIST,00_INBOX - Входящи - Eingang/Accounting_Organized/04_Health_Insurance/06-2021 #9109.pdf,": 49.482,40 Höhe der eingeräumten Kontoüberziehung: 0,00 Auftraggeber/Begünstigter Buchung Wertstellung Art Verwendungszweck Betrag in € Maria Dimitrova 11.06.2021 11.06.2021 Überweisung Darlehen 05/2021 -1.400,00 Maria Dimitrova 11.06.2021 11.06.2021 Überweisung Lohn-Gehalt Abrechnung 05/2021 /abz gl.Vorauszahlun 1550,00 EUR. 12.05. 2021. -3,24 Kiril Nikolov - Deutsche Bank AG 11.06.2021 11.06.2021 Überweisung Lohn-",HIGH
NORMAL_MONTHLY_PAYMENT,Payment amount exists but no arrears context is stated.,2021-03-04,2021-06,AOK,1550.00,,PAYMENT_EVIDENCE_OR_PAYMENT_LIST,00_INBOX - Входящи - Eingang/Accounting_Organized/04_Health_Insurance/06-2021 #9109__copy2.pdf,": 49.482,40 Höhe der eingeräumten Kontoüberziehung: 0,00 Auftraggeber/Begünstigter Buchung Wertstellung Art Verwendungszweck Betrag in € Maria Dimitrova 11.06.2021 11.06.2021 Überweisung Darlehen 05/2021 -1.400,00 Maria Dimitrova 11.06.2021 11.06.2021 Überweisung Lohn-Gehalt Abrechnung 05/2021 /abz gl.Vorauszahlun 1550,00 EUR. 12.05. 2021. -3,24 Kiril Nikolov - Deutsche Bank AG 11.06.2021 11.06.2021 Überweisung Lohn-",HIGH
NORMAL_MONTHLY_PAYMENT,Payment amount exists but no arrears context is stated.,2021-03-04,2021-06,AOK,1550.00,,PAYMENT_EVIDENCE_OR_PAYMENT_LIST,00_INBOX - Входящи - Eingang/Accounting_Organized/04_Health_Insurance/06-2021 #9109__copy3.pdf,": 49.482,40 Höhe der eingeräumten Kontoüberziehung: 0,00 Auftraggeber/Begünstigter Buchung Wertstellung Art Verwendungszweck Betrag in € Maria Dimitrova 11.06.2021 11.06.2021 Überweisung Darlehen 05/2021 -1.400,00 Maria Dimitrova 11.06.2021 11.06.2021 Überweisung Lohn-Gehalt Abrechnung 05/2021 /abz gl.Vorauszahlun 1550,00 EUR. 12.05. 2021. -3,24 Kiril Nikolov - Deutsche Bank AG 11.06.2021 11.06.2021 Überweisung Lohn-",HIGH
NORMAL_MONTHLY_PAYMENT,Payment amount exists but no arrears context is stated.,,2021-04,AOK Plus,-775.00,,HEALTH_INSURANCE_EXTRACTED_ROW,00_INBOX - Входящи - Eingang/Accounting_Organized/04_Health_Insurance/04-2021 #9109.pdf,"Überweisung Miete für 04/2021 -775,00",HIGH
NORMAL_MONTHLY_PAYMENT,Payment amount exists but no arrears context is stated.,2021-04-06,2021-07,AOK,1877.24,,PAYMENT_EVIDENCE_OR_PAYMENT_LIST,00_INBOX - Входящи - Eingang/Accounting/8. Überweisungsnachweise bzw. Barzahlungsquittungen/old/2021/07-2021 #9109.pdf,"he der eingeräumten Kontoüberziehung: 0,00 Auftraggeber/Begünstigter Buchung Wertstellung Art Verwendungszweck Betrag in € Petar Goranov - Deutsche Bank 14.07.2021 15.07.2021 Überweisung Lohn-Gehalt Abrechnung 06/2021 -1.877,24 STAHLGRUBER 047 14.07.2021 14.07.2021 Kartenzahlung Referenz 54064955186394130721171045 Mandat 275032 Einreicher-ID DE07ZZZ00000843064 STAHLGRUBER GMBH//POING/DE Terminal 54064955 2021-07-13T1",HIGH
NORMAL_MONTHLY_PAYMENT,Payment amount exists but no arrears context is stated.,2021-04-06,2021-07,AOK,1877.24,,PAYMENT_EVIDENCE_OR_PAYMENT_LIST,00_INBOX - Входящи - Eingang/Accounting_Organized/04_Health_Insurance/07-2021 #9109.pdf,"he der eingeräumten Kontoüberziehung: 0,00 Auftraggeber/Begünstigter Buchung Wertstellung Art Verwendungszweck Betrag in € Petar Goranov - Deutsche Bank 14.07.2021 15.07.2021 Überweisung Lohn-Gehalt Abrechnung 06/2021 -1.877,24 STAHLGRUBER 047 14.07.2021 14.07.2021 Kartenzahlung Referenz 54064955186394130721171045 Mandat 275032 Einreicher-ID DE07ZZZ00000843064 STAHLGRUBER GMBH//POING/DE Terminal 54064955 2021-07-13T1",HIGH
NORMAL_MONTHLY_PAYMENT,Payment amount exists but no arrears context is stated.,2021-04-06,2021-07,AOK,1877.24,,PAYMENT_EVIDENCE_OR_PAYMENT_LIST,00_INBOX - Входящи - Eingang/Accounting_Organized/06_Bank_Payments/07-2021 #9109.pdf,"he der eingeräumten Kontoüberziehung: 0,00 Auftraggeber/Begünstigter Buchung Wertstellung Art Verwendungszweck Betrag in € Petar Goranov - Deutsche Bank 14.07.2021 15.07.2021 Überweisung Lohn-Gehalt Abrechnung 06/2021 -1.877,24 STAHLGRUBER 047 14.07.2021 14.07.2021 Kartenzahlung Referenz 54064955186394130721171045 Mandat 275032 Einreicher-ID DE07ZZZ00000843064 STAHLGRUBER GMBH//POING/DE Terminal 54064955 2021-07-13T1",HIGH
NORMAL_MONTHLY_PAYMENT,Payment amount exists but no arrears context is stated.,2021-04-06,2021-07,AOK,1877.24,,PAYMENT_EVIDENCE_OR_PAYMENT_LIST,00_INBOX - Входящи - Eingang/Accounting_Organized/06_Bank_Payments/07-2021 #9109__copy2.pdf,"he der eingeräumten Kontoüberziehung: 0,00 Auftraggeber/Begünstigter Buchung Wertstellung Art Verwendungszweck Betrag in € Petar Goranov - Deutsche Bank 14.07.2021 15.07.2021 Überweisung Lohn-Gehalt Abrechnung 06/2021 -1.877,24 STAHLGRUBER 047 14.07.2021 14.07.2021 Kartenzahlung Referenz 54064955186394130721171045 Mandat 275032 Einreicher-ID DE07ZZZ00000843064 STAHLGRUBER GMBH//POING/DE Terminal 54064955 2021-07-13T1",HIGH
NORMAL_MONTHLY_PAYMENT,Payment amount exists but no arrears context is stated.,2021-04-06,2021-07,KKH,1877.24,,PAYMENT_EVIDENCE_OR_PAYMENT_LIST,00_INBOX - Входящи - Eingang/Accounting/8. Überweisungsnachweise bzw. Barzahlungsquittungen/old/2021/07-2021 #9109.pdf,"he der eingeräumten Kontoüberziehung: 0,00 Auftraggeber/Begünstigter Buchung Wertstellung Art Verwendungszweck Betrag in € Petar Goranov - Deutsche Bank 14.07.2021 15.07.2021 Überweisung Lohn-Gehalt Abrechnung 06/2021 -1.877,24 STAHLGRUBER 047 14.07.2021 14.07.2021 Kartenzahlung Referenz 54064955186394130721171045 Mandat 275032 Einreicher-ID DE07ZZZ00000843064 STAHLGRUBER GMBH//POING/DE Terminal 54064955 2021-07-13T1",HIGH
NORMAL_MONTHLY_PAYMENT,Payment amount exists but no arrears context is stated.,2021-04-06,2021-07,KKH,1877.24,,PAYMENT_EVIDENCE_OR_PAYMENT_LIST,00_INBOX - Входящи - Eingang/Accounting_Organized/04_Health_Insurance/07-2021 #9109.pdf,"he der eingeräumten Kontoüberziehung: 0,00 Auftraggeber/Begünstigter Buchung Wertstellung Art Verwendungszweck Betrag in € Petar Goranov - Deutsche Bank 14.07.2021 15.07.2021 Überweisung Lohn-Gehalt Abrechnung 06/2021 -1.877,24 STAHLGRUBER 047 14.07.2021 14.07.2021 Kartenzahlung Referenz 54064955186394130721171045 Mandat 275032 Einreicher-ID DE07ZZZ00000843064 STAHLGRUBER GMBH//POING/DE Terminal 54064955 2021-07-13T1",HIGH
NORMAL_MONTHLY_PAYMENT,Payment amount exists but no arrears context is stated.,2021-04-06,2021-07,KKH,1877.24,,PAYMENT_EVIDENCE_OR_PAYMENT_LIST,00_INBOX - Входящи - Eingang/Accounting_Organized/06_Bank_Payments/07-2021 #9109.pdf,"he der eingeräumten Kontoüberziehung: 0,00 Auftraggeber/Begünstigter Buchung Wertstellung Art Verwendungszweck Betrag in € Petar Goranov - Deutsche Bank 14.07.2021 15.07.2021 Überweisung Lohn-Gehalt Abrechnung 06/2021 -1.877,24 STAHLGRUBER 047 14.07.2021 14.07.2021 Kartenzahlung Referenz 54064955186394130721171045 Mandat 275032 Einreicher-ID DE07ZZZ00000843064 STAHLGRUBER GMBH//POING/DE Terminal 54064955 2021-07-13T1",HIGH
NORMAL_MONTHLY_PAYMENT,Payment amount exists but no arrears context is stated.,2021-04-06,2021-07,KKH,1877.24,,PAYMENT_EVIDENCE_OR_PAYMENT_LIST,00_INBOX - Входящи - Eingang/Accounting_Organized/06_Bank_Payments/07-2021 #9109__copy2.pdf,"he der eingeräumten Kontoüberziehung: 0,00 Auftraggeber/Begünstigter Buchung Wertstellung Art Verwendungszweck Betrag in € Petar Goranov - Deutsche Bank 14.07.2021 15.07.2021 Überweisung Lohn-Gehalt Abrechnung 06/2021 -1.877,24 STAHLGRUBER 047 14.07.2021 14.07.2021 Kartenzahlung Referenz 54064955186394130721171045 Mandat 275032 Einreicher-ID DE07ZZZ00000843064 STAHLGRUBER GMBH//POING/DE Terminal 54064955 2021-07-13T1",HIGH
NORMAL_MONTHLY_PAYMENT,Payment amount exists but no arrears context is stated.,,2021-06,AOK Plus,-1400.00,-433.08,HEALTH_INSURANCE_EXTRACTED_ROW,00_INBOX - Входящи - Eingang/Accounting_Organized/04_Health_Insurance/06-2021 #9109.pdf,"Überweisung Darlehen 05/2021 -1.400,00",HIGH
NORMAL_MONTHLY_PAYMENT,Payment amount exists but no arrears context is stated.,2021-06-01,2021-09,AOK Nordost,92538.60,,PAYMENT_EVIDENCE_OR_PAYMENT_LIST,00_INBOX - Входящи - Eingang/Accounting_Organized/06_Bank_Payments/09-2021 #9109.pdf,"rmes Germany GmbH 08.09.2021 08.09.2021 Gutschrift Referenz 2000016306 Siehe Begleitschreiben vom 07.09.21 92.538,60 AXA Versicherung Aktiengesellschaft 08.09.2021 08.09.2021 Lastschrift Referenz 640024448580/0001 Mandat 21054898291 Einreicher-ID DE23G0100000066097 Kfz-Versicherung 30330554025 C-MC 4 25 BTR. 09/21 186,79 EUR -186,79 Atanas Madzharov 07.09.2021 07.09.2021 Überweisung Gehaltsvorschuss 09/2021 -500,00 M",HIGH
NORMAL_MONTHLY_PAYMENT,Payment amount exists but no arrears context is stated.,2021-06-01,2021-09,AOK PLUS,92538.60,,PAYMENT_EVIDENCE_OR_PAYMENT_LIST,00_INBOX - Входящи - Eingang/Accounting_Organized/06_Bank_Payments/09-2021 #9109.pdf,"rmes Germany GmbH 08.09.2021 08.09.2021 Gutschrift Referenz 2000016306 Siehe Begleitschreiben vom 07.09.21 92.538,60 AXA Versicherung Aktiengesellschaft 08.09.2021 08.09.2021 Lastschrift Referenz 640024448580/0001 Mandat 21054898291 Einreicher-ID DE23G0100000066097 Kfz-Versicherung 30330554025 C-MC 4 25 BTR. 09/21 186,79 EUR -186,79 Atanas Madzharov 07.09.2021 07.09.2021 Überweisung Gehaltsvorschuss 09/2021 -500,00 M",HIGH
NORMAL_MONTHLY_PAYMENT,Payment amount exists but no arrears context is stated.,2021-06-01,2021-09,KKH,92538.60,,PAYMENT_EVIDENCE_OR_PAYMENT_LIST,00_INBOX - Входящи - Eingang/Accounting_Organized/06_Bank_Payments/09-2021 #9109.pdf,"rmes Germany GmbH 08.09.2021 08.09.2021 Gutschrift Referenz 2000016306 Siehe Begleitschreiben vom 07.09.21 92.538,60 AXA Versicherung Aktiengesellschaft 08.09.2021 08.09.2021 Lastschrift Referenz 640024448580/0001 Mandat 21054898291 Einreicher-ID DE23G0100000066097 Kfz-Versicherung 30330554025 C-MC 4 25 BTR. 09/21 186,79 EUR -186,79 Atanas Madzharov 07.09.2021 07.09.2021 Überweisung Gehaltsvorschuss 09/2021 -500,00 M",HIGH
NORMAL_MONTHLY_PAYMENT,Payment amount exists but no arrears context is stated.,2021-06-01,2021-09,Techniker Krankenkasse,92538.60,,PAYMENT_EVIDENCE_OR_PAYMENT_LIST,00_INBOX - Входящи - Eingang/Accounting_Organized/06_Bank_Payments/09-2021 #9109.pdf,"rmes Germany GmbH 08.09.2021 08.09.2021 Gutschrift Referenz 2000016306 Siehe Begleitschreiben vom 07.09.21 92.538,60 AXA Versicherung Aktiengesellschaft 08.09.2021 08.09.2021 Lastschrift Referenz 640024448580/0001 Mandat 21054898291 Einreicher-ID DE23G0100000066097 Kfz-Versicherung 30330554025 C-MC 4 25 BTR. 09/21 186,79 EUR -186,79 Atanas Madzharov 07.09.2021 07.09.2021 Überweisung Gehaltsvorschuss 09/2021 -500,00 M",HIGH
NORMAL_MONTHLY_PAYMENT,Payment amount exists but no arrears context is stated.,,2021-07,AOK Plus,-1877.24,-433.08,HEALTH_INSURANCE_EXTRACTED_ROW,00_INBOX - Входящи - Eingang/Accounting_Organized/04_Health_Insurance/07-2021 #9109.pdf,"Überweisung Lohn-Gehalt Abrechnung 06/2021 -1.877,24",HIGH
NORMAL_MONTHLY_PAYMENT,Payment amount exists but no arrears context is stated.,2021-07-26,2021-11,AOK Hessen,700.00,,PAYMENT_EVIDENCE_OR_PAYMENT_LIST,00_INBOX - Входящи - Eingang/Accounting/8. Überweisungsnachweise bzw. Barzahlungsquittungen/old/2021/11-2021 #9109.pdf,"tand: 986,17 Höhe der eingeräumten Kontoüberziehung: 0,00 Auftraggeber/Begünstigter Buchung Wertstellung Art Verwendungszweck Betrag in € Krasimir Kalev 02.11.2021 02.11.2021 Überweisung Vorauszahlung 10/2021 -700,00 Martin Visa Card 02.11.2021 02.11.2021 Überweisung transfer -100,00 Techniker Krankenkasse 02.11.2021 02.11.2021 Überweisung Referenz 5205586380Mandat MD5206418 F1Einreicher-ID DE51TK100000031158B NR: 89",HIGH
NORMAL_MONTHLY_PAYMENT,Payment amount exists but no arrears context is stated.,2021-07-26,2021-11,AOK Hessen,700.00,,PAYMENT_EVIDENCE_OR_PAYMENT_LIST,00_INBOX - Входящи - Eingang/Accounting_Organized/04_Health_Insurance/11-2021 #9109.pdf,"tand: 986,17 Höhe der eingeräumten Kontoüberziehung: 0,00 Auftraggeber/Begünstigter Buchung Wertstellung Art Verwendungszweck Betrag in € Krasimir Kalev 02.11.2021 02.11.2021 Überweisung Vorauszahlung 10/2021 -700,00 Martin Visa Card 02.11.2021 02.11.2021 Überweisung transfer -100,00 Techniker Krankenkasse 02.11.2021 02.11.2021 Überweisung Referenz 5205586380Mandat MD5206418 F1Einreicher-ID DE51TK100000031158B NR: 89",HIGH
NORMAL_MONTHLY_PAYMENT,Payment amount exists but no arrears context is stated.,2021-07-26,2021-11,AOK Hessen,700.00,,PAYMENT_EVIDENCE_OR_PAYMENT_LIST,00_INBOX - Входящи - Eingang/Accounting_Organized/06_Bank_Payments/11-2021 #9109.pdf,"tand: 986,17 Höhe der eingeräumten Kontoüberziehung: 0,00 Auftraggeber/Begünstigter Buchung Wertstellung Art Verwendungszweck Betrag in € Krasimir Kalev 02.11.2021 02.11.2021 Überweisung Vorauszahlung 10/2021 -700,00 Martin Visa Card 02.11.2021 02.11.2021 Überweisung transfer -100,00 Techniker Krankenkasse 02.11.2021 02.11.2021 Überweisung Referenz 5205586380Mandat MD5206418 F1Einreicher-ID DE51TK100000031158B NR: 89",HIGH
NORMAL_MONTHLY_PAYMENT,Payment amount exists but no arrears context is stated.,2021-07-26,2021-11,AOK Hessen,700.00,,PAYMENT_EVIDENCE_OR_PAYMENT_LIST,00_INBOX - Входящи - Eingang/Accounting_Organized/06_Bank_Payments/11-2021 #9109__copy2.pdf,"tand: 986,17 Höhe der eingeräumten Kontoüberziehung: 0,00 Auftraggeber/Begünstigter Buchung Wertstellung Art Verwendungszweck Betrag in € Krasimir Kalev 02.11.2021 02.11.2021 Überweisung Vorauszahlung 10/2021 -700,00 Martin Visa Card 02.11.2021 02.11.2021 Überweisung transfer -100,00 Techniker Krankenkasse 02.11.2021 02.11.2021 Überweisung Referenz 5205586380Mandat MD5206418 F1Einreicher-ID DE51TK100000031158B NR: 89",HIGH
NORMAL_MONTHLY_PAYMENT,Payment amount exists but no arrears context is stated.,2021-07-26,2021-11,AOK Nordost,700.00,,PAYMENT_EVIDENCE_OR_PAYMENT_LIST,00_INBOX - Входящи - Eingang/Accounting/8. Überweisungsnachweise bzw. Barzahlungsquittungen/old/2021/11-2021 #9109.pdf,"tand: 986,17 Höhe der eingeräumten Kontoüberziehung: 0,00 Auftraggeber/Begünstigter Buchung Wertstellung Art Verwendungszweck Betrag in € Krasimir Kalev 02.11.2021 02.11.2021 Überweisung Vorauszahlung 10/2021 -700,00 Martin Visa Card 02.11.2021 02.11.2021 Überweisung transfer -100,00 Techniker Krankenkasse 02.11.2021 02.11.2021 Überweisung Referenz 5205586380Mandat MD5206418 F1Einreicher-ID DE51TK100000031158B NR: 89",HIGH
NORMAL_MONTHLY_PAYMENT,Payment amount exists but no arrears context is stated.,2021-07-26,2021-11,AOK Nordost,700.00,,PAYMENT_EVIDENCE_OR_PAYMENT_LIST,00_INBOX - Входящи - Eingang/Accounting_Organized/04_Health_Insurance/11-2021 #9109.pdf,"tand: 986,17 Höhe der eingeräumten Kontoüberziehung: 0,00 Auftraggeber/Begünstigter Buchung Wertstellung Art Verwendungszweck Betrag in € Krasimir Kalev 02.11.2021 02.11.2021 Überweisung Vorauszahlung 10/2021 -700,00 Martin Visa Card 02.11.2021 02.11.2021 Überweisung transfer -100,00 Techniker Krankenkasse 02.11.2021 02.11.2021 Überweisung Referenz 5205586380Mandat MD5206418 F1Einreicher-ID DE51TK100000031158B NR: 89",HIGH
NORMAL_MONTHLY_PAYMENT,Payment amount exists but no arrears context is stated.,2021-07-26,2021-11,AOK Nordost,700.00,,PAYMENT_EVIDENCE_OR_PAYMENT_LIST,00_INBOX - Входящи - Eingang/Accounting_Organized/06_Bank_Payments/11-2021 #9109.pdf,"tand: 986,17 Höhe der eingeräumten Kontoüberziehung: 0,00 Auftraggeber/Begünstigter Buchung Wertstellung Art Verwendungszweck Betrag in € Krasimir Kalev 02.11.2021 02.11.2021 Überweisung Vorauszahlung 10/2021 -700,00 Martin Visa Card 02.11.2021 02.11.2021 Überweisung transfer -100,00 Techniker Krankenkasse 02.11.2021 02.11.2021 Überweisung Referenz 5205586380Mandat MD5206418 F1Einreicher-ID DE51TK100000031158B NR: 89",HIGH
NORMAL_MONTHLY_PAYMENT,Payment amount exists but no arrears context is stated.,2021-07-26,2021-11,AOK Nordost,700.00,,PAYMENT_EVIDENCE_OR_PAYMENT_LIST,00_INBOX - Входящи - Eingang/Accounting_Organized/06_Bank_Payments/11-2021 #9109__copy2.pdf,"tand: 986,17 Höhe der eingeräumten Kontoüberziehung: 0,00 Auftraggeber/Begünstigter Buchung Wertstellung Art Verwendungszweck Betrag in € Krasimir Kalev 02.11.2021 02.11.2021 Überweisung Vorauszahlung 10/2021 -700,00 Martin Visa Card 02.11.2021 02.11.2021 Überweisung transfer -100,00 Techniker Krankenkasse 02.11.2021 02.11.2021 Überweisung Referenz 5205586380Mandat MD5206418 F1Einreicher-ID DE51TK100000031158B NR: 89",HIGH
NORMAL_MONTHLY_PAYMENT,Payment amount exists but no arrears context is stated.,2021-07-26,2021-11,AOK PLUS,700.00,,PAYMENT_EVIDENCE_OR_PAYMENT_LIST,00_INBOX - Входящи - Eingang/Accounting/8. Überweisungsnachweise bzw. Barzahlungsquittungen/old/2021/11-2021 #9109.pdf,"tand: 986,17 Höhe der eingeräumten Kontoüberziehung: 0,00 Auftraggeber/Begünstigter Buchung Wertstellung Art Verwendungszweck Betrag in € Krasimir Kalev 02.11.2021 02.11.2021 Überweisung Vorauszahlung 10/2021 -700,00 Martin Visa Card 02.11.2021 02.11.2021 Überweisung transfer -100,00 Techniker Krankenkasse 02.11.2021 02.11.2021 Überweisung Referenz 5205586380Mandat MD5206418 F1Einreicher-ID DE51TK100000031158B NR: 89",HIGH
NORMAL_MONTHLY_PAYMENT,Payment amount exists but no arrears context is stated.,2021-07-26,2021-11,AOK PLUS,700.00,,PAYMENT_EVIDENCE_OR_PAYMENT_LIST,00_INBOX - Входящи - Eingang/Accounting_Organized/04_Health_Insurance/11-2021 #9109.pdf,"tand: 986,17 Höhe der eingeräumten Kontoüberziehung: 0,00 Auftraggeber/Begünstigter Buchung Wertstellung Art Verwendungszweck Betrag in € Krasimir Kalev 02.11.2021 02.11.2021 Überweisung Vorauszahlung 10/2021 -700,00 Martin Visa Card 02.11.2021 02.11.2021 Überweisung transfer -100,00 Techniker Krankenkasse 02.11.2021 02.11.2021 Überweisung Referenz 5205586380Mandat MD5206418 F1Einreicher-ID DE51TK100000031158B NR: 89",HIGH
NORMAL_MONTHLY_PAYMENT,Payment amount exists but no arrears context is stated.,2021-07-26,2021-11,AOK PLUS,700.00,,PAYMENT_EVIDENCE_OR_PAYMENT_LIST,00_INBOX - Входящи - Eingang/Accounting_Organized/06_Bank_Payments/11-2021 #9109.pdf,"tand: 986,17 Höhe der eingeräumten Kontoüberziehung: 0,00 Auftraggeber/Begünstigter Buchung Wertstellung Art Verwendungszweck Betrag in € Krasimir Kalev 02.11.2021 02.11.2021 Überweisung Vorauszahlung 10/2021 -700,00 Martin Visa Card 02.11.2021 02.11.2021 Überweisung transfer -100,00 Techniker Krankenkasse 02.11.2021 02.11.2021 Überweisung Referenz 5205586380Mandat MD5206418 F1Einreicher-ID DE51TK100000031158B NR: 89",HIGH
NORMAL_MONTHLY_PAYMENT,Payment amount exists but no arrears context is stated.,2021-07-26,2021-11,AOK PLUS,700.00,,PAYMENT_EVIDENCE_OR_PAYMENT_LIST,00_INBOX - Входящи - Eingang/Accounting_Organized/06_Bank_Payments/11-2021 #9109__copy2.pdf,"tand: 986,17 Höhe der eingeräumten Kontoüberziehung: 0,00 Auftraggeber/Begünstigter Buchung Wertstellung Art Verwendungszweck Betrag in € Krasimir Kalev 02.11.2021 02.11.2021 Überweisung Vorauszahlung 10/2021 -700,00 Martin Visa Card 02.11.2021 02.11.2021 Überweisung transfer -100,00 Techniker Krankenkasse 02.11.2021 02.11.2021 Überweisung Referenz 5205586380Mandat MD5206418 F1Einreicher-ID DE51TK100000031158B NR: 89",HIGH
NORMAL_MONTHLY_PAYMENT,Payment amount exists but no arrears context is stated.,2021-07-26,2021-11,Techniker Krankenkasse,700.00,,PAYMENT_EVIDENCE_OR_PAYMENT_LIST,00_INBOX - Входящи - Eingang/Accounting/8. Überweisungsnachweise bzw. Barzahlungsquittungen/old/2021/11-2021 #9109.pdf,"tand: 986,17 Höhe der eingeräumten Kontoüberziehung: 0,00 Auftraggeber/Begünstigter Buchung Wertstellung Art Verwendungszweck Betrag in € Krasimir Kalev 02.11.2021 02.11.2021 Überweisung Vorauszahlung 10/2021 -700,00 Martin Visa Card 02.11.2021 02.11.2021 Überweisung transfer -100,00 Techniker Krankenkasse 02.11.2021 02.11.2021 Überweisung Referenz 5205586380Mandat MD5206418 F1Einreicher-ID DE51TK100000031158B NR: 89",HIGH
NORMAL_MONTHLY_PAYMENT,Payment amount exists but no arrears context is stated.,2021-07-26,2021-11,Techniker Krankenkasse,700.00,,PAYMENT_EVIDENCE_OR_PAYMENT_LIST,00_INBOX - Входящи - Eingang/Accounting_Organized/04_Health_Insurance/11-2021 #9109.pdf,"tand: 986,17 Höhe der eingeräumten Kontoüberziehung: 0,00 Auftraggeber/Begünstigter Buchung Wertstellung Art Verwendungszweck Betrag in € Krasimir Kalev 02.11.2021 02.11.2021 Überweisung Vorauszahlung 10/2021 -700,00 Martin Visa Card 02.11.2021 02.11.2021 Überweisung transfer -100,00 Techniker Krankenkasse 02.11.2021 02.11.2021 Überweisung Referenz 5205586380Mandat MD5206418 F1Einreicher-ID DE51TK100000031158B NR: 89",HIGH
NORMAL_MONTHLY_PAYMENT,Payment amount exists but no arrears context is stated.,2021-07-26,2021-11,Techniker Krankenkasse,700.00,,PAYMENT_EVIDENCE_OR_PAYMENT_LIST,00_INBOX - Входящи - Eingang/Accounting_Organized/06_Bank_Payments/11-2021 #9109.pdf,"tand: 986,17 Höhe der eingeräumten Kontoüberziehung: 0,00 Auftraggeber/Begünstigter Buchung Wertstellung Art Verwendungszweck Betrag in € Krasimir Kalev 02.11.2021 02.11.2021 Überweisung Vorauszahlung 10/2021 -700,00 Martin Visa Card 02.11.2021 02.11.2021 Überweisung transfer -100,00 Techniker Krankenkasse 02.11.2021 02.11.2021 Überweisung Referenz 5205586380Mandat MD5206418 F1Einreicher-ID DE51TK100000031158B NR: 89",HIGH
NORMAL_MONTHLY_PAYMENT,Payment amount exists but no arrears context is stated.,2021-07-26,2021-11,Techniker Krankenkasse,700.00,,PAYMENT_EVIDENCE_OR_PAYMENT_LIST,00_INBOX - Входящи - Eingang/Accounting_Organized/06_Bank_Payments/11-2021 #9109__copy2.pdf,"tand: 986,17 Höhe der eingeräumten Kontoüberziehung: 0,00 Auftraggeber/Begünstigter Buchung Wertstellung Art Verwendungszweck Betrag in € Krasimir Kalev 02.11.2021 02.11.2021 Überweisung Vorauszahlung 10/2021 -700,00 Martin Visa Card 02.11.2021 02.11.2021 Überweisung transfer -100,00 Techniker Krankenkasse 02.11.2021 02.11.2021 Überweisung Referenz 5205586380Mandat MD5206418 F1Einreicher-ID DE51TK100000031158B NR: 89",HIGH
NORMAL_MONTHLY_PAYMENT,Payment amount exists but no arrears context is stated.,,2021-09,AOK Plus,-500.00,,HEALTH_INSURANCE_EXTRACTED_ROW,00_INBOX - Входящи - Eingang/Accounting_Organized/04_Health_Insurance/09-2021 #9109.pdf,"Beitraege 08/21 -1.701,61",HIGH
NORMAL_MONTHLY_PAYMENT,Payment amount exists but no arrears context is stated.,,2021-11,AOK Plus,-700.00,-41.60,HEALTH_INSURANCE_EXTRACTED_ROW,00_INBOX - Входящи - Eingang/Accounting_Organized/04_Health_Insurance/11-2021 #9109.pdf,"Beitraege1 0/21 -12,00",HIGH
NORMAL_MONTHLY_PAYMENT,Payment amount exists but no arrears context is stated.,2021-11-30,2022-02,AOK,10000.00,,PAYMENT_EVIDENCE_OR_PAYMENT_LIST,00_INBOX - Входящи - Eingang/Accounting/8. Überweisungsnachweise bzw. Barzahlungsquittungen/old/bankstatementsfrom2022untilnow/02-2022 #9120.pdf,"/Begünstigter Buchung Wertstellung Art Verwendungszweck Betrag in € MARTIN ZAHARIEV 08.03.2022 08.03.2022 Gutschrift Transfer 10.000,00 Wohnung Chemnitz 07.03.2022 07.03.2022 Überweisung 26997/8275/27/117 1079,95 Miete 03. 22 -1.079,95 MARTIN ZAHARIEV 07.03.2022 07.03.2022 Gutschrift Transfer 500,00 03.03.2022 03.03.2022 Entgelt Entgelt Benachrichtigung nicht ausführbarer Auftrag siehe Anlage zum Auszug -0,85 Wohnung",HIGH
NORMAL_MONTHLY_PAYMENT,Payment amount exists but no arrears context is stated.,2021-11-30,2022-02,AOK,10000.00,,PAYMENT_EVIDENCE_OR_PAYMENT_LIST,00_INBOX - Входящи - Eingang/Accounting_Organized/06_Bank_Payments/02-2022 #9120.pdf,"/Begünstigter Buchung Wertstellung Art Verwendungszweck Betrag in € MARTIN ZAHARIEV 08.03.2022 08.03.2022 Gutschrift Transfer 10.000,00 Wohnung Chemnitz 07.03.2022 07.03.2022 Überweisung 26997/8275/27/117 1079,95 Miete 03. 22 -1.079,95 MARTIN ZAHARIEV 07.03.2022 07.03.2022 Gutschrift Transfer 500,00 03.03.2022 03.03.2022 Entgelt Entgelt Benachrichtigung nicht ausführbarer Auftrag siehe Anlage zum Auszug -0,85 Wohnung",HIGH
NORMAL_MONTHLY_PAYMENT,Payment amount exists but no arrears context is stated.,2021-11-30,2022-02,AOK,10000.00,,PAYMENT_EVIDENCE_OR_PAYMENT_LIST,00_INBOX - Входящи - Eingang/Accounting_Organized/06_Bank_Payments/02-2022 #9120__copy2.pdf,"/Begünstigter Buchung Wertstellung Art Verwendungszweck Betrag in € MARTIN ZAHARIEV 08.03.2022 08.03.2022 Gutschrift Transfer 10.000,00 Wohnung Chemnitz 07.03.2022 07.03.2022 Überweisung 26997/8275/27/117 1079,95 Miete 03. 22 -1.079,95 MARTIN ZAHARIEV 07.03.2022 07.03.2022 Gutschrift Transfer 500,00 03.03.2022 03.03.2022 Entgelt Entgelt Benachrichtigung nicht ausführbarer Auftrag siehe Anlage zum Auszug -0,85 Wohnung",HIGH
NORMAL_MONTHLY_PAYMENT,Payment amount exists but no arrears context is stated.,2021-11-30,2022-02,AOK Hessen,949.37,,PAYMENT_EVIDENCE_OR_PAYMENT_LIST,00_INBOX - Входящи - Eingang/Accounting/8. Überweisungsnachweise bzw. Barzahlungsquittungen/old/###########          2022-2023/02-2022 #9109.pdf,"22 in € Aktueller Kontostand: 80.352,24 Höhe der eingeräumten Kontoüberziehung: 0,00 Auftraggeber/Begünstigter Buchung Wertstellung Art Verwendungszweck Betrag in € Techniker Krankenkasse 09.03.2022 09.03.2022 Lastschrift Referenz 9900077407 Mandat MD5206418F1 Einreicher-ID DE51TK100000031158 BNR: 89878877 B565001S0C5 Beitraege 02/22 -949,37 AOK PLUS - Die Gesundheitskasse fur 08.03.2022 08.03.2022 Überweisung 061442",HIGH
NORMAL_MONTHLY_PAYMENT,Payment amount exists but no arrears context is stated.,2021-11-30,2022-02,AOK Hessen,949.37,,PAYMENT_EVIDENCE_OR_PAYMENT_LIST,00_INBOX - Входящи - Eingang/Accounting/8. Überweisungsnachweise bzw. Barzahlungsquittungen/old/2021/02-2022 #9109.pdf,"22 in € Aktueller Kontostand: 80.352,24 Höhe der eingeräumten Kontoüberziehung: 0,00 Auftraggeber/Begünstigter Buchung Wertstellung Art Verwendungszweck Betrag in € Techniker Krankenkasse 09.03.2022 09.03.2022 Lastschrift Referenz 9900077407 Mandat MD5206418F1 Einreicher-ID DE51TK100000031158 BNR: 89878877 B565001S0C5 Beitraege 02/22 -949,37 AOK PLUS - Die Gesundheitskasse fur 08.03.2022 08.03.2022 Überweisung 061442",HIGH
NORMAL_MONTHLY_PAYMENT,Payment amount exists but no arrears context is stated.,2021-11-30,2022-02,AOK Hessen,949.37,,PAYMENT_EVIDENCE_OR_PAYMENT_LIST,00_INBOX - Входящи - Eingang/Accounting/8. Überweisungsnachweise bzw. Barzahlungsquittungen/old/bankstatementsfrom2022untilnow/02-2022 #9109.pdf,"22 in € Aktueller Kontostand: 80.352,24 Höhe der eingeräumten Kontoüberziehung: 0,00 Auftraggeber/Begünstigter Buchung Wertstellung Art Verwendungszweck Betrag in € Techniker Krankenkasse 09.03.2022 09.03.2022 Lastschrift Referenz 9900077407 Mandat MD5206418F1 Einreicher-ID DE51TK100000031158 BNR: 89878877 B565001S0C5 Beitraege 02/22 -949,37 AOK PLUS - Die Gesundheitskasse fur 08.03.2022 08.03.2022 Überweisung 061442",HIGH
NORMAL_MONTHLY_PAYMENT,Payment amount exists but no arrears context is stated.,2021-11-30,2022-02,AOK Hessen,949.37,,PAYMENT_EVIDENCE_OR_PAYMENT_LIST,00_INBOX - Входящи - Eingang/Accounting_Organized/04_Health_Insurance/02-2022 #9109.pdf,"22 in € Aktueller Kontostand: 80.352,24 Höhe der eingeräumten Kontoüberziehung: 0,00 Auftraggeber/Begünstigter Buchung Wertstellung Art Verwendungszweck Betrag in € Techniker Krankenkasse 09.03.2022 09.03.2022 Lastschrift Referenz 9900077407 Mandat MD5206418F1 Einreicher-ID DE51TK100000031158 BNR: 89878877 B565001S0C5 Beitraege 02/22 -949,37 AOK PLUS - Die Gesundheitskasse fur 08.03.2022 08.03.2022 Überweisung 061442",HIGH
NORMAL_MONTHLY_PAYMENT,Payment amount exists but no arrears context is stated.,2021-11-30,2022-02,AOK Hessen,949.37,,PAYMENT_EVIDENCE_OR_PAYMENT_LIST,00_INBOX - Входящи - Eingang/Accounting_Organized/06_Bank_Payments/02-2022 #9109.pdf,"22 in € Aktueller Kontostand: 80.352,24 Höhe der eingeräumten Kontoüberziehung: 0,00 Auftraggeber/Begünstigter Buchung Wertstellung Art Verwendungszweck Betrag in € Techniker Krankenkasse 09.03.2022 09.03.2022 Lastschrift Referenz 9900077407 Mandat MD5206418F1 Einreicher-ID DE51TK100000031158 BNR: 89878877 B565001S0C5 Beitraege 02/22 -949,37 AOK PLUS - Die Gesundheitskasse fur 08.03.2022 08.03.2022 Überweisung 061442",HIGH
NORMAL_MONTHLY_PAYMENT,Payment amount exists but no arrears context is stated.,2021-11-30,2022-02,AOK Hessen,949.37,,PAYMENT_EVIDENCE_OR_PAYMENT_LIST,00_INBOX - Входящи - Eingang/Accounting_Organized/06_Bank_Payments/02-2022 #9109__copy2.pdf,"22 in € Aktueller Kontostand: 80.352,24 Höhe der eingeräumten Kontoüberziehung: 0,00 Auftraggeber/Begünstigter Buchung Wertstellung Art Verwendungszweck Betrag in € Techniker Krankenkasse 09.03.2022 09.03.2022 Lastschrift Referenz 9900077407 Mandat MD5206418F1 Einreicher-ID DE51TK100000031158 BNR: 89878877 B565001S0C5 Beitraege 02/22 -949,37 AOK PLUS - Die Gesundheitskasse fur 08.03.2022 08.03.2022 Überweisung 061442",HIGH
NORMAL_MONTHLY_PAYMENT,Payment amount exists but no arrears context is stated.,2021-11-30,2022-02,AOK Hessen,949.37,,PAYMENT_EVIDENCE_OR_PAYMENT_LIST,00_INBOX - Входящи - Eingang/Accounting_Organized/14_Duplicates/02-2022 #9109.pdf,"22 in € Aktueller Kontostand: 80.352,24 Höhe der eingeräumten Kontoüberziehung: 0,00 Auftraggeber/Begünstigter Buchung Wertstellung Art Verwendungszweck Betrag in € Techniker Krankenkasse 09.03.2022 09.03.2022 Lastschrift Referenz 9900077407 Mandat MD5206418F1 Einreicher-ID DE51TK100000031158 BNR: 89878877 B565001S0C5 Beitraege 02/22 -949,37 AOK PLUS - Die Gesundheitskasse fur 08.03.2022 08.03.2022 Überweisung 061442",HIGH
NORMAL_MONTHLY_PAYMENT,Payment amount exists but no arrears context is stated.,2021-11-30,2022-02,AOK Hessen,949.37,,PAYMENT_EVIDENCE_OR_PAYMENT_LIST,00_INBOX - Входящи - Eingang/Accounting_Organized/14_Duplicates/02-2022 #9109__copy2.pdf,"22 in € Aktueller Kontostand: 80.352,24 Höhe der eingeräumten Kontoüberziehung: 0,00 Auftraggeber/Begünstigter Buchung Wertstellung Art Verwendungszweck Betrag in € Techniker Krankenkasse 09.03.2022 09.03.2022 Lastschrift Referenz 9900077407 Mandat MD5206418F1 Einreicher-ID DE51TK100000031158 BNR: 89878877 B565001S0C5 Beitraege 02/22 -949,37 AOK PLUS - Die Gesundheitskasse fur 08.03.2022 08.03.2022 Überweisung 061442",HIGH
NORMAL_MONTHLY_PAYMENT,Payment amount exists but no arrears context is stated.,2021-11-30,2022-02,AOK Hessen,949.37,,PAYMENT_EVIDENCE_OR_PAYMENT_LIST,00_INBOX - Входящи - Eingang/Accounting_Organized/14_Duplicates/02-2022 #9109__copy3.pdf,"22 in € Aktueller Kontostand: 80.352,24 Höhe der eingeräumten Kontoüberziehung: 0,00 Auftraggeber/Begünstigter Buchung Wertstellung Art Verwendungszweck Betrag in € Techniker Krankenkasse 09.03.2022 09.03.2022 Lastschrift Referenz 9900077407 Mandat MD5206418F1 Einreicher-ID DE51TK100000031158 BNR: 89878877 B565001S0C5 Beitraege 02/22 -949,37 AOK PLUS - Die Gesundheitskasse fur 08.03.2022 08.03.2022 Überweisung 061442",HIGH
NORMAL_MONTHLY_PAYMENT,Payment amount exists but no arrears context is stated.,2021-11-30,2022-02,AOK Hessen,949.37,,PAYMENT_EVIDENCE_OR_PAYMENT_LIST,00_INBOX - Входящи - Eingang/Accounting_Organized/14_Duplicates/02-2022 #9109__copy4.pdf,"22 in € Aktueller Kontostand: 80.352,24 Höhe der eingeräumten Kontoüberziehung: 0,00 Auftraggeber/Begünstigter Buchung Wertstellung Art Verwendungszweck Betrag in € Techniker Krankenkasse 09.03.2022 09.03.2022 Lastschrift Referenz 9900077407 Mandat MD5206418F1 Einreicher-ID DE51TK100000031158 BNR: 89878877 B565001S0C5 Beitraege 02/22 -949,37 AOK PLUS - Die Gesundheitskasse fur 08.03.2022 08.03.2022 Überweisung 061442",HIGH
NORMAL_MONTHLY_PAYMENT,Payment amount exists but no arrears context is stated.,2021-11-30,2022-02,AOK Hessen,949.37,,PAYMENT_EVIDENCE_OR_PAYMENT_LIST,00_INBOX - Входящи - Eingang/Accounting_Organized/14_Duplicates/02-2022 #9109__copy5.pdf,"22 in € Aktueller Kontostand: 80.352,24 Höhe der eingeräumten Kontoüberziehung: 0,00 Auftraggeber/Begünstigter Buchung Wertstellung Art Verwendungszweck Betrag in € Techniker Krankenkasse 09.03.2022 09.03.2022 Lastschrift Referenz 9900077407 Mandat MD5206418F1 Einreicher-ID DE51TK100000031158 BNR: 89878877 B565001S0C5 Beitraege 02/22 -949,37 AOK PLUS - Die Gesundheitskasse fur 08.03.2022 08.03.2022 Überweisung 061442",HIGH
NORMAL_MONTHLY_PAYMENT,Payment amount exists but no arrears context is stated.,2021-11-30,2022-02,AOK Hessen,949.37,,PAYMENT_EVIDENCE_OR_PAYMENT_LIST,00_INBOX - Входящи - Eingang/Accounting_Organized/14_Duplicates/02-2022 #9109__copy6.pdf,"22 in € Aktueller Kontostand: 80.352,24 Höhe der eingeräumten Kontoüberziehung: 0,00 Auftraggeber/Begünstigter Buchung Wertstellung Art Verwendungszweck Betrag in € Techniker Krankenkasse 09.03.2022 09.03.2022 Lastschrift Referenz 9900077407 Mandat MD5206418F1 Einreicher-ID DE51TK100000031158 BNR: 89878877 B565001S0C5 Beitraege 02/22 -949,37 AOK PLUS - Die Gesundheitskasse fur 08.03.2022 08.03.2022 Überweisung 061442",HIGH
NORMAL_MONTHLY_PAYMENT,Payment amount exists but no arrears context is stated.,2021-11-30,2022-02,AOK PLUS,949.37,,PAYMENT_EVIDENCE_OR_PAYMENT_LIST,00_INBOX - Входящи - Eingang/Accounting/8. Überweisungsnachweise bzw. Barzahlungsquittungen/old/###########          2022-2023/02-2022 #9109.pdf,"22 in € Aktueller Kontostand: 80.352,24 Höhe der eingeräumten Kontoüberziehung: 0,00 Auftraggeber/Begünstigter Buchung Wertstellung Art Verwendungszweck Betrag in € Techniker Krankenkasse 09.03.2022 09.03.2022 Lastschrift Referenz 9900077407 Mandat MD5206418F1 Einreicher-ID DE51TK100000031158 BNR: 89878877 B565001S0C5 Beitraege 02/22 -949,37 AOK PLUS - Die Gesundheitskasse fur 08.03.2022 08.03.2022 Überweisung 061442",HIGH
NORMAL_MONTHLY_PAYMENT,Payment amount exists but no arrears context is stated.,2021-11-30,2022-02,AOK PLUS,949.37,,PAYMENT_EVIDENCE_OR_PAYMENT_LIST,00_INBOX - Входящи - Eingang/Accounting/8. Überweisungsnachweise bzw. Barzahlungsquittungen/old/2021/02-2022 #9109.pdf,"22 in € Aktueller Kontostand: 80.352,24 Höhe der eingeräumten Kontoüberziehung: 0,00 Auftraggeber/Begünstigter Buchung Wertstellung Art Verwendungszweck Betrag in € Techniker Krankenkasse 09.03.2022 09.03.2022 Lastschrift Referenz 9900077407 Mandat MD5206418F1 Einreicher-ID DE51TK100000031158 BNR: 89878877 B565001S0C5 Beitraege 02/22 -949,37 AOK PLUS - Die Gesundheitskasse fur 08.03.2022 08.03.2022 Überweisung 061442",HIGH
NORMAL_MONTHLY_PAYMENT,Payment amount exists but no arrears context is stated.,2021-11-30,2022-02,AOK PLUS,949.37,,PAYMENT_EVIDENCE_OR_PAYMENT_LIST,00_INBOX - Входящи - Eingang/Accounting/8. Überweisungsnachweise bzw. Barzahlungsquittungen/old/bankstatementsfrom2022untilnow/02-2022 #9109.pdf,"22 in € Aktueller Kontostand: 80.352,24 Höhe der eingeräumten Kontoüberziehung: 0,00 Auftraggeber/Begünstigter Buchung Wertstellung Art Verwendungszweck Betrag in € Techniker Krankenkasse 09.03.2022 09.03.2022 Lastschrift Referenz 9900077407 Mandat MD5206418F1 Einreicher-ID DE51TK100000031158 BNR: 89878877 B565001S0C5 Beitraege 02/22 -949,37 AOK PLUS - Die Gesundheitskasse fur 08.03.2022 08.03.2022 Überweisung 061442",HIGH
NORMAL_MONTHLY_PAYMENT,Payment amount exists but no arrears context is stated.,2021-11-30,2022-02,AOK PLUS,949.37,,PAYMENT_EVIDENCE_OR_PAYMENT_LIST,00_INBOX - Входящи - Eingang/Accounting_Organized/04_Health_Insurance/02-2022 #9109.pdf,"22 in € Aktueller Kontostand: 80.352,24 Höhe der eingeräumten Kontoüberziehung: 0,00 Auftraggeber/Begünstigter Buchung Wertstellung Art Verwendungszweck Betrag in € Techniker Krankenkasse 09.03.2022 09.03.2022 Lastschrift Referenz 9900077407 Mandat MD5206418F1 Einreicher-ID DE51TK100000031158 BNR: 89878877 B565001S0C5 Beitraege 02/22 -949,37 AOK PLUS - Die Gesundheitskasse fur 08.03.2022 08.03.2022 Überweisung 061442",HIGH
NORMAL_MONTHLY_PAYMENT,Payment amount exists but no arrears context is stated.,2021-11-30,2022-02,AOK PLUS,949.37,,PAYMENT_EVIDENCE_OR_PAYMENT_LIST,00_INBOX - Входящи - Eingang/Accounting_Organized/06_Bank_Payments/02-2022 #9109.pdf,"22 in € Aktueller Kontostand: 80.352,24 Höhe der eingeräumten Kontoüberziehung: 0,00 Auftraggeber/Begünstigter Buchung Wertstellung Art Verwendungszweck Betrag in € Techniker Krankenkasse 09.03.2022 09.03.2022 Lastschrift Referenz 9900077407 Mandat MD5206418F1 Einreicher-ID DE51TK100000031158 BNR: 89878877 B565001S0C5 Beitraege 02/22 -949,37 AOK PLUS - Die Gesundheitskasse fur 08.03.2022 08.03.2022 Überweisung 061442",HIGH
NORMAL_MONTHLY_PAYMENT,Payment amount exists but no arrears context is stated.,2021-11-30,2022-02,AOK PLUS,949.37,,PAYMENT_EVIDENCE_OR_PAYMENT_LIST,00_INBOX - Входящи - Eingang/Accounting_Organized/06_Bank_Payments/02-2022 #9109__copy2.pdf,"22 in € Aktueller Kontostand: 80.352,24 Höhe der eingeräumten Kontoüberziehung: 0,00 Auftraggeber/Begünstigter Buchung Wertstellung Art Verwendungszweck Betrag in € Techniker Krankenkasse 09.03.2022 09.03.2022 Lastschrift Referenz 9900077407 Mandat MD5206418F1 Einreicher-ID DE51TK100000031158 BNR: 89878877 B565001S0C5 Beitraege 02/22 -949,37 AOK PLUS - Die Gesundheitskasse fur 08.03.2022 08.03.2022 Überweisung 061442",HIGH
NORMAL_MONTHLY_PAYMENT,Payment amount exists but no arrears context is stated.,2021-11-30,2022-02,AOK PLUS,949.37,,PAYMENT_EVIDENCE_OR_PAYMENT_LIST,00_INBOX - Входящи - Eingang/Accounting_Organized/14_Duplicates/02-2022 #9109.pdf,"22 in € Aktueller Kontostand: 80.352,24 Höhe der eingeräumten Kontoüberziehung: 0,00 Auftraggeber/Begünstigter Buchung Wertstellung Art Verwendungszweck Betrag in € Techniker Krankenkasse 09.03.2022 09.03.2022 Lastschrift Referenz 9900077407 Mandat MD5206418F1 Einreicher-ID DE51TK100000031158 BNR: 89878877 B565001S0C5 Beitraege 02/22 -949,37 AOK PLUS - Die Gesundheitskasse fur 08.03.2022 08.03.2022 Überweisung 061442",HIGH
NORMAL_MONTHLY_PAYMENT,Payment amount exists but no arrears context is stated.,2021-11-30,2022-02,AOK PLUS,949.37,,PAYMENT_EVIDENCE_OR_PAYMENT_LIST,00_INBOX - Входящи - Eingang/Accounting_Organized/14_Duplicates/02-2022 #9109__copy2.pdf,"22 in € Aktueller Kontostand: 80.352,24 Höhe der eingeräumten Kontoüberziehung: 0,00 Auftraggeber/Begünstigter Buchung Wertstellung Art Verwendungszweck Betrag in € Techniker Krankenkasse 09.03.2022 09.03.2022 Lastschrift Referenz 9900077407 Mandat MD5206418F1 Einreicher-ID DE51TK100000031158 BNR: 89878877 B565001S0C5 Beitraege 02/22 -949,37 AOK PLUS - Die Gesundheitskasse fur 08.03.2022 08.03.2022 Überweisung 061442",HIGH
NORMAL_MONTHLY_PAYMENT,Payment amount exists but no arrears context is stated.,2021-11-30,2022-02,AOK PLUS,949.37,,PAYMENT_EVIDENCE_OR_PAYMENT_LIST,00_INBOX - Входящи - Eingang/Accounting_Organized/14_Duplicates/02-2022 #9109__copy3.pdf,"22 in € Aktueller Kontostand: 80.352,24 Höhe der eingeräumten Kontoüberziehung: 0,00 Auftraggeber/Begünstigter Buchung Wertstellung Art Verwendungszweck Betrag in € Techniker Krankenkasse 09.03.2022 09.03.2022 Lastschrift Referenz 9900077407 Mandat MD5206418F1 Einreicher-ID DE51TK100000031158 BNR: 89878877 B565001S0C5 Beitraege 02/22 -949,37 AOK PLUS - Die Gesundheitskasse fur 08.03.2022 08.03.2022 Überweisung 061442",HIGH
NORMAL_MONTHLY_PAYMENT,Payment amount exists but no arrears context is stated.,2021-11-30,2022-02,AOK PLUS,949.37,,PAYMENT_EVIDENCE_OR_PAYMENT_LIST,00_INBOX - Входящи - Eingang/Accounting_Organized/14_Duplicates/02-2022 #9109__copy4.pdf,"22 in € Aktueller Kontostand: 80.352,24 Höhe der eingeräumten Kontoüberziehung: 0,00 Auftraggeber/Begünstigter Buchung Wertstellung Art Verwendungszweck Betrag in € Techniker Krankenkasse 09.03.2022 09.03.2022 Lastschrift Referenz 9900077407 Mandat MD5206418F1 Einreicher-ID DE51TK100000031158 BNR: 89878877 B565001S0C5 Beitraege 02/22 -949,37 AOK PLUS - Die Gesundheitskasse fur 08.03.2022 08.03.2022 Überweisung 061442",HIGH
NORMAL_MONTHLY_PAYMENT,Payment amount exists but no arrears context is stated.,2021-11-30,2022-02,AOK PLUS,949.37,,PAYMENT_EVIDENCE_OR_PAYMENT_LIST,00_INBOX - Входящи - Eingang/Accounting_Organized/14_Duplicates/02-2022 #9109__copy5.pdf,"22 in € Aktueller Kontostand: 80.352,24 Höhe der eingeräumten Kontoüberziehung: 0,00 Auftraggeber/Begünstigter Buchung Wertstellung Art Verwendungszweck Betrag in € Techniker Krankenkasse 09.03.2022 09.03.2022 Lastschrift Referenz 9900077407 Mandat MD5206418F1 Einreicher-ID DE51TK100000031158 BNR: 89878877 B565001S0C5 Beitraege 02/22 -949,37 AOK PLUS - Die Gesundheitskasse fur 08.03.2022 08.03.2022 Überweisung 061442",HIGH
NORMAL_MONTHLY_PAYMENT,Payment amount exists but no arrears context is stated.,2021-11-30,2022-02,AOK PLUS,949.37,,PAYMENT_EVIDENCE_OR_PAYMENT_LIST,00_INBOX - Входящи - Eingang/Accounting_Organized/14_Duplicates/02-2022 #9109__copy6.pdf,"22 in € Aktueller Kontostand: 80.352,24 Höhe der eingeräumten Kontoüberziehung: 0,00 Auftraggeber/Begünstigter Buchung Wertstellung Art Verwendungszweck Betrag in € Techniker Krankenkasse 09.03.2022 09.03.2022 Lastschrift Referenz 9900077407 Mandat MD5206418F1 Einreicher-ID DE51TK100000031158 BNR: 89878877 B565001S0C5 Beitraege 02/22 -949,37 AOK PLUS - Die Gesundheitskasse fur 08.03.2022 08.03.2022 Überweisung 061442",HIGH
NORMAL_MONTHLY_PAYMENT,Payment amount exists but no arrears context is stated.,2021-11-30,2022-02,Techniker Krankenkasse,949.37,,PAYMENT_EVIDENCE_OR_PAYMENT_LIST,00_INBOX - Входящи - Eingang/Accounting/8. Überweisungsnachweise bzw. Barzahlungsquittungen/old/###########          2022-2023/02-2022 #9109.pdf,"22 in € Aktueller Kontostand: 80.352,24 Höhe der eingeräumten Kontoüberziehung: 0,00 Auftraggeber/Begünstigter Buchung Wertstellung Art Verwendungszweck Betrag in € Techniker Krankenkasse 09.03.2022 09.03.2022 Lastschrift Referenz 9900077407 Mandat MD5206418F1 Einreicher-ID DE51TK100000031158 BNR: 89878877 B565001S0C5 Beitraege 02/22 -949,37 AOK PLUS - Die Gesundheitskasse fur 08.03.2022 08.03.2022 Überweisung 061442",HIGH
NORMAL_MONTHLY_PAYMENT,Payment amount exists but no arrears context is stated.,2021-11-30,2022-02,Techniker Krankenkasse,949.37,,PAYMENT_EVIDENCE_OR_PAYMENT_LIST,00_INBOX - Входящи - Eingang/Accounting/8. Überweisungsnachweise bzw. Barzahlungsquittungen/old/2021/02-2022 #9109.pdf,"22 in € Aktueller Kontostand: 80.352,24 Höhe der eingeräumten Kontoüberziehung: 0,00 Auftraggeber/Begünstigter Buchung Wertstellung Art Verwendungszweck Betrag in € Techniker Krankenkasse 09.03.2022 09.03.2022 Lastschrift Referenz 9900077407 Mandat MD5206418F1 Einreicher-ID DE51TK100000031158 BNR: 89878877 B565001S0C5 Beitraege 02/22 -949,37 AOK PLUS - Die Gesundheitskasse fur 08.03.2022 08.03.2022 Überweisung 061442",HIGH
NORMAL_MONTHLY_PAYMENT,Payment amount exists but no arrears context is stated.,2021-11-30,2022-02,Techniker Krankenkasse,949.37,,PAYMENT_EVIDENCE_OR_PAYMENT_LIST,00_INBOX - Входящи - Eingang/Accounting/8. Überweisungsnachweise bzw. Barzahlungsquittungen/old/bankstatementsfrom2022untilnow/02-2022 #9109.pdf,"22 in € Aktueller Kontostand: 80.352,24 Höhe der eingeräumten Kontoüberziehung: 0,00 Auftraggeber/Begünstigter Buchung Wertstellung Art Verwendungszweck Betrag in € Techniker Krankenkasse 09.03.2022 09.03.2022 Lastschrift Referenz 9900077407 Mandat MD5206418F1 Einreicher-ID DE51TK100000031158 BNR: 89878877 B565001S0C5 Beitraege 02/22 -949,37 AOK PLUS - Die Gesundheitskasse fur 08.03.2022 08.03.2022 Überweisung 061442",HIGH
NORMAL_MONTHLY_PAYMENT,Payment amount exists but no arrears context is stated.,2021-11-30,2022-02,Techniker Krankenkasse,949.37,,PAYMENT_EVIDENCE_OR_PAYMENT_LIST,00_INBOX - Входящи - Eingang/Accounting_Organized/04_Health_Insurance/02-2022 #9109.pdf,"22 in € Aktueller Kontostand: 80.352,24 Höhe der eingeräumten Kontoüberziehung: 0,00 Auftraggeber/Begünstigter Buchung Wertstellung Art Verwendungszweck Betrag in € Techniker Krankenkasse 09.03.2022 09.03.2022 Lastschrift Referenz 9900077407 Mandat MD5206418F1 Einreicher-ID DE51TK100000031158 BNR: 89878877 B565001S0C5 Beitraege 02/22 -949,37 AOK PLUS - Die Gesundheitskasse fur 08.03.2022 08.03.2022 Überweisung 061442",HIGH
NORMAL_MONTHLY_PAYMENT,Payment amount exists but no arrears context is stated.,2021-11-30,2022-02,Techniker Krankenkasse,949.37,,PAYMENT_EVIDENCE_OR_PAYMENT_LIST,00_INBOX - Входящи - Eingang/Accounting_Organized/06_Bank_Payments/02-2022 #9109.pdf,"22 in € Aktueller Kontostand: 80.352,24 Höhe der eingeräumten Kontoüberziehung: 0,00 Auftraggeber/Begünstigter Buchung Wertstellung Art Verwendungszweck Betrag in € Techniker Krankenkasse 09.03.2022 09.03.2022 Lastschrift Referenz 9900077407 Mandat MD5206418F1 Einreicher-ID DE51TK100000031158 BNR: 89878877 B565001S0C5 Beitraege 02/22 -949,37 AOK PLUS - Die Gesundheitskasse fur 08.03.2022 08.03.2022 Überweisung 061442",HIGH
NORMAL_MONTHLY_PAYMENT,Payment amount exists but no arrears context is stated.,2021-11-30,2022-02,Techniker Krankenkasse,949.37,,PAYMENT_EVIDENCE_OR_PAYMENT_LIST,00_INBOX - Входящи - Eingang/Accounting_Organized/06_Bank_Payments/02-2022 #9109__copy2.pdf,"22 in € Aktueller Kontostand: 80.352,24 Höhe der eingeräumten Kontoüberziehung: 0,00 Auftraggeber/Begünstigter Buchung Wertstellung Art Verwendungszweck Betrag in € Techniker Krankenkasse 09.03.2022 09.03.2022 Lastschrift Referenz 9900077407 Mandat MD5206418F1 Einreicher-ID DE51TK100000031158 BNR: 89878877 B565001S0C5 Beitraege 02/22 -949,37 AOK PLUS - Die Gesundheitskasse fur 08.03.2022 08.03.2022 Überweisung 061442",HIGH
NORMAL_MONTHLY_PAYMENT,Payment amount exists but no arrears context is stated.,2021-11-30,2022-02,Techniker Krankenkasse,949.37,,PAYMENT_EVIDENCE_OR_PAYMENT_LIST,00_INBOX - Входящи - Eingang/Accounting_Organized/14_Duplicates/02-2022 #9109.pdf,"22 in € Aktueller Kontostand: 80.352,24 Höhe der eingeräumten Kontoüberziehung: 0,00 Auftraggeber/Begünstigter Buchung Wertstellung Art Verwendungszweck Betrag in € Techniker Krankenkasse 09.03.2022 09.03.2022 Lastschrift Referenz 9900077407 Mandat MD5206418F1 Einreicher-ID DE51TK100000031158 BNR: 89878877 B565001S0C5 Beitraege 02/22 -949,37 AOK PLUS - Die Gesundheitskasse fur 08.03.2022 08.03.2022 Überweisung 061442",HIGH
NORMAL_MONTHLY_PAYMENT,Payment amount exists but no arrears context is stated.,2021-11-30,2022-02,Techniker Krankenkasse,949.37,,PAYMENT_EVIDENCE_OR_PAYMENT_LIST,00_INBOX - Входящи - Eingang/Accounting_Organized/14_Duplicates/02-2022 #9109__copy2.pdf,"22 in € Aktueller Kontostand: 80.352,24 Höhe der eingeräumten Kontoüberziehung: 0,00 Auftraggeber/Begünstigter Buchung Wertstellung Art Verwendungszweck Betrag in € Techniker Krankenkasse 09.03.2022 09.03.2022 Lastschrift Referenz 9900077407 Mandat MD5206418F1 Einreicher-ID DE51TK100000031158 BNR: 89878877 B565001S0C5 Beitraege 02/22 -949,37 AOK PLUS - Die Gesundheitskasse fur 08.03.2022 08.03.2022 Überweisung 061442",HIGH
NORMAL_MONTHLY_PAYMENT,Payment amount exists but no arrears context is stated.,2021-11-30,2022-02,Techniker Krankenkasse,949.37,,PAYMENT_EVIDENCE_OR_PAYMENT_LIST,00_INBOX - Входящи - Eingang/Accounting_Organized/14_Duplicates/02-2022 #9109__copy3.pdf,"22 in € Aktueller Kontostand: 80.352,24 Höhe der eingeräumten Kontoüberziehung: 0,00 Auftraggeber/Begünstigter Buchung Wertstellung Art Verwendungszweck Betrag in € Techniker Krankenkasse 09.03.2022 09.03.2022 Lastschrift Referenz 9900077407 Mandat MD5206418F1 Einreicher-ID DE51TK100000031158 BNR: 89878877 B565001S0C5 Beitraege 02/22 -949,37 AOK PLUS - Die Gesundheitskasse fur 08.03.2022 08.03.2022 Überweisung 061442",HIGH
NORMAL_MONTHLY_PAYMENT,Payment amount exists but no arrears context is stated.,2021-11-30,2022-02,Techniker Krankenkasse,949.37,,PAYMENT_EVIDENCE_OR_PAYMENT_LIST,00_INBOX - Входящи - Eingang/Accounting_Organized/14_Duplicates/02-2022 #9109__copy4.pdf,"22 in € Aktueller Kontostand: 80.352,24 Höhe der eingeräumten Kontoüberziehung: 0,00 Auftraggeber/Begünstigter Buchung Wertstellung Art Verwendungszweck Betrag in € Techniker Krankenkasse 09.03.2022 09.03.2022 Lastschrift Referenz 9900077407 Mandat MD5206418F1 Einreicher-ID DE51TK100000031158 BNR: 89878877 B565001S0C5 Beitraege 02/22 -949,37 AOK PLUS - Die Gesundheitskasse fur 08.03.2022 08.03.2022 Überweisung 061442",HIGH
NORMAL_MONTHLY_PAYMENT,Payment amount exists but no arrears context is stated.,2021-11-30,2022-02,Techniker Krankenkasse,949.37,,PAYMENT_EVIDENCE_OR_PAYMENT_LIST,00_INBOX - Входящи - Eingang/Accounting_Organized/14_Duplicates/02-2022 #9109__copy5.pdf,"22 in € Aktueller Kontostand: 80.352,24 Höhe der eingeräumten Kontoüberziehung: 0,00 Auftraggeber/Begünstigter Buchung Wertstellung Art Verwendungszweck Betrag in € Techniker Krankenkasse 09.03.2022 09.03.2022 Lastschrift Referenz 9900077407 Mandat MD5206418F1 Einreicher-ID DE51TK100000031158 BNR: 89878877 B565001S0C5 Beitraege 02/22 -949,37 AOK PLUS - Die Gesundheitskasse fur 08.03.2022 08.03.2022 Überweisung 061442",HIGH
NORMAL_MONTHLY_PAYMENT,Payment amount exists but no arrears context is stated.,2021-11-30,2022-02,Techniker Krankenkasse,949.37,,PAYMENT_EVIDENCE_OR_PAYMENT_LIST,00_INBOX - Входящи - Eingang/Accounting_Organized/14_Duplicates/02-2022 #9109__copy6.pdf,"22 in € Aktueller Kontostand: 80.352,24 Höhe der eingeräumten Kontoüberziehung: 0,00 Auftraggeber/Begünstigter Buchung Wertstellung Art Verwendungszweck Betrag in € Techniker Krankenkasse 09.03.2022 09.03.2022 Lastschrift Referenz 9900077407 Mandat MD5206418F1 Einreicher-ID DE51TK100000031158 BNR: 89878877 B565001S0C5 Beitraege 02/22 -949,37 AOK PLUS - Die Gesundheitskasse fur 08.03.2022 08.03.2022 Überweisung 061442",HIGH
NORMAL_MONTHLY_PAYMENT,Payment amount exists but no arrears context is stated.,2021-11-30,2022-02,VIACTIV,949.37,,PAYMENT_EVIDENCE_OR_PAYMENT_LIST,00_INBOX - Входящи - Eingang/Accounting/8. Überweisungsnachweise bzw. Barzahlungsquittungen/old/###########          2022-2023/02-2022 #9109.pdf,"22 in € Aktueller Kontostand: 80.352,24 Höhe der eingeräumten Kontoüberziehung: 0,00 Auftraggeber/Begünstigter Buchung Wertstellung Art Verwendungszweck Betrag in € Techniker Krankenkasse 09.03.2022 09.03.2022 Lastschrift Referenz 9900077407 Mandat MD5206418F1 Einreicher-ID DE51TK100000031158 BNR: 89878877 B565001S0C5 Beitraege 02/22 -949,37 AOK PLUS - Die Gesundheitskasse fur 08.03.2022 08.03.2022 Überweisung 061442",HIGH
NORMAL_MONTHLY_PAYMENT,Payment amount exists but no arrears context is stated.,2021-11-30,2022-02,VIACTIV,949.37,,PAYMENT_EVIDENCE_OR_PAYMENT_LIST,00_INBOX - Входящи - Eingang/Accounting/8. Überweisungsnachweise bzw. Barzahlungsquittungen/old/2021/02-2022 #9109.pdf,"22 in € Aktueller Kontostand: 80.352,24 Höhe der eingeräumten Kontoüberziehung: 0,00 Auftraggeber/Begünstigter Buchung Wertstellung Art Verwendungszweck Betrag in € Techniker Krankenkasse 09.03.2022 09.03.2022 Lastschrift Referenz 9900077407 Mandat MD5206418F1 Einreicher-ID DE51TK100000031158 BNR: 89878877 B565001S0C5 Beitraege 02/22 -949,37 AOK PLUS - Die Gesundheitskasse fur 08.03.2022 08.03.2022 Überweisung 061442",HIGH
NORMAL_MONTHLY_PAYMENT,Payment amount exists but no arrears context is stated.,2021-11-30,2022-02,VIACTIV,949.37,,PAYMENT_EVIDENCE_OR_PAYMENT_LIST,00_INBOX - Входящи - Eingang/Accounting/8. Überweisungsnachweise bzw. Barzahlungsquittungen/old/bankstatementsfrom2022untilnow/02-2022 #9109.pdf,"22 in € Aktueller Kontostand: 80.352,24 Höhe der eingeräumten Kontoüberziehung: 0,00 Auftraggeber/Begünstigter Buchung Wertstellung Art Verwendungszweck Betrag in € Techniker Krankenkasse 09.03.2022 09.03.2022 Lastschrift Referenz 9900077407 Mandat MD5206418F1 Einreicher-ID DE51TK100000031158 BNR: 89878877 B565001S0C5 Beitraege 02/22 -949,37 AOK PLUS - Die Gesundheitskasse fur 08.03.2022 08.03.2022 Überweisung 061442",HIGH
NORMAL_MONTHLY_PAYMENT,Payment amount exists but no arrears context is stated.,2021-11-30,2022-02,VIACTIV,949.37,,PAYMENT_EVIDENCE_OR_PAYMENT_LIST,00_INBOX - Входящи - Eingang/Accounting_Organized/04_Health_Insurance/02-2022 #9109.pdf,"22 in € Aktueller Kontostand: 80.352,24 Höhe der eingeräumten Kontoüberziehung: 0,00 Auftraggeber/Begünstigter Buchung Wertstellung Art Verwendungszweck Betrag in € Techniker Krankenkasse 09.03.2022 09.03.2022 Lastschrift Referenz 9900077407 Mandat MD5206418F1 Einreicher-ID DE51TK100000031158 BNR: 89878877 B565001S0C5 Beitraege 02/22 -949,37 AOK PLUS - Die Gesundheitskasse fur 08.03.2022 08.03.2022 Überweisung 061442",HIGH
NORMAL_MONTHLY_PAYMENT,Payment amount exists but no arrears context is stated.,2021-11-30,2022-02,VIACTIV,949.37,,PAYMENT_EVIDENCE_OR_PAYMENT_LIST,00_INBOX - Входящи - Eingang/Accounting_Organized/06_Bank_Payments/02-2022 #9109.pdf,"22 in € Aktueller Kontostand: 80.352,24 Höhe der eingeräumten Kontoüberziehung: 0,00 Auftraggeber/Begünstigter Buchung Wertstellung Art Verwendungszweck Betrag in € Techniker Krankenkasse 09.03.2022 09.03.2022 Lastschrift Referenz 9900077407 Mandat MD5206418F1 Einreicher-ID DE51TK100000031158 BNR: 89878877 B565001S0C5 Beitraege 02/22 -949,37 AOK PLUS - Die Gesundheitskasse fur 08.03.2022 08.03.2022 Überweisung 061442",HIGH
NORMAL_MONTHLY_PAYMENT,Payment amount exists but no arrears context is stated.,2021-11-30,2022-02,VIACTIV,949.37,,PAYMENT_EVIDENCE_OR_PAYMENT_LIST,00_INBOX - Входящи - Eingang/Accounting_Organized/06_Bank_Payments/02-2022 #9109__copy2.pdf,"22 in € Aktueller Kontostand: 80.352,24 Höhe der eingeräumten Kontoüberziehung: 0,00 Auftraggeber/Begünstigter Buchung Wertstellung Art Verwendungszweck Betrag in € Techniker Krankenkasse 09.03.2022 09.03.2022 Lastschrift Referenz 9900077407 Mandat MD5206418F1 Einreicher-ID DE51TK100000031158 BNR: 89878877 B565001S0C5 Beitraege 02/22 -949,37 AOK PLUS - Die Gesundheitskasse fur 08.03.2022 08.03.2022 Überweisung 061442",HIGH
NORMAL_MONTHLY_PAYMENT,Payment amount exists but no arrears context is stated.,2021-11-30,2022-02,VIACTIV,949.37,,PAYMENT_EVIDENCE_OR_PAYMENT_LIST,00_INBOX - Входящи - Eingang/Accounting_Organized/14_Duplicates/02-2022 #9109.pdf,"22 in € Aktueller Kontostand: 80.352,24 Höhe der eingeräumten Kontoüberziehung: 0,00 Auftraggeber/Begünstigter Buchung Wertstellung Art Verwendungszweck Betrag in € Techniker Krankenkasse 09.03.2022 09.03.2022 Lastschrift Referenz 9900077407 Mandat MD5206418F1 Einreicher-ID DE51TK100000031158 BNR: 89878877 B565001S0C5 Beitraege 02/22 -949,37 AOK PLUS - Die Gesundheitskasse fur 08.03.2022 08.03.2022 Überweisung 061442",HIGH
NORMAL_MONTHLY_PAYMENT,Payment amount exists but no arrears context is stated.,2021-11-30,2022-02,VIACTIV,949.37,,PAYMENT_EVIDENCE_OR_PAYMENT_LIST,00_INBOX - Входящи - Eingang/Accounting_Organized/14_Duplicates/02-2022 #9109__copy2.pdf,"22 in € Aktueller Kontostand: 80.352,24 Höhe der eingeräumten Kontoüberziehung: 0,00 Auftraggeber/Begünstigter Buchung Wertstellung Art Verwendungszweck Betrag in € Techniker Krankenkasse 09.03.2022 09.03.2022 Lastschrift Referenz 9900077407 Mandat MD5206418F1 Einreicher-ID DE51TK100000031158 BNR: 89878877 B565001S0C5 Beitraege 02/22 -949,37 AOK PLUS - Die Gesundheitskasse fur 08.03.2022 08.03.2022 Überweisung 061442",HIGH
NORMAL_MONTHLY_PAYMENT,Payment amount exists but no arrears context is stated.,2021-11-30,2022-02,VIACTIV,949.37,,PAYMENT_EVIDENCE_OR_PAYMENT_LIST,00_INBOX - Входящи - Eingang/Accounting_Organized/14_Duplicates/02-2022 #9109__copy3.pdf,"22 in € Aktueller Kontostand: 80.352,24 Höhe der eingeräumten Kontoüberziehung: 0,00 Auftraggeber/Begünstigter Buchung Wertstellung Art Verwendungszweck Betrag in € Techniker Krankenkasse 09.03.2022 09.03.2022 Lastschrift Referenz 9900077407 Mandat MD5206418F1 Einreicher-ID DE51TK100000031158 BNR: 89878877 B565001S0C5 Beitraege 02/22 -949,37 AOK PLUS - Die Gesundheitskasse fur 08.03.2022 08.03.2022 Überweisung 061442",HIGH
NORMAL_MONTHLY_PAYMENT,Payment amount exists but no arrears context is stated.,2021-11-30,2022-02,VIACTIV,949.37,,PAYMENT_EVIDENCE_OR_PAYMENT_LIST,00_INBOX - Входящи - Eingang/Accounting_Organized/14_Duplicates/02-2022 #9109__copy4.pdf,"22 in € Aktueller Kontostand: 80.352,24 Höhe der eingeräumten Kontoüberziehung: 0,00 Auftraggeber/Begünstigter Buchung Wertstellung Art Verwendungszweck Betrag in € Techniker Krankenkasse 09.03.2022 09.03.2022 Lastschrift Referenz 9900077407 Mandat MD5206418F1 Einreicher-ID DE51TK100000031158 BNR: 89878877 B565001S0C5 Beitraege 02/22 -949,37 AOK PLUS - Die Gesundheitskasse fur 08.03.2022 08.03.2022 Überweisung 061442",HIGH
NORMAL_MONTHLY_PAYMENT,Payment amount exists but no arrears context is stated.,2021-11-30,2022-02,VIACTIV,949.37,,PAYMENT_EVIDENCE_OR_PAYMENT_LIST,00_INBOX - Входящи - Eingang/Accounting_Organized/14_Duplicates/02-2022 #9109__copy5.pdf,"22 in € Aktueller Kontostand: 80.352,24 Höhe der eingeräumten Kontoüberziehung: 0,00 Auftraggeber/Begünstigter Buchung Wertstellung Art Verwendungszweck Betrag in € Techniker Krankenkasse 09.03.2022 09.03.2022 Lastschrift Referenz 9900077407 Mandat MD5206418F1 Einreicher-ID DE51TK100000031158 BNR: 89878877 B565001S0C5 Beitraege 02/22 -949,37 AOK PLUS - Die Gesundheitskasse fur 08.03.2022 08.03.2022 Überweisung 061442",HIGH
NORMAL_MONTHLY_PAYMENT,Payment amount exists but no arrears context is stated.,2021-11-30,2022-02,VIACTIV,949.37,,PAYMENT_EVIDENCE_OR_PAYMENT_LIST,00_INBOX - Входящи - Eingang/Accounting_Organized/14_Duplicates/02-2022 #9109__copy6.pdf,"22 in € Aktueller Kontostand: 80.352,24 Höhe der eingeräumten Kontoüberziehung: 0,00 Auftraggeber/Begünstigter Buchung Wertstellung Art Verwendungszweck Betrag in € Techniker Krankenkasse 09.03.2022 09.03.2022 Lastschrift Referenz 9900077407 Mandat MD5206418F1 Einreicher-ID DE51TK100000031158 BNR: 89878877 B565001S0C5 Beitraege 02/22 -949,37 AOK PLUS - Die Gesundheitskasse fur 08.03.2022 08.03.2022 Überweisung 061442",HIGH
NORMAL_MONTHLY_PAYMENT,Payment amount exists but no arrears context is stated.,,2021-12,AOK Plus,-1000.00,,HEALTH_INSURANCE_EXTRACTED_ROW,00_INBOX - Входящи - Eingang/Accounting_Organized/04_Health_Insurance/12-2021 #9109.pdf,"Beitraege 11/21 -923,29",HIGH
NORMAL_MONTHLY_PAYMENT,Payment amount exists but no arrears context is stated.,,2022-01,AOK Plus,946.00,,HEALTH_INSURANCE_EXTRACTED_ROW,00_INBOX - Входящи - Eingang/Accounting_Organized/02_Payroll/10001_06_2025_Div_Auswertungen_Div_Mitarbeiter.pdf,"bezahlter Urlaub2000 Gehalt L L J 946,00",HIGH
NORMAL_MONTHLY_PAYMENT,Payment amount exists but no arrears context is stated.,2022-01-31,2022-04,AOK,10000.00,,PAYMENT_EVIDENCE_OR_PAYMENT_LIST,00_INBOX - Входящи - Eingang/Accounting/8. Überweisungsnachweise bzw. Barzahlungsquittungen/old/bankstatementsfrom2022untilnow/2022/04-2022 #9120.pdf,"r Buchung Wertstellung Art Verwendungszweck Betrag in € MARTIN ZAHARIEV 09.05.2022 09.05.2022 Gutschrift transfer 10.000,00 EINS ENERGIE IN SACHSEN GMBH 06.05.2022 06.05.2022 Überweisung 82656057 -92,50 United Parcel Service DE 04.05.2022 04.05.2022 Überweisung 51210600 -27,27 03.05.2022 03.05.2022 Entgelt Entgelt Benachrichtigung nicht ausführbarer Auftrag siehe Anlage zum Auszug -0,85 Wohnungsbaugenossenschaft Chem",HIGH
NORMAL_MONTHLY_PAYMENT,Payment amount exists but no arrears context is stated.,2022-01-31,2022-04,AOK,10000.00,,PAYMENT_EVIDENCE_OR_PAYMENT_LIST,00_INBOX - Входящи - Eingang/Accounting_Organized/06_Bank_Payments/04-2022 #9120.pdf,"r Buchung Wertstellung Art Verwendungszweck Betrag in € MARTIN ZAHARIEV 09.05.2022 09.05.2022 Gutschrift transfer 10.000,00 EINS ENERGIE IN SACHSEN GMBH 06.05.2022 06.05.2022 Überweisung 82656057 -92,50 United Parcel Service DE 04.05.2022 04.05.2022 Überweisung 51210600 -27,27 03.05.2022 03.05.2022 Entgelt Entgelt Benachrichtigung nicht ausführbarer Auftrag siehe Anlage zum Auszug -0,85 Wohnungsbaugenossenschaft Chem",HIGH
NORMAL_MONTHLY_PAYMENT,Payment amount exists but no arrears context is stated.,2022-01-31,2022-04,AOK,10000.00,,PAYMENT_EVIDENCE_OR_PAYMENT_LIST,00_INBOX - Входящи - Eingang/Accounting_Organized/06_Bank_Payments/04-2022 #9120__copy2.pdf,"r Buchung Wertstellung Art Verwendungszweck Betrag in € MARTIN ZAHARIEV 09.05.2022 09.05.2022 Gutschrift transfer 10.000,00 EINS ENERGIE IN SACHSEN GMBH 06.05.2022 06.05.2022 Überweisung 82656057 -92,50 United Parcel Service DE 04.05.2022 04.05.2022 Überweisung 51210600 -27,27 03.05.2022 03.05.2022 Entgelt Entgelt Benachrichtigung nicht ausführbarer Auftrag siehe Anlage zum Auszug -0,85 Wohnungsbaugenossenschaft Chem",HIGH
NORMAL_MONTHLY_PAYMENT,Payment amount exists but no arrears context is stated.,2022-01-31,2022-04,AOK Hessen,789.61,,PAYMENT_EVIDENCE_OR_PAYMENT_LIST,00_INBOX - Входящи - Eingang/Accounting/8. Überweisungsnachweise bzw. Barzahlungsquittungen/old/###########          2022-2023/04-2022 #9109.pdf,"eingeräumten Kontoüberziehung: 0,00 Auftraggeber/Begünstigter Buchung Wertstellung Art Verwendungszweck Betrag in € Rainer Neumeier - Garagenvermietung 09.05.2022 09.05.2022 Überweisung Stromrechnung für 1 Kalenderjahr -789,61 Rainer Neumeier - Garagenvermietung 09.05.2022 09.05.2022 Überweisung Miete für 05/2022 -775,00 Maria Dimitrova 09.05.2022 09.05.2022 Überweisung Lohn-Gehalt Abrechnung 04/2022, Dar lehen 2000E",HIGH
NORMAL_MONTHLY_PAYMENT,Payment amount exists but no arrears context is stated.,2022-01-31,2022-04,AOK Hessen,789.61,,PAYMENT_EVIDENCE_OR_PAYMENT_LIST,00_INBOX - Входящи - Eingang/Accounting/8. Überweisungsnachweise bzw. Barzahlungsquittungen/old/bankstatementsfrom2022untilnow/2022/04-2022 #9109.pdf,"eingeräumten Kontoüberziehung: 0,00 Auftraggeber/Begünstigter Buchung Wertstellung Art Verwendungszweck Betrag in € Rainer Neumeier - Garagenvermietung 09.05.2022 09.05.2022 Überweisung Stromrechnung für 1 Kalenderjahr -789,61 Rainer Neumeier - Garagenvermietung 09.05.2022 09.05.2022 Überweisung Miete für 05/2022 -775,00 Maria Dimitrova 09.05.2022 09.05.2022 Überweisung Lohn-Gehalt Abrechnung 04/2022, Dar lehen 2000E",HIGH
NORMAL_MONTHLY_PAYMENT,Payment amount exists but no arrears context is stated.,2022-01-31,2022-04,AOK Hessen,789.61,,PAYMENT_EVIDENCE_OR_PAYMENT_LIST,00_INBOX - Входящи - Eingang/Accounting_Organized/04_Health_Insurance/04-2022 #9109.pdf,"eingeräumten Kontoüberziehung: 0,00 Auftraggeber/Begünstigter Buchung Wertstellung Art Verwendungszweck Betrag in € Rainer Neumeier - Garagenvermietung 09.05.2022 09.05.2022 Überweisung Stromrechnung für 1 Kalenderjahr -789,61 Rainer Neumeier - Garagenvermietung 09.05.2022 09.05.2022 Überweisung Miete für 05/2022 -775,00 Maria Dimitrova 09.05.2022 09.05.2022 Überweisung Lohn-Gehalt Abrechnung 04/2022, Dar lehen 2000E",HIGH
NORMAL_MONTHLY_PAYMENT,Payment amount exists but no arrears context is stated.,2022-01-31,2022-04,AOK Hessen,789.61,,PAYMENT_EVIDENCE_OR_PAYMENT_LIST,00_INBOX - Входящи - Eingang/Accounting_Organized/04_Health_Insurance/04-2022 #9109__copy2.pdf,"eingeräumten Kontoüberziehung: 0,00 Auftraggeber/Begünstigter Buchung Wertstellung Art Verwendungszweck Betrag in € Rainer Neumeier - Garagenvermietung 09.05.2022 09.05.2022 Überweisung Stromrechnung für 1 Kalenderjahr -789,61 Rainer Neumeier - Garagenvermietung 09.05.2022 09.05.2022 Überweisung Miete für 05/2022 -775,00 Maria Dimitrova 09.05.2022 09.05.2022 Überweisung Lohn-Gehalt Abrechnung 04/2022, Dar lehen 2000E",HIGH
NORMAL_MONTHLY_PAYMENT,Payment amount exists but no arrears context is stated.,2022-01-31,2022-04,AOK Hessen,789.61,,PAYMENT_EVIDENCE_OR_PAYMENT_LIST,00_INBOX - Входящи - Eingang/Accounting_Organized/04_Health_Insurance/04-2022 #9109__copy3.pdf,"eingeräumten Kontoüberziehung: 0,00 Auftraggeber/Begünstigter Buchung Wertstellung Art Verwendungszweck Betrag in € Rainer Neumeier - Garagenvermietung 09.05.2022 09.05.2022 Überweisung Stromrechnung für 1 Kalenderjahr -789,61 Rainer Neumeier - Garagenvermietung 09.05.2022 09.05.2022 Überweisung Miete für 05/2022 -775,00 Maria Dimitrova 09.05.2022 09.05.2022 Überweisung Lohn-Gehalt Abrechnung 04/2022, Dar lehen 2000E",HIGH
NORMAL_MONTHLY_PAYMENT,Payment amount exists but no arrears context is stated.,2022-01-31,2022-04,AOK Hessen,789.61,,PAYMENT_EVIDENCE_OR_PAYMENT_LIST,00_INBOX - Входящи - Eingang/Accounting_Organized/14_Duplicates/04-2022 #9109.pdf,"eingeräumten Kontoüberziehung: 0,00 Auftraggeber/Begünstigter Buchung Wertstellung Art Verwendungszweck Betrag in € Rainer Neumeier - Garagenvermietung 09.05.2022 09.05.2022 Überweisung Stromrechnung für 1 Kalenderjahr -789,61 Rainer Neumeier - Garagenvermietung 09.05.2022 09.05.2022 Überweisung Miete für 05/2022 -775,00 Maria Dimitrova 09.05.2022 09.05.2022 Überweisung Lohn-Gehalt Abrechnung 04/2022, Dar lehen 2000E",HIGH
NORMAL_MONTHLY_PAYMENT,Payment amount exists but no arrears context is stated.,2022-01-31,2022-04,AOK Hessen,789.61,,PAYMENT_EVIDENCE_OR_PAYMENT_LIST,00_INBOX - Входящи - Eingang/Accounting_Organized/14_Duplicates/04-2022 #9109__copy2.pdf,"eingeräumten Kontoüberziehung: 0,00 Auftraggeber/Begünstigter Buchung Wertstellung Art Verwendungszweck Betrag in € Rainer Neumeier - Garagenvermietung 09.05.2022 09.05.2022 Überweisung Stromrechnung für 1 Kalenderjahr -789,61 Rainer Neumeier - Garagenvermietung 09.05.2022 09.05.2022 Überweisung Miete für 05/2022 -775,00 Maria Dimitrova 09.05.2022 09.05.2022 Überweisung Lohn-Gehalt Abrechnung 04/2022, Dar lehen 2000E",HIGH
NORMAL_MONTHLY_PAYMENT,Payment amount exists but no arrears context is stated.,2022-01-31,2022-04,AOK Hessen,789.61,,PAYMENT_EVIDENCE_OR_PAYMENT_LIST,00_INBOX - Входящи - Eingang/Accounting_Organized/14_Duplicates/04-2022 #9109__copy3.pdf,"eingeräumten Kontoüberziehung: 0,00 Auftraggeber/Begünstigter Buchung Wertstellung Art Verwendungszweck Betrag in € Rainer Neumeier - Garagenvermietung 09.05.2022 09.05.2022 Überweisung Stromrechnung für 1 Kalenderjahr -789,61 Rainer Neumeier - Garagenvermietung 09.05.2022 09.05.2022 Überweisung Miete für 05/2022 -775,00 Maria Dimitrova 09.05.2022 09.05.2022 Überweisung Lohn-Gehalt Abrechnung 04/2022, Dar lehen 2000E",HIGH
NORMAL_MONTHLY_PAYMENT,Payment amount exists but no arrears context is stated.,2022-01-31,2022-04,AOK Nordost,789.61,,PAYMENT_EVIDENCE_OR_PAYMENT_LIST,00_INBOX - Входящи - Eingang/Accounting/8. Überweisungsnachweise bzw. Barzahlungsquittungen/old/###########          2022-2023/04-2022 #9109.pdf,"eingeräumten Kontoüberziehung: 0,00 Auftraggeber/Begünstigter Buchung Wertstellung Art Verwendungszweck Betrag in € Rainer Neumeier - Garagenvermietung 09.05.2022 09.05.2022 Überweisung Stromrechnung für 1 Kalenderjahr -789,61 Rainer Neumeier - Garagenvermietung 09.05.2022 09.05.2022 Überweisung Miete für 05/2022 -775,00 Maria Dimitrova 09.05.2022 09.05.2022 Überweisung Lohn-Gehalt Abrechnung 04/2022, Dar lehen 2000E",HIGH
NORMAL_MONTHLY_PAYMENT,Payment amount exists but no arrears context is stated.,2022-01-31,2022-04,AOK Nordost,789.61,,PAYMENT_EVIDENCE_OR_PAYMENT_LIST,00_INBOX - Входящи - Eingang/Accounting/8. Überweisungsnachweise bzw. Barzahlungsquittungen/old/bankstatementsfrom2022untilnow/2022/04-2022 #9109.pdf,"eingeräumten Kontoüberziehung: 0,00 Auftraggeber/Begünstigter Buchung Wertstellung Art Verwendungszweck Betrag in € Rainer Neumeier - Garagenvermietung 09.05.2022 09.05.2022 Überweisung Stromrechnung für 1 Kalenderjahr -789,61 Rainer Neumeier - Garagenvermietung 09.05.2022 09.05.2022 Überweisung Miete für 05/2022 -775,00 Maria Dimitrova 09.05.2022 09.05.2022 Überweisung Lohn-Gehalt Abrechnung 04/2022, Dar lehen 2000E",HIGH
NORMAL_MONTHLY_PAYMENT,Payment amount exists but no arrears context is stated.,2022-01-31,2022-04,AOK Nordost,789.61,,PAYMENT_EVIDENCE_OR_PAYMENT_LIST,00_INBOX - Входящи - Eingang/Accounting_Organized/04_Health_Insurance/04-2022 #9109.pdf,"eingeräumten Kontoüberziehung: 0,00 Auftraggeber/Begünstigter Buchung Wertstellung Art Verwendungszweck Betrag in € Rainer Neumeier - Garagenvermietung 09.05.2022 09.05.2022 Überweisung Stromrechnung für 1 Kalenderjahr -789,61 Rainer Neumeier - Garagenvermietung 09.05.2022 09.05.2022 Überweisung Miete für 05/2022 -775,00 Maria Dimitrova 09.05.2022 09.05.2022 Überweisung Lohn-Gehalt Abrechnung 04/2022, Dar lehen 2000E",HIGH
NORMAL_MONTHLY_PAYMENT,Payment amount exists but no arrears context is stated.,2022-01-31,2022-04,AOK Nordost,789.61,,PAYMENT_EVIDENCE_OR_PAYMENT_LIST,00_INBOX - Входящи - Eingang/Accounting_Organized/04_Health_Insurance/04-2022 #9109__copy2.pdf,"eingeräumten Kontoüberziehung: 0,00 Auftraggeber/Begünstigter Buchung Wertstellung Art Verwendungszweck Betrag in € Rainer Neumeier - Garagenvermietung 09.05.2022 09.05.2022 Überweisung Stromrechnung für 1 Kalenderjahr -789,61 Rainer Neumeier - Garagenvermietung 09.05.2022 09.05.2022 Überweisung Miete für 05/2022 -775,00 Maria Dimitrova 09.05.2022 09.05.2022 Überweisung Lohn-Gehalt Abrechnung 04/2022, Dar lehen 2000E",HIGH
NORMAL_MONTHLY_PAYMENT,Payment amount exists but no arrears context is stated.,2022-01-31,2022-04,AOK Nordost,789.61,,PAYMENT_EVIDENCE_OR_PAYMENT_LIST,00_INBOX - Входящи - Eingang/Accounting_Organized/04_Health_Insurance/04-2022 #9109__copy3.pdf,"eingeräumten Kontoüberziehung: 0,00 Auftraggeber/Begünstigter Buchung Wertstellung Art Verwendungszweck Betrag in € Rainer Neumeier - Garagenvermietung 09.05.2022 09.05.2022 Überweisung Stromrechnung für 1 Kalenderjahr -789,61 Rainer Neumeier - Garagenvermietung 09.05.2022 09.05.2022 Überweisung Miete für 05/2022 -775,00 Maria Dimitrova 09.05.2022 09.05.2022 Überweisung Lohn-Gehalt Abrechnung 04/2022, Dar lehen 2000E",HIGH
NORMAL_MONTHLY_PAYMENT,Payment amount exists but no arrears context is stated.,2022-01-31,2022-04,AOK Nordost,789.61,,PAYMENT_EVIDENCE_OR_PAYMENT_LIST,00_INBOX - Входящи - Eingang/Accounting_Organized/14_Duplicates/04-2022 #9109.pdf,"eingeräumten Kontoüberziehung: 0,00 Auftraggeber/Begünstigter Buchung Wertstellung Art Verwendungszweck Betrag in € Rainer Neumeier - Garagenvermietung 09.05.2022 09.05.2022 Überweisung Stromrechnung für 1 Kalenderjahr -789,61 Rainer Neumeier - Garagenvermietung 09.05.2022 09.05.2022 Überweisung Miete für 05/2022 -775,00 Maria Dimitrova 09.05.2022 09.05.2022 Überweisung Lohn-Gehalt Abrechnung 04/2022, Dar lehen 2000E",HIGH
NORMAL_MONTHLY_PAYMENT,Payment amount exists but no arrears context is stated.,2022-01-31,2022-04,AOK Nordost,789.61,,PAYMENT_EVIDENCE_OR_PAYMENT_LIST,00_INBOX - Входящи - Eingang/Accounting_Organized/14_Duplicates/04-2022 #9109__copy2.pdf,"eingeräumten Kontoüberziehung: 0,00 Auftraggeber/Begünstigter Buchung Wertstellung Art Verwendungszweck Betrag in € Rainer Neumeier - Garagenvermietung 09.05.2022 09.05.2022 Überweisung Stromrechnung für 1 Kalenderjahr -789,61 Rainer Neumeier - Garagenvermietung 09.05.2022 09.05.2022 Überweisung Miete für 05/2022 -775,00 Maria Dimitrova 09.05.2022 09.05.2022 Überweisung Lohn-Gehalt Abrechnung 04/2022, Dar lehen 2000E",HIGH
NORMAL_MONTHLY_PAYMENT,Payment amount exists but no arrears context is stated.,2022-01-31,2022-04,AOK Nordost,789.61,,PAYMENT_EVIDENCE_OR_PAYMENT_LIST,00_INBOX - Входящи - Eingang/Accounting_Organized/14_Duplicates/04-2022 #9109__copy3.pdf,"eingeräumten Kontoüberziehung: 0,00 Auftraggeber/Begünstigter Buchung Wertstellung Art Verwendungszweck Betrag in € Rainer Neumeier - Garagenvermietung 09.05.2022 09.05.2022 Überweisung Stromrechnung für 1 Kalenderjahr -789,61 Rainer Neumeier - Garagenvermietung 09.05.2022 09.05.2022 Überweisung Miete für 05/2022 -775,00 Maria Dimitrova 09.05.2022 09.05.2022 Überweisung Lohn-Gehalt Abrechnung 04/2022, Dar lehen 2000E",HIGH
NORMAL_MONTHLY_PAYMENT,Payment amount exists but no arrears context is stated.,2022-01-31,2022-04,AOK PLUS,789.61,,PAYMENT_EVIDENCE_OR_PAYMENT_LIST,00_INBOX - Входящи - Eingang/Accounting/8. Überweisungsnachweise bzw. Barzahlungsquittungen/old/###########          2022-2023/04-2022 #9109.pdf,"eingeräumten Kontoüberziehung: 0,00 Auftraggeber/Begünstigter Buchung Wertstellung Art Verwendungszweck Betrag in € Rainer Neumeier - Garagenvermietung 09.05.2022 09.05.2022 Überweisung Stromrechnung für 1 Kalenderjahr -789,61 Rainer Neumeier - Garagenvermietung 09.05.2022 09.05.2022 Überweisung Miete für 05/2022 -775,00 Maria Dimitrova 09.05.2022 09.05.2022 Überweisung Lohn-Gehalt Abrechnung 04/2022, Dar lehen 2000E",HIGH
NORMAL_MONTHLY_PAYMENT,Payment amount exists but no arrears context is stated.,2022-01-31,2022-04,AOK PLUS,789.61,,PAYMENT_EVIDENCE_OR_PAYMENT_LIST,00_INBOX - Входящи - Eingang/Accounting/8. Überweisungsnachweise bzw. Barzahlungsquittungen/old/bankstatementsfrom2022untilnow/2022/04-2022 #9109.pdf,"eingeräumten Kontoüberziehung: 0,00 Auftraggeber/Begünstigter Buchung Wertstellung Art Verwendungszweck Betrag in € Rainer Neumeier - Garagenvermietung 09.05.2022 09.05.2022 Überweisung Stromrechnung für 1 Kalenderjahr -789,61 Rainer Neumeier - Garagenvermietung 09.05.2022 09.05.2022 Überweisung Miete für 05/2022 -775,00 Maria Dimitrova 09.05.2022 09.05.2022 Überweisung Lohn-Gehalt Abrechnung 04/2022, Dar lehen 2000E",HIGH
NORMAL_MONTHLY_PAYMENT,Payment amount exists but no arrears context is stated.,2022-01-31,2022-04,AOK PLUS,789.61,,PAYMENT_EVIDENCE_OR_PAYMENT_LIST,00_INBOX - Входящи - Eingang/Accounting_Organized/04_Health_Insurance/04-2022 #9109.pdf,"eingeräumten Kontoüberziehung: 0,00 Auftraggeber/Begünstigter Buchung Wertstellung Art Verwendungszweck Betrag in € Rainer Neumeier - Garagenvermietung 09.05.2022 09.05.2022 Überweisung Stromrechnung für 1 Kalenderjahr -789,61 Rainer Neumeier - Garagenvermietung 09.05.2022 09.05.2022 Überweisung Miete für 05/2022 -775,00 Maria Dimitrova 09.05.2022 09.05.2022 Überweisung Lohn-Gehalt Abrechnung 04/2022, Dar lehen 2000E",HIGH
NORMAL_MONTHLY_PAYMENT,Payment amount exists but no arrears context is stated.,2022-01-31,2022-04,AOK PLUS,789.61,,PAYMENT_EVIDENCE_OR_PAYMENT_LIST,00_INBOX - Входящи - Eingang/Accounting_Organized/04_Health_Insurance/04-2022 #9109__copy2.pdf,"eingeräumten Kontoüberziehung: 0,00 Auftraggeber/Begünstigter Buchung Wertstellung Art Verwendungszweck Betrag in € Rainer Neumeier - Garagenvermietung 09.05.2022 09.05.2022 Überweisung Stromrechnung für 1 Kalenderjahr -789,61 Rainer Neumeier - Garagenvermietung 09.05.2022 09.05.2022 Überweisung Miete für 05/2022 -775,00 Maria Dimitrova 09.05.2022 09.05.2022 Überweisung Lohn-Gehalt Abrechnung 04/2022, Dar lehen 2000E",HIGH
NORMAL_MONTHLY_PAYMENT,Payment amount exists but no arrears context is stated.,2022-01-31,2022-04,AOK PLUS,789.61,,PAYMENT_EVIDENCE_OR_PAYMENT_LIST,00_INBOX - Входящи - Eingang/Accounting_Organized/04_Health_Insurance/04-2022 #9109__copy3.pdf,"eingeräumten Kontoüberziehung: 0,00 Auftraggeber/Begünstigter Buchung Wertstellung Art Verwendungszweck Betrag in € Rainer Neumeier - Garagenvermietung 09.05.2022 09.05.2022 Überweisung Stromrechnung für 1 Kalenderjahr -789,61 Rainer Neumeier - Garagenvermietung 09.05.2022 09.05.2022 Überweisung Miete für 05/2022 -775,00 Maria Dimitrova 09.05.2022 09.05.2022 Überweisung Lohn-Gehalt Abrechnung 04/2022, Dar lehen 2000E",HIGH
NORMAL_MONTHLY_PAYMENT,Payment amount exists but no arrears context is stated.,2022-01-31,2022-04,AOK PLUS,789.61,,PAYMENT_EVIDENCE_OR_PAYMENT_LIST,00_INBOX - Входящи - Eingang/Accounting_Organized/14_Duplicates/04-2022 #9109.pdf,"eingeräumten Kontoüberziehung: 0,00 Auftraggeber/Begünstigter Buchung Wertstellung Art Verwendungszweck Betrag in € Rainer Neumeier - Garagenvermietung 09.05.2022 09.05.2022 Überweisung Stromrechnung für 1 Kalenderjahr -789,61 Rainer Neumeier - Garagenvermietung 09.05.2022 09.05.2022 Überweisung Miete für 05/2022 -775,00 Maria Dimitrova 09.05.2022 09.05.2022 Überweisung Lohn-Gehalt Abrechnung 04/2022, Dar lehen 2000E",HIGH
NORMAL_MONTHLY_PAYMENT,Payment amount exists but no arrears context is stated.,2022-01-31,2022-04,AOK PLUS,789.61,,PAYMENT_EVIDENCE_OR_PAYMENT_LIST,00_INBOX - Входящи - Eingang/Accounting_Organized/14_Duplicates/04-2022 #9109__copy2.pdf,"eingeräumten Kontoüberziehung: 0,00 Auftraggeber/Begünstigter Buchung Wertstellung Art Verwendungszweck Betrag in € Rainer Neumeier - Garagenvermietung 09.05.2022 09.05.2022 Überweisung Stromrechnung für 1 Kalenderjahr -789,61 Rainer Neumeier - Garagenvermietung 09.05.2022 09.05.2022 Überweisung Miete für 05/2022 -775,00 Maria Dimitrova 09.05.2022 09.05.2022 Überweisung Lohn-Gehalt Abrechnung 04/2022, Dar lehen 2000E",HIGH
NORMAL_MONTHLY_PAYMENT,Payment amount exists but no arrears context is stated.,2022-01-31,2022-04,AOK PLUS,789.61,,PAYMENT_EVIDENCE_OR_PAYMENT_LIST,00_INBOX - Входящи - Eingang/Accounting_Organized/14_Duplicates/04-2022 #9109__copy3.pdf,"eingeräumten Kontoüberziehung: 0,00 Auftraggeber/Begünstigter Buchung Wertstellung Art Verwendungszweck Betrag in € Rainer Neumeier - Garagenvermietung 09.05.2022 09.05.2022 Überweisung Stromrechnung für 1 Kalenderjahr -789,61 Rainer Neumeier - Garagenvermietung 09.05.2022 09.05.2022 Überweisung Miete für 05/2022 -775,00 Maria Dimitrova 09.05.2022 09.05.2022 Überweisung Lohn-Gehalt Abrechnung 04/2022, Dar lehen 2000E",HIGH
NORMAL_MONTHLY_PAYMENT,Payment amount exists but no arrears context is stated.,2022-01-31,2022-04,Techniker Krankenkasse,789.61,,PAYMENT_EVIDENCE_OR_PAYMENT_LIST,00_INBOX - Входящи - Eingang/Accounting/8. Überweisungsnachweise bzw. Barzahlungsquittungen/old/###########          2022-2023/04-2022 #9109.pdf,"eingeräumten Kontoüberziehung: 0,00 Auftraggeber/Begünstigter Buchung Wertstellung Art Verwendungszweck Betrag in € Rainer Neumeier - Garagenvermietung 09.05.2022 09.05.2022 Überweisung Stromrechnung für 1 Kalenderjahr -789,61 Rainer Neumeier - Garagenvermietung 09.05.2022 09.05.2022 Überweisung Miete für 05/2022 -775,00 Maria Dimitrova 09.05.2022 09.05.2022 Überweisung Lohn-Gehalt Abrechnung 04/2022, Dar lehen 2000E",HIGH
NORMAL_MONTHLY_PAYMENT,Payment amount exists but no arrears context is stated.,2022-01-31,2022-04,Techniker Krankenkasse,789.61,,PAYMENT_EVIDENCE_OR_PAYMENT_LIST,00_INBOX - Входящи - Eingang/Accounting/8. Überweisungsnachweise bzw. Barzahlungsquittungen/old/bankstatementsfrom2022untilnow/2022/04-2022 #9109.pdf,"eingeräumten Kontoüberziehung: 0,00 Auftraggeber/Begünstigter Buchung Wertstellung Art Verwendungszweck Betrag in € Rainer Neumeier - Garagenvermietung 09.05.2022 09.05.2022 Überweisung Stromrechnung für 1 Kalenderjahr -789,61 Rainer Neumeier - Garagenvermietung 09.05.2022 09.05.2022 Überweisung Miete für 05/2022 -775,00 Maria Dimitrova 09.05.2022 09.05.2022 Überweisung Lohn-Gehalt Abrechnung 04/2022, Dar lehen 2000E",HIGH
NORMAL_MONTHLY_PAYMENT,Payment amount exists but no arrears context is stated.,2022-01-31,2022-04,Techniker Krankenkasse,789.61,,PAYMENT_EVIDENCE_OR_PAYMENT_LIST,00_INBOX - Входящи - Eingang/Accounting_Organized/04_Health_Insurance/04-2022 #9109.pdf,"eingeräumten Kontoüberziehung: 0,00 Auftraggeber/Begünstigter Buchung Wertstellung Art Verwendungszweck Betrag in € Rainer Neumeier - Garagenvermietung 09.05.2022 09.05.2022 Überweisung Stromrechnung für 1 Kalenderjahr -789,61 Rainer Neumeier - Garagenvermietung 09.05.2022 09.05.2022 Überweisung Miete für 05/2022 -775,00 Maria Dimitrova 09.05.2022 09.05.2022 Überweisung Lohn-Gehalt Abrechnung 04/2022, Dar lehen 2000E",HIGH
NORMAL_MONTHLY_PAYMENT,Payment amount exists but no arrears context is stated.,2022-01-31,2022-04,Techniker Krankenkasse,789.61,,PAYMENT_EVIDENCE_OR_PAYMENT_LIST,00_INBOX - Входящи - Eingang/Accounting_Organized/04_Health_Insurance/04-2022 #9109__copy2.pdf,"eingeräumten Kontoüberziehung: 0,00 Auftraggeber/Begünstigter Buchung Wertstellung Art Verwendungszweck Betrag in € Rainer Neumeier - Garagenvermietung 09.05.2022 09.05.2022 Überweisung Stromrechnung für 1 Kalenderjahr -789,61 Rainer Neumeier - Garagenvermietung 09.05.2022 09.05.2022 Überweisung Miete für 05/2022 -775,00 Maria Dimitrova 09.05.2022 09.05.2022 Überweisung Lohn-Gehalt Abrechnung 04/2022, Dar lehen 2000E",HIGH
NORMAL_MONTHLY_PAYMENT,Payment amount exists but no arrears context is stated.,2022-01-31,2022-04,Techniker Krankenkasse,789.61,,PAYMENT_EVIDENCE_OR_PAYMENT_LIST,00_INBOX - Входящи - Eingang/Accounting_Organized/04_Health_Insurance/04-2022 #9109__copy3.pdf,"eingeräumten Kontoüberziehung: 0,00 Auftraggeber/Begünstigter Buchung Wertstellung Art Verwendungszweck Betrag in € Rainer Neumeier - Garagenvermietung 09.05.2022 09.05.2022 Überweisung Stromrechnung für 1 Kalenderjahr -789,61 Rainer Neumeier - Garagenvermietung 09.05.2022 09.05.2022 Überweisung Miete für 05/2022 -775,00 Maria Dimitrova 09.05.2022 09.05.2022 Überweisung Lohn-Gehalt Abrechnung 04/2022, Dar lehen 2000E",HIGH
NORMAL_MONTHLY_PAYMENT,Payment amount exists but no arrears context is stated.,2022-01-31,2022-04,Techniker Krankenkasse,789.61,,PAYMENT_EVIDENCE_OR_PAYMENT_LIST,00_INBOX - Входящи - Eingang/Accounting_Organized/14_Duplicates/04-2022 #9109.pdf,"eingeräumten Kontoüberziehung: 0,00 Auftraggeber/Begünstigter Buchung Wertstellung Art Verwendungszweck Betrag in € Rainer Neumeier - Garagenvermietung 09.05.2022 09.05.2022 Überweisung Stromrechnung für 1 Kalenderjahr -789,61 Rainer Neumeier - Garagenvermietung 09.05.2022 09.05.2022 Überweisung Miete für 05/2022 -775,00 Maria Dimitrova 09.05.2022 09.05.2022 Überweisung Lohn-Gehalt Abrechnung 04/2022, Dar lehen 2000E",HIGH
NORMAL_MONTHLY_PAYMENT,Payment amount exists but no arrears context is stated.,2022-01-31,2022-04,Techniker Krankenkasse,789.61,,PAYMENT_EVIDENCE_OR_PAYMENT_LIST,00_INBOX - Входящи - Eingang/Accounting_Organized/14_Duplicates/04-2022 #9109__copy2.pdf,"eingeräumten Kontoüberziehung: 0,00 Auftraggeber/Begünstigter Buchung Wertstellung Art Verwendungszweck Betrag in € Rainer Neumeier - Garagenvermietung 09.05.2022 09.05.2022 Überweisung Stromrechnung für 1 Kalenderjahr -789,61 Rainer Neumeier - Garagenvermietung 09.05.2022 09.05.2022 Überweisung Miete für 05/2022 -775,00 Maria Dimitrova 09.05.2022 09.05.2022 Überweisung Lohn-Gehalt Abrechnung 04/2022, Dar lehen 2000E",HIGH
NORMAL_MONTHLY_PAYMENT,Payment amount exists but no arrears context is stated.,2022-01-31,2022-04,Techniker Krankenkasse,789.61,,PAYMENT_EVIDENCE_OR_PAYMENT_LIST,00_INBOX - Входящи - Eingang/Accounting_Organized/14_Duplicates/04-2022 #9109__copy3.pdf,"eingeräumten Kontoüberziehung: 0,00 Auftraggeber/Begünstigter Buchung Wertstellung Art Verwendungszweck Betrag in € Rainer Neumeier - Garagenvermietung 09.05.2022 09.05.2022 Überweisung Stromrechnung für 1 Kalenderjahr -789,61 Rainer Neumeier - Garagenvermietung 09.05.2022 09.05.2022 Überweisung Miete für 05/2022 -775,00 Maria Dimitrova 09.05.2022 09.05.2022 Überweisung Lohn-Gehalt Abrechnung 04/2022, Dar lehen 2000E",HIGH
NORMAL_MONTHLY_PAYMENT,Payment amount exists but no arrears context is stated.,,2022-02,AOK Plus,952.60,,HEALTH_INSURANCE_EXTRACTED_ROW,00_INBOX - Входящи - Eingang/Accounting_Organized/04_Health_Insurance/02-2022 #9109.pdf,"Beitraege 02/22 -949,37",HIGH
NORMAL_MONTHLY_PAYMENT,Payment amount exists but no arrears context is stated.,,2022-04,AOK Plus,-789.61,,HEALTH_INSURANCE_EXTRACTED_ROW,00_INBOX - Входящи - Eingang/Accounting_Organized/04_Health_Insurance/04-2022 #9109.pdf,"Beitraege 04/22 -947,83",HIGH
NORMAL_MONTHLY_PAYMENT,Payment amount exists but no arrears context is stated.,,2022-06,AOK Plus,-100.00,-30.30,HEALTH_INSURANCE_EXTRACTED_ROW,00_INBOX - Входящи - Eingang/Accounting_Organized/04_Health_Insurance/06-2022 #9109.pdf,"Beitraege 06/22 -935,88",HIGH
NORMAL_MONTHLY_PAYMENT,Payment amount exists but no arrears context is stated.,2022-06-03,2022-07,AOK,24.90,,PAYMENT_EVIDENCE_OR_PAYMENT_LIST,00_INBOX - Входящи - Eingang/Accounting/8. Überweisungsnachweise bzw. Barzahlungsquittungen/old/bankstatementsfrom2022untilnow/2022/07-2022 #9120.pdf,"nd: 1.428,62 Höhe der eingeräumten Kontoüberziehung: 0,00 Auftraggeber/Begünstigter Buchung Wertstellung Art Verwendungszweck Betrag in € RSG Group GmbH 07.09.2022 08.09.2022 Überweisung Referenz C0001--0055-0000382Mandat MLREFC000102138Einreicher-ID DE80ZZ Z00000030151C0001--0055-0000382 C00 01-15390751McFIT Flex-Aktion 24 -24,90 RSG Group GmbH 07.09.2022 08.09.2022 Überweisung Referenz C0001--0055-0000381Mandat MLR",HIGH
NORMAL_MONTHLY_PAYMENT,Payment amount exists but no arrears context is stated.,2022-06-03,2022-07,AOK,24.90,,PAYMENT_EVIDENCE_OR_PAYMENT_LIST,00_INBOX - Входящи - Eingang/Accounting_Organized/06_Bank_Payments/07-2022 #9120.pdf,"nd: 1.428,62 Höhe der eingeräumten Kontoüberziehung: 0,00 Auftraggeber/Begünstigter Buchung Wertstellung Art Verwendungszweck Betrag in € RSG Group GmbH 07.09.2022 08.09.2022 Überweisung Referenz C0001--0055-0000382Mandat MLREFC000102138Einreicher-ID DE80ZZ Z00000030151C0001--0055-0000382 C00 01-15390751McFIT Flex-Aktion 24 -24,90 RSG Group GmbH 07.09.2022 08.09.2022 Überweisung Referenz C0001--0055-0000381Mandat MLR",HIGH
NORMAL_MONTHLY_PAYMENT,Payment amount exists but no arrears context is stated.,2022-06-03,2022-07,AOK,24.90,,PAYMENT_EVIDENCE_OR_PAYMENT_LIST,00_INBOX - Входящи - Eingang/Accounting_Organized/06_Bank_Payments/07-2022 #9120__copy2.pdf,"nd: 1.428,62 Höhe der eingeräumten Kontoüberziehung: 0,00 Auftraggeber/Begünstigter Buchung Wertstellung Art Verwendungszweck Betrag in € RSG Group GmbH 07.09.2022 08.09.2022 Überweisung Referenz C0001--0055-0000382Mandat MLREFC000102138Einreicher-ID DE80ZZ Z00000030151C0001--0055-0000382 C00 01-15390751McFIT Flex-Aktion 24 -24,90 RSG Group GmbH 07.09.2022 08.09.2022 Überweisung Referenz C0001--0055-0000381Mandat MLR",HIGH
NORMAL_MONTHLY_PAYMENT,Payment amount exists but no arrears context is stated.,2022-06-03,2022-07,AOK,24.90,,PAYMENT_EVIDENCE_OR_PAYMENT_LIST,00_INBOX - Входящи - Eingang/Accounting_Organized/08_Operating_Costs/07-2022 #9120.pdf,"nd: 1.428,62 Höhe der eingeräumten Kontoüberziehung: 0,00 Auftraggeber/Begünstigter Buchung Wertstellung Art Verwendungszweck Betrag in € RSG Group GmbH 07.09.2022 08.09.2022 Überweisung Referenz C0001--0055-0000382Mandat MLREFC000102138Einreicher-ID DE80ZZ Z00000030151C0001--0055-0000382 C00 01-15390751McFIT Flex-Aktion 24 -24,90 RSG Group GmbH 07.09.2022 08.09.2022 Überweisung Referenz C0001--0055-0000381Mandat MLR",HIGH
NORMAL_MONTHLY_PAYMENT,Payment amount exists but no arrears context is stated.,2022-06-03,2022-07,AOK Hessen,2750.24,,PAYMENT_EVIDENCE_OR_PAYMENT_LIST,00_INBOX - Входящи - Eingang/Accounting/8. Überweisungsnachweise bzw. Barzahlungsquittungen/old/###########          2022-2023/07-2022 #9109.pdf,": 59.309,28 Höhe der eingeräumten Kontoüberziehung: 0,00 Auftraggeber/Begünstigter Buchung Wertstellung Art Verwendungszweck Betrag in € Bozhidar Asenov 09.09.2022 09.09.2022 Überweisung Lohn-Gehalt Abrechnung 08/2022 -2.750,24 Kristiyan Petrov - Neue 09.09.2022 09.09.2022 Überweisung Lohn-Gehalt Abrechnung 08/2022 -1.847,26 Stoyan Todinov 09.09.2022 09.09.2022 Überweisung Lohn-Gehalt Abrechnung 08/2022 -1.626,58 Bor",HIGH
NORMAL_MONTHLY_PAYMENT,Payment amount exists but no arrears context is stated.,2022-06-03,2022-07,AOK Hessen,2750.24,,PAYMENT_EVIDENCE_OR_PAYMENT_LIST,00_INBOX - Входящи - Eingang/Accounting/8. Überweisungsnachweise bzw. Barzahlungsquittungen/old/bankstatementsfrom2022untilnow/2022/07-2022 #9109.pdf,": 59.309,28 Höhe der eingeräumten Kontoüberziehung: 0,00 Auftraggeber/Begünstigter Buchung Wertstellung Art Verwendungszweck Betrag in € Bozhidar Asenov 09.09.2022 09.09.2022 Überweisung Lohn-Gehalt Abrechnung 08/2022 -2.750,24 Kristiyan Petrov - Neue 09.09.2022 09.09.2022 Überweisung Lohn-Gehalt Abrechnung 08/2022 -1.847,26 Stoyan Todinov 09.09.2022 09.09.2022 Überweisung Lohn-Gehalt Abrechnung 08/2022 -1.626,58 Bor",HIGH
NORMAL_MONTHLY_PAYMENT,Payment amount exists but no arrears context is stated.,2022-06-03,2022-07,AOK Hessen,2750.24,,PAYMENT_EVIDENCE_OR_PAYMENT_LIST,00_INBOX - Входящи - Eingang/Accounting_Organized/04_Health_Insurance/07-2022 #9109.pdf,": 59.309,28 Höhe der eingeräumten Kontoüberziehung: 0,00 Auftraggeber/Begünstigter Buchung Wertstellung Art Verwendungszweck Betrag in € Bozhidar Asenov 09.09.2022 09.09.2022 Überweisung Lohn-Gehalt Abrechnung 08/2022 -2.750,24 Kristiyan Petrov - Neue 09.09.2022 09.09.2022 Überweisung Lohn-Gehalt Abrechnung 08/2022 -1.847,26 Stoyan Todinov 09.09.2022 09.09.2022 Überweisung Lohn-Gehalt Abrechnung 08/2022 -1.626,58 Bor",HIGH
NORMAL_MONTHLY_PAYMENT,Payment amount exists but no arrears context is stated.,2022-06-03,2022-07,AOK Hessen,2750.24,,PAYMENT_EVIDENCE_OR_PAYMENT_LIST,00_INBOX - Входящи - Eingang/Accounting_Organized/04_Health_Insurance/07-2022 #9109__copy2.pdf,": 59.309,28 Höhe der eingeräumten Kontoüberziehung: 0,00 Auftraggeber/Begünstigter Buchung Wertstellung Art Verwendungszweck Betrag in € Bozhidar Asenov 09.09.2022 09.09.2022 Überweisung Lohn-Gehalt Abrechnung 08/2022 -2.750,24 Kristiyan Petrov - Neue 09.09.2022 09.09.2022 Überweisung Lohn-Gehalt Abrechnung 08/2022 -1.847,26 Stoyan Todinov 09.09.2022 09.09.2022 Überweisung Lohn-Gehalt Abrechnung 08/2022 -1.626,58 Bor",HIGH
NORMAL_MONTHLY_PAYMENT,Payment amount exists but no arrears context is stated.,2022-06-03,2022-07,AOK Hessen,2750.24,,PAYMENT_EVIDENCE_OR_PAYMENT_LIST,00_INBOX - Входящи - Eingang/Accounting_Organized/04_Health_Insurance/07-2022 #9109__copy3.pdf,": 59.309,28 Höhe der eingeräumten Kontoüberziehung: 0,00 Auftraggeber/Begünstigter Buchung Wertstellung Art Verwendungszweck Betrag in € Bozhidar Asenov 09.09.2022 09.09.2022 Überweisung Lohn-Gehalt Abrechnung 08/2022 -2.750,24 Kristiyan Petrov - Neue 09.09.2022 09.09.2022 Überweisung Lohn-Gehalt Abrechnung 08/2022 -1.847,26 Stoyan Todinov 09.09.2022 09.09.2022 Überweisung Lohn-Gehalt Abrechnung 08/2022 -1.626,58 Bor",HIGH
NORMAL_MONTHLY_PAYMENT,Payment amount exists but no arrears context is stated.,2022-06-03,2022-07,AOK Hessen,2750.24,,PAYMENT_EVIDENCE_OR_PAYMENT_LIST,00_INBOX - Входящи - Eingang/Accounting_Organized/14_Duplicates/07-2022 #9109.pdf,": 59.309,28 Höhe der eingeräumten Kontoüberziehung: 0,00 Auftraggeber/Begünstigter Buchung Wertstellung Art Verwendungszweck Betrag in € Bozhidar Asenov 09.09.2022 09.09.2022 Überweisung Lohn-Gehalt Abrechnung 08/2022 -2.750,24 Kristiyan Petrov - Neue 09.09.2022 09.09.2022 Überweisung Lohn-Gehalt Abrechnung 08/2022 -1.847,26 Stoyan Todinov 09.09.2022 09.09.2022 Überweisung Lohn-Gehalt Abrechnung 08/2022 -1.626,58 Bor",HIGH
NORMAL_MONTHLY_PAYMENT,Payment amount exists but no arrears context is stated.,2022-06-03,2022-07,AOK Hessen,2750.24,,PAYMENT_EVIDENCE_OR_PAYMENT_LIST,00_INBOX - Входящи - Eingang/Accounting_Organized/14_Duplicates/07-2022 #9109__copy2.pdf,": 59.309,28 Höhe der eingeräumten Kontoüberziehung: 0,00 Auftraggeber/Begünstigter Buchung Wertstellung Art Verwendungszweck Betrag in € Bozhidar Asenov 09.09.2022 09.09.2022 Überweisung Lohn-Gehalt Abrechnung 08/2022 -2.750,24 Kristiyan Petrov - Neue 09.09.2022 09.09.2022 Überweisung Lohn-Gehalt Abrechnung 08/2022 -1.847,26 Stoyan Todinov 09.09.2022 09.09.2022 Überweisung Lohn-Gehalt Abrechnung 08/2022 -1.626,58 Bor",HIGH
NORMAL_MONTHLY_PAYMENT,Payment amount exists but no arrears context is stated.,2022-06-03,2022-07,AOK Hessen,2750.24,,PAYMENT_EVIDENCE_OR_PAYMENT_LIST,00_INBOX - Входящи - Eingang/Accounting_Organized/14_Duplicates/07-2022 #9109__copy3.pdf,": 59.309,28 Höhe der eingeräumten Kontoüberziehung: 0,00 Auftraggeber/Begünstigter Buchung Wertstellung Art Verwendungszweck Betrag in € Bozhidar Asenov 09.09.2022 09.09.2022 Überweisung Lohn-Gehalt Abrechnung 08/2022 -2.750,24 Kristiyan Petrov - Neue 09.09.2022 09.09.2022 Überweisung Lohn-Gehalt Abrechnung 08/2022 -1.847,26 Stoyan Todinov 09.09.2022 09.09.2022 Überweisung Lohn-Gehalt Abrechnung 08/2022 -1.626,58 Bor",HIGH
NORMAL_MONTHLY_PAYMENT,Payment amount exists but no arrears context is stated.,2022-06-03,2022-07,AOK Nordost,2750.24,,PAYMENT_EVIDENCE_OR_PAYMENT_LIST,00_INBOX - Входящи - Eingang/Accounting/8. Überweisungsnachweise bzw. Barzahlungsquittungen/old/###########          2022-2023/07-2022 #9109.pdf,": 59.309,28 Höhe der eingeräumten Kontoüberziehung: 0,00 Auftraggeber/Begünstigter Buchung Wertstellung Art Verwendungszweck Betrag in € Bozhidar Asenov 09.09.2022 09.09.2022 Überweisung Lohn-Gehalt Abrechnung 08/2022 -2.750,24 Kristiyan Petrov - Neue 09.09.2022 09.09.2022 Überweisung Lohn-Gehalt Abrechnung 08/2022 -1.847,26 Stoyan Todinov 09.09.2022 09.09.2022 Überweisung Lohn-Gehalt Abrechnung 08/2022 -1.626,58 Bor",HIGH
NORMAL_MONTHLY_PAYMENT,Payment amount exists but no arrears context is stated.,2022-06-03,2022-07,AOK Nordost,2750.24,,PAYMENT_EVIDENCE_OR_PAYMENT_LIST,00_INBOX - Входящи - Eingang/Accounting/8. Überweisungsnachweise bzw. Barzahlungsquittungen/old/bankstatementsfrom2022untilnow/2022/07-2022 #9109.pdf,": 59.309,28 Höhe der eingeräumten Kontoüberziehung: 0,00 Auftraggeber/Begünstigter Buchung Wertstellung Art Verwendungszweck Betrag in € Bozhidar Asenov 09.09.2022 09.09.2022 Überweisung Lohn-Gehalt Abrechnung 08/2022 -2.750,24 Kristiyan Petrov - Neue 09.09.2022 09.09.2022 Überweisung Lohn-Gehalt Abrechnung 08/2022 -1.847,26 Stoyan Todinov 09.09.2022 09.09.2022 Überweisung Lohn-Gehalt Abrechnung 08/2022 -1.626,58 Bor",HIGH
NORMAL_MONTHLY_PAYMENT,Payment amount exists but no arrears context is stated.,2022-06-03,2022-07,AOK Nordost,2750.24,,PAYMENT_EVIDENCE_OR_PAYMENT_LIST,00_INBOX - Входящи - Eingang/Accounting_Organized/04_Health_Insurance/07-2022 #9109.pdf,": 59.309,28 Höhe der eingeräumten Kontoüberziehung: 0,00 Auftraggeber/Begünstigter Buchung Wertstellung Art Verwendungszweck Betrag in € Bozhidar Asenov 09.09.2022 09.09.2022 Überweisung Lohn-Gehalt Abrechnung 08/2022 -2.750,24 Kristiyan Petrov - Neue 09.09.2022 09.09.2022 Überweisung Lohn-Gehalt Abrechnung 08/2022 -1.847,26 Stoyan Todinov 09.09.2022 09.09.2022 Überweisung Lohn-Gehalt Abrechnung 08/2022 -1.626,58 Bor",HIGH
NORMAL_MONTHLY_PAYMENT,Payment amount exists but no arrears context is stated.,2022-06-03,2022-07,AOK Nordost,2750.24,,PAYMENT_EVIDENCE_OR_PAYMENT_LIST,00_INBOX - Входящи - Eingang/Accounting_Organized/04_Health_Insurance/07-2022 #9109__copy2.pdf,": 59.309,28 Höhe der eingeräumten Kontoüberziehung: 0,00 Auftraggeber/Begünstigter Buchung Wertstellung Art Verwendungszweck Betrag in € Bozhidar Asenov 09.09.2022 09.09.2022 Überweisung Lohn-Gehalt Abrechnung 08/2022 -2.750,24 Kristiyan Petrov - Neue 09.09.2022 09.09.2022 Überweisung Lohn-Gehalt Abrechnung 08/2022 -1.847,26 Stoyan Todinov 09.09.2022 09.09.2022 Überweisung Lohn-Gehalt Abrechnung 08/2022 -1.626,58 Bor",HIGH
NORMAL_MONTHLY_PAYMENT,Payment amount exists but no arrears context is stated.,2022-06-03,2022-07,AOK Nordost,2750.24,,PAYMENT_EVIDENCE_OR_PAYMENT_LIST,00_INBOX - Входящи - Eingang/Accounting_Organized/04_Health_Insurance/07-2022 #9109__copy3.pdf,": 59.309,28 Höhe der eingeräumten Kontoüberziehung: 0,00 Auftraggeber/Begünstigter Buchung Wertstellung Art Verwendungszweck Betrag in € Bozhidar Asenov 09.09.2022 09.09.2022 Überweisung Lohn-Gehalt Abrechnung 08/2022 -2.750,24 Kristiyan Petrov - Neue 09.09.2022 09.09.2022 Überweisung Lohn-Gehalt Abrechnung 08/2022 -1.847,26 Stoyan Todinov 09.09.2022 09.09.2022 Überweisung Lohn-Gehalt Abrechnung 08/2022 -1.626,58 Bor",HIGH
NORMAL_MONTHLY_PAYMENT,Payment amount exists but no arrears context is stated.,2022-06-03,2022-07,AOK Nordost,2750.24,,PAYMENT_EVIDENCE_OR_PAYMENT_LIST,00_INBOX - Входящи - Eingang/Accounting_Organized/14_Duplicates/07-2022 #9109.pdf,": 59.309,28 Höhe der eingeräumten Kontoüberziehung: 0,00 Auftraggeber/Begünstigter Buchung Wertstellung Art Verwendungszweck Betrag in € Bozhidar Asenov 09.09.2022 09.09.2022 Überweisung Lohn-Gehalt Abrechnung 08/2022 -2.750,24 Kristiyan Petrov - Neue 09.09.2022 09.09.2022 Überweisung Lohn-Gehalt Abrechnung 08/2022 -1.847,26 Stoyan Todinov 09.09.2022 09.09.2022 Überweisung Lohn-Gehalt Abrechnung 08/2022 -1.626,58 Bor",HIGH
NORMAL_MONTHLY_PAYMENT,Payment amount exists but no arrears context is stated.,2022-06-03,2022-07,AOK Nordost,2750.24,,PAYMENT_EVIDENCE_OR_PAYMENT_LIST,00_INBOX - Входящи - Eingang/Accounting_Organized/14_Duplicates/07-2022 #9109__copy2.pdf,": 59.309,28 Höhe der eingeräumten Kontoüberziehung: 0,00 Auftraggeber/Begünstigter Buchung Wertstellung Art Verwendungszweck Betrag in € Bozhidar Asenov 09.09.2022 09.09.2022 Überweisung Lohn-Gehalt Abrechnung 08/2022 -2.750,24 Kristiyan Petrov - Neue 09.09.2022 09.09.2022 Überweisung Lohn-Gehalt Abrechnung 08/2022 -1.847,26 Stoyan Todinov 09.09.2022 09.09.2022 Überweisung Lohn-Gehalt Abrechnung 08/2022 -1.626,58 Bor",HIGH
NORMAL_MONTHLY_PAYMENT,Payment amount exists but no arrears context is stated.,2022-06-03,2022-07,AOK Nordost,2750.24,,PAYMENT_EVIDENCE_OR_PAYMENT_LIST,00_INBOX - Входящи - Eingang/Accounting_Organized/14_Duplicates/07-2022 #9109__copy3.pdf,": 59.309,28 Höhe der eingeräumten Kontoüberziehung: 0,00 Auftraggeber/Begünstigter Buchung Wertstellung Art Verwendungszweck Betrag in € Bozhidar Asenov 09.09.2022 09.09.2022 Überweisung Lohn-Gehalt Abrechnung 08/2022 -2.750,24 Kristiyan Petrov - Neue 09.09.2022 09.09.2022 Überweisung Lohn-Gehalt Abrechnung 08/2022 -1.847,26 Stoyan Todinov 09.09.2022 09.09.2022 Überweisung Lohn-Gehalt Abrechnung 08/2022 -1.626,58 Bor",HIGH
NORMAL_MONTHLY_PAYMENT,Payment amount exists but no arrears context is stated.,2022-06-03,2022-07,AOK PLUS,2750.24,,PAYMENT_EVIDENCE_OR_PAYMENT_LIST,00_INBOX - Входящи - Eingang/Accounting/8. Überweisungsnachweise bzw. Barzahlungsquittungen/old/###########          2022-2023/07-2022 #9109.pdf,": 59.309,28 Höhe der eingeräumten Kontoüberziehung: 0,00 Auftraggeber/Begünstigter Buchung Wertstellung Art Verwendungszweck Betrag in € Bozhidar Asenov 09.09.2022 09.09.2022 Überweisung Lohn-Gehalt Abrechnung 08/2022 -2.750,24 Kristiyan Petrov - Neue 09.09.2022 09.09.2022 Überweisung Lohn-Gehalt Abrechnung 08/2022 -1.847,26 Stoyan Todinov 09.09.2022 09.09.2022 Überweisung Lohn-Gehalt Abrechnung 08/2022 -1.626,58 Bor",HIGH
NORMAL_MONTHLY_PAYMENT,Payment amount exists but no arrears context is stated.,2022-06-03,2022-07,AOK PLUS,2750.24,,PAYMENT_EVIDENCE_OR_PAYMENT_LIST,00_INBOX - Входящи - Eingang/Accounting/8. Überweisungsnachweise bzw. Barzahlungsquittungen/old/bankstatementsfrom2022untilnow/2022/07-2022 #9109.pdf,": 59.309,28 Höhe der eingeräumten Kontoüberziehung: 0,00 Auftraggeber/Begünstigter Buchung Wertstellung Art Verwendungszweck Betrag in € Bozhidar Asenov 09.09.2022 09.09.2022 Überweisung Lohn-Gehalt Abrechnung 08/2022 -2.750,24 Kristiyan Petrov - Neue 09.09.2022 09.09.2022 Überweisung Lohn-Gehalt Abrechnung 08/2022 -1.847,26 Stoyan Todinov 09.09.2022 09.09.2022 Überweisung Lohn-Gehalt Abrechnung 08/2022 -1.626,58 Bor",HIGH
NORMAL_MONTHLY_PAYMENT,Payment amount exists but no arrears context is stated.,2022-06-03,2022-07,AOK PLUS,2750.24,,PAYMENT_EVIDENCE_OR_PAYMENT_LIST,00_INBOX - Входящи - Eingang/Accounting_Organized/04_Health_Insurance/07-2022 #9109.pdf,": 59.309,28 Höhe der eingeräumten Kontoüberziehung: 0,00 Auftraggeber/Begünstigter Buchung Wertstellung Art Verwendungszweck Betrag in € Bozhidar Asenov 09.09.2022 09.09.2022 Überweisung Lohn-Gehalt Abrechnung 08/2022 -2.750,24 Kristiyan Petrov - Neue 09.09.2022 09.09.2022 Überweisung Lohn-Gehalt Abrechnung 08/2022 -1.847,26 Stoyan Todinov 09.09.2022 09.09.2022 Überweisung Lohn-Gehalt Abrechnung 08/2022 -1.626,58 Bor",HIGH
NORMAL_MONTHLY_PAYMENT,Payment amount exists but no arrears context is stated.,2022-06-03,2022-07,AOK PLUS,2750.24,,PAYMENT_EVIDENCE_OR_PAYMENT_LIST,00_INBOX - Входящи - Eingang/Accounting_Organized/04_Health_Insurance/07-2022 #9109__copy2.pdf,": 59.309,28 Höhe der eingeräumten Kontoüberziehung: 0,00 Auftraggeber/Begünstigter Buchung Wertstellung Art Verwendungszweck Betrag in € Bozhidar Asenov 09.09.2022 09.09.2022 Überweisung Lohn-Gehalt Abrechnung 08/2022 -2.750,24 Kristiyan Petrov - Neue 09.09.2022 09.09.2022 Überweisung Lohn-Gehalt Abrechnung 08/2022 -1.847,26 Stoyan Todinov 09.09.2022 09.09.2022 Überweisung Lohn-Gehalt Abrechnung 08/2022 -1.626,58 Bor",HIGH
NORMAL_MONTHLY_PAYMENT,Payment amount exists but no arrears context is stated.,2022-06-03,2022-07,AOK PLUS,2750.24,,PAYMENT_EVIDENCE_OR_PAYMENT_LIST,00_INBOX - Входящи - Eingang/Accounting_Organized/04_Health_Insurance/07-2022 #9109__copy3.pdf,": 59.309,28 Höhe der eingeräumten Kontoüberziehung: 0,00 Auftraggeber/Begünstigter Buchung Wertstellung Art Verwendungszweck Betrag in € Bozhidar Asenov 09.09.2022 09.09.2022 Überweisung Lohn-Gehalt Abrechnung 08/2022 -2.750,24 Kristiyan Petrov - Neue 09.09.2022 09.09.2022 Überweisung Lohn-Gehalt Abrechnung 08/2022 -1.847,26 Stoyan Todinov 09.09.2022 09.09.2022 Überweisung Lohn-Gehalt Abrechnung 08/2022 -1.626,58 Bor",HIGH
NORMAL_MONTHLY_PAYMENT,Payment amount exists but no arrears context is stated.,2022-06-03,2022-07,AOK PLUS,2750.24,,PAYMENT_EVIDENCE_OR_PAYMENT_LIST,00_INBOX - Входящи - Eingang/Accounting_Organized/14_Duplicates/07-2022 #9109.pdf,": 59.309,28 Höhe der eingeräumten Kontoüberziehung: 0,00 Auftraggeber/Begünstigter Buchung Wertstellung Art Verwendungszweck Betrag in € Bozhidar Asenov 09.09.2022 09.09.2022 Überweisung Lohn-Gehalt Abrechnung 08/2022 -2.750,24 Kristiyan Petrov - Neue 09.09.2022 09.09.2022 Überweisung Lohn-Gehalt Abrechnung 08/2022 -1.847,26 Stoyan Todinov 09.09.2022 09.09.2022 Überweisung Lohn-Gehalt Abrechnung 08/2022 -1.626,58 Bor",HIGH
NORMAL_MONTHLY_PAYMENT,Payment amount exists but no arrears context is stated.,2022-06-03,2022-07,AOK PLUS,2750.24,,PAYMENT_EVIDENCE_OR_PAYMENT_LIST,00_INBOX - Входящи - Eingang/Accounting_Organized/14_Duplicates/07-2022 #9109__copy2.pdf,": 59.309,28 Höhe der eingeräumten Kontoüberziehung: 0,00 Auftraggeber/Begünstigter Buchung Wertstellung Art Verwendungszweck Betrag in € Bozhidar Asenov 09.09.2022 09.09.2022 Überweisung Lohn-Gehalt Abrechnung 08/2022 -2.750,24 Kristiyan Petrov - Neue 09.09.2022 09.09.2022 Überweisung Lohn-Gehalt Abrechnung 08/2022 -1.847,26 Stoyan Todinov 09.09.2022 09.09.2022 Überweisung Lohn-Gehalt Abrechnung 08/2022 -1.626,58 Bor",HIGH
NORMAL_MONTHLY_PAYMENT,Payment amount exists but no arrears context is stated.,2022-06-03,2022-07,AOK PLUS,2750.24,,PAYMENT_EVIDENCE_OR_PAYMENT_LIST,00_INBOX - Входящи - Eingang/Accounting_Organized/14_Duplicates/07-2022 #9109__copy3.pdf,": 59.309,28 Höhe der eingeräumten Kontoüberziehung: 0,00 Auftraggeber/Begünstigter Buchung Wertstellung Art Verwendungszweck Betrag in € Bozhidar Asenov 09.09.2022 09.09.2022 Überweisung Lohn-Gehalt Abrechnung 08/2022 -2.750,24 Kristiyan Petrov - Neue 09.09.2022 09.09.2022 Überweisung Lohn-Gehalt Abrechnung 08/2022 -1.847,26 Stoyan Todinov 09.09.2022 09.09.2022 Überweisung Lohn-Gehalt Abrechnung 08/2022 -1.626,58 Bor",HIGH
NORMAL_MONTHLY_PAYMENT,Payment amount exists but no arrears context is stated.,2022-06-03,2022-07,Techniker Krankenkasse,2750.24,,PAYMENT_EVIDENCE_OR_PAYMENT_LIST,00_INBOX - Входящи - Eingang/Accounting/8. Überweisungsnachweise bzw. Barzahlungsquittungen/old/###########          2022-2023/07-2022 #9109.pdf,": 59.309,28 Höhe der eingeräumten Kontoüberziehung: 0,00 Auftraggeber/Begünstigter Buchung Wertstellung Art Verwendungszweck Betrag in € Bozhidar Asenov 09.09.2022 09.09.2022 Überweisung Lohn-Gehalt Abrechnung 08/2022 -2.750,24 Kristiyan Petrov - Neue 09.09.2022 09.09.2022 Überweisung Lohn-Gehalt Abrechnung 08/2022 -1.847,26 Stoyan Todinov 09.09.2022 09.09.2022 Überweisung Lohn-Gehalt Abrechnung 08/2022 -1.626,58 Bor",HIGH
NORMAL_MONTHLY_PAYMENT,Payment amount exists but no arrears context is stated.,2022-06-03,2022-07,Techniker Krankenkasse,2750.24,,PAYMENT_EVIDENCE_OR_PAYMENT_LIST,00_INBOX - Входящи - Eingang/Accounting/8. Überweisungsnachweise bzw. Barzahlungsquittungen/old/bankstatementsfrom2022untilnow/2022/07-2022 #9109.pdf,": 59.309,28 Höhe der eingeräumten Kontoüberziehung: 0,00 Auftraggeber/Begünstigter Buchung Wertstellung Art Verwendungszweck Betrag in € Bozhidar Asenov 09.09.2022 09.09.2022 Überweisung Lohn-Gehalt Abrechnung 08/2022 -2.750,24 Kristiyan Petrov - Neue 09.09.2022 09.09.2022 Überweisung Lohn-Gehalt Abrechnung 08/2022 -1.847,26 Stoyan Todinov 09.09.2022 09.09.2022 Überweisung Lohn-Gehalt Abrechnung 08/2022 -1.626,58 Bor",HIGH
NORMAL_MONTHLY_PAYMENT,Payment amount exists but no arrears context is stated.,2022-06-03,2022-07,Techniker Krankenkasse,2750.24,,PAYMENT_EVIDENCE_OR_PAYMENT_LIST,00_INBOX - Входящи - Eingang/Accounting_Organized/04_Health_Insurance/07-2022 #9109.pdf,": 59.309,28 Höhe der eingeräumten Kontoüberziehung: 0,00 Auftraggeber/Begünstigter Buchung Wertstellung Art Verwendungszweck Betrag in € Bozhidar Asenov 09.09.2022 09.09.2022 Überweisung Lohn-Gehalt Abrechnung 08/2022 -2.750,24 Kristiyan Petrov - Neue 09.09.2022 09.09.2022 Überweisung Lohn-Gehalt Abrechnung 08/2022 -1.847,26 Stoyan Todinov 09.09.2022 09.09.2022 Überweisung Lohn-Gehalt Abrechnung 08/2022 -1.626,58 Bor",HIGH
NORMAL_MONTHLY_PAYMENT,Payment amount exists but no arrears context is stated.,2022-06-03,2022-07,Techniker Krankenkasse,2750.24,,PAYMENT_EVIDENCE_OR_PAYMENT_LIST,00_INBOX - Входящи - Eingang/Accounting_Organized/04_Health_Insurance/07-2022 #9109__copy2.pdf,": 59.309,28 Höhe der eingeräumten Kontoüberziehung: 0,00 Auftraggeber/Begünstigter Buchung Wertstellung Art Verwendungszweck Betrag in € Bozhidar Asenov 09.09.2022 09.09.2022 Überweisung Lohn-Gehalt Abrechnung 08/2022 -2.750,24 Kristiyan Petrov - Neue 09.09.2022 09.09.2022 Überweisung Lohn-Gehalt Abrechnung 08/2022 -1.847,26 Stoyan Todinov 09.09.2022 09.09.2022 Überweisung Lohn-Gehalt Abrechnung 08/2022 -1.626,58 Bor",HIGH
NORMAL_MONTHLY_PAYMENT,Payment amount exists but no arrears context is stated.,2022-06-03,2022-07,Techniker Krankenkasse,2750.24,,PAYMENT_EVIDENCE_OR_PAYMENT_LIST,00_INBOX - Входящи - Eingang/Accounting_Organized/04_Health_Insurance/07-2022 #9109__copy3.pdf,": 59.309,28 Höhe der eingeräumten Kontoüberziehung: 0,00 Auftraggeber/Begünstigter Buchung Wertstellung Art Verwendungszweck Betrag in € Bozhidar Asenov 09.09.2022 09.09.2022 Überweisung Lohn-Gehalt Abrechnung 08/2022 -2.750,24 Kristiyan Petrov - Neue 09.09.2022 09.09.2022 Überweisung Lohn-Gehalt Abrechnung 08/2022 -1.847,26 Stoyan Todinov 09.09.2022 09.09.2022 Überweisung Lohn-Gehalt Abrechnung 08/2022 -1.626,58 Bor",HIGH
NORMAL_MONTHLY_PAYMENT,Payment amount exists but no arrears context is stated.,2022-06-03,2022-07,Techniker Krankenkasse,2750.24,,PAYMENT_EVIDENCE_OR_PAYMENT_LIST,00_INBOX - Входящи - Eingang/Accounting_Organized/14_Duplicates/07-2022 #9109.pdf,": 59.309,28 Höhe der eingeräumten Kontoüberziehung: 0,00 Auftraggeber/Begünstigter Buchung Wertstellung Art Verwendungszweck Betrag in € Bozhidar Asenov 09.09.2022 09.09.2022 Überweisung Lohn-Gehalt Abrechnung 08/2022 -2.750,24 Kristiyan Petrov - Neue 09.09.2022 09.09.2022 Überweisung Lohn-Gehalt Abrechnung 08/2022 -1.847,26 Stoyan Todinov 09.09.2022 09.09.2022 Überweisung Lohn-Gehalt Abrechnung 08/2022 -1.626,58 Bor",HIGH
NORMAL_MONTHLY_PAYMENT,Payment amount exists but no arrears context is stated.,2022-06-03,2022-07,Techniker Krankenkasse,2750.24,,PAYMENT_EVIDENCE_OR_PAYMENT_LIST,00_INBOX - Входящи - Eingang/Accounting_Organized/14_Duplicates/07-2022 #9109__copy2.pdf,": 59.309,28 Höhe der eingeräumten Kontoüberziehung: 0,00 Auftraggeber/Begünstigter Buchung Wertstellung Art Verwendungszweck Betrag in € Bozhidar Asenov 09.09.2022 09.09.2022 Überweisung Lohn-Gehalt Abrechnung 08/2022 -2.750,24 Kristiyan Petrov - Neue 09.09.2022 09.09.2022 Überweisung Lohn-Gehalt Abrechnung 08/2022 -1.847,26 Stoyan Todinov 09.09.2022 09.09.2022 Überweisung Lohn-Gehalt Abrechnung 08/2022 -1.626,58 Bor",HIGH
NORMAL_MONTHLY_PAYMENT,Payment amount exists but no arrears context is stated.,2022-06-03,2022-07,Techniker Krankenkasse,2750.24,,PAYMENT_EVIDENCE_OR_PAYMENT_LIST,00_INBOX - Входящи - Eingang/Accounting_Organized/14_Duplicates/07-2022 #9109__copy3.pdf,": 59.309,28 Höhe der eingeräumten Kontoüberziehung: 0,00 Auftraggeber/Begünstigter Buchung Wertstellung Art Verwendungszweck Betrag in € Bozhidar Asenov 09.09.2022 09.09.2022 Überweisung Lohn-Gehalt Abrechnung 08/2022 -2.750,24 Kristiyan Petrov - Neue 09.09.2022 09.09.2022 Überweisung Lohn-Gehalt Abrechnung 08/2022 -1.847,26 Stoyan Todinov 09.09.2022 09.09.2022 Überweisung Lohn-Gehalt Abrechnung 08/2022 -1.626,58 Bor",HIGH
NORMAL_MONTHLY_PAYMENT,Payment amount exists but no arrears context is stated.,,2022-07,AOK Plus,-2750.24,19.08,HEALTH_INSURANCE_EXTRACTED_ROW,00_INBOX - Входящи - Eingang/Accounting_Organized/04_Health_Insurance/07-2022 #9109.pdf,"Beitraege 08/22 -1.030,32",HIGH
NORMAL_MONTHLY_PAYMENT,Payment amount exists but no arrears context is stated.,,2022-10,AOK Plus,-600.00,30.09,HEALTH_INSURANCE_EXTRACTED_ROW,00_INBOX - Входящи - Eingang/Accounting_Organized/04_Health_Insurance/10-2022 #9109.pdf,"Beitraege 10/22 -983,10",HIGH
NORMAL_MONTHLY_PAYMENT,Payment amount exists but no arrears context is stated.,2022-11-28,2023-02,AOK Baden-Wuerttemberg,148878.17,,PAYMENT_EVIDENCE_OR_PAYMENT_LIST,00_INBOX - Входящи - Eingang/Accounting/8. Überweisungsnachweise bzw. Barzahlungsquittungen/old/bankstatementsfrom2022untilnow/02-2023 #9109.pdf,"in € Hermes Germany GmbH 07.03.2023 07.03.2023 Gutschrift Referenz 2000016306 53269508 120-2300018244 120-2300018 649 EDV02633. 148.878,17 Vodafone GmbH 07.03.2023 07.03.2023 Lastschrift Referenz 0000113189500 001867506967 5 Mandat DE04KMMC000113189500T0215787 66 Einreicher-ID DE26ZZZ00000006194 0000113189500 0018675069675 Vodafon e Rechnung Rechnungsnr: 11955624316 8 KdNr. 113189500 Vodafone sagt Dan ke -170,57 AMAZ",HIGH
NORMAL_MONTHLY_PAYMENT,Payment amount exists but no arrears context is stated.,2022-11-28,2023-02,AOK Hessen,148878.17,,PAYMENT_EVIDENCE_OR_PAYMENT_LIST,00_INBOX - Входящи - Eingang/Accounting/8. Überweisungsnachweise bzw. Barzahlungsquittungen/old/bankstatementsfrom2022untilnow/02-2023 #9109.pdf,"in € Hermes Germany GmbH 07.03.2023 07.03.2023 Gutschrift Referenz 2000016306 53269508 120-2300018244 120-2300018 649 EDV02633. 148.878,17 Vodafone GmbH 07.03.2023 07.03.2023 Lastschrift Referenz 0000113189500 001867506967 5 Mandat DE04KMMC000113189500T0215787 66 Einreicher-ID DE26ZZZ00000006194 0000113189500 0018675069675 Vodafon e Rechnung Rechnungsnr: 11955624316 8 KdNr. 113189500 Vodafone sagt Dan ke -170,57 AMAZ",HIGH
NORMAL_MONTHLY_PAYMENT,Payment amount exists but no arrears context is stated.,2022-11-28,2023-02,AOK Nordost,148878.17,,PAYMENT_EVIDENCE_OR_PAYMENT_LIST,00_INBOX - Входящи - Eingang/Accounting/8. Überweisungsnachweise bzw. Barzahlungsquittungen/old/bankstatementsfrom2022untilnow/02-2023 #9109.pdf,"in € Hermes Germany GmbH 07.03.2023 07.03.2023 Gutschrift Referenz 2000016306 53269508 120-2300018244 120-2300018 649 EDV02633. 148.878,17 Vodafone GmbH 07.03.2023 07.03.2023 Lastschrift Referenz 0000113189500 001867506967 5 Mandat DE04KMMC000113189500T0215787 66 Einreicher-ID DE26ZZZ00000006194 0000113189500 0018675069675 Vodafon e Rechnung Rechnungsnr: 11955624316 8 KdNr. 113189500 Vodafone sagt Dan ke -170,57 AMAZ",HIGH
NORMAL_MONTHLY_PAYMENT,Payment amount exists but no arrears context is stated.,2022-11-28,2023-02,AOK PLUS,148878.17,,PAYMENT_EVIDENCE_OR_PAYMENT_LIST,00_INBOX - Входящи - Eingang/Accounting/8. Überweisungsnachweise bzw. Barzahlungsquittungen/old/bankstatementsfrom2022untilnow/02-2023 #9109.pdf,"in € Hermes Germany GmbH 07.03.2023 07.03.2023 Gutschrift Referenz 2000016306 53269508 120-2300018244 120-2300018 649 EDV02633. 148.878,17 Vodafone GmbH 07.03.2023 07.03.2023 Lastschrift Referenz 0000113189500 001867506967 5 Mandat DE04KMMC000113189500T0215787 66 Einreicher-ID DE26ZZZ00000006194 0000113189500 0018675069675 Vodafon e Rechnung Rechnungsnr: 11955624316 8 KdNr. 113189500 Vodafone sagt Dan ke -170,57 AMAZ",HIGH
NORMAL_MONTHLY_PAYMENT,Payment amount exists but no arrears context is stated.,,2022-12,AOK Plus,-500.00,-23.43,HEALTH_INSURANCE_EXTRACTED_ROW,00_INBOX - Входящи - Eingang/Accounting_Organized/04_Health_Insurance/12-2022 #9109.pdf,"Beitraege 11/22 -1.190,42",HIGH
NORMAL_MONTHLY_PAYMENT,Payment amount exists but no arrears context is stated.,,2023-01,AOK Plus,-67.93,1.05,HEALTH_INSURANCE_EXTRACTED_ROW,00_INBOX - Входящи - Eingang/Accounting_Organized/06_Bank_Payments/10. Nachweis von Lohnzahlungen - Bankkontoumsätze 2023.pdf,"Lastschrift aus Kartenzahlung; BIC: PBNKDEFFXXX; IBAN: DE98 3701 0050 0555 6515 06 -67,93",HIGH
NORMAL_MONTHLY_PAYMENT,Payment amount exists but no arrears context is stated.,,2023-02,AOK Plus,-200.00,1.23,HEALTH_INSURANCE_EXTRACTED_ROW,00_INBOX - Входящи - Eingang/Accounting_Organized/04_Health_Insurance/02-2023 #9109.pdf,"Beitraege 02/23 -2.190,52",HIGH
NORMAL_MONTHLY_PAYMENT,Payment amount exists but no arrears context is stated.,2023-04-10,2023-03,AOK,23200.00,,PAYMENT_EVIDENCE_OR_PAYMENT_LIST,00_INBOX - Входящи - Eingang/Accounting/8. Überweisungsnachweise bzw. Barzahlungsquittungen/old/bankstatementsfrom2022untilnow/03-2023 #9120.pdf,"54dfd64218162cd197b07105b93444dcfc0a55de5 1/9 Postbank Giro plus Martin Zahariev DE43 1001 0010 0783 0891 20 Aktueller Kontostand 5.017,13 EUR Anstehende Umsätze -25,50 EUR Kartenzahlung Kartenzahlung 06.04.2023 Letzte Woche 5.000,00 EUR MARTIN ZAHARIEV SEPA Überweisung transfer 06.04.2023 -100,00 EUR Martin SEPA Überweisung Transfer 04.04.2023 200,00 EUR MARTIN ZAHARIEV SEPA Überweisung transfer 03.04.2023 -24,90 EU",HIGH
NORMAL_MONTHLY_PAYMENT,Payment amount exists but no arrears context is stated.,2023-04-10,2023-03,AOK,23200.00,,PAYMENT_EVIDENCE_OR_PAYMENT_LIST,00_INBOX - Входящи - Eingang/Accounting_Organized/06_Bank_Payments/03-2023 #9120.pdf,"54dfd64218162cd197b07105b93444dcfc0a55de5 1/9 Postbank Giro plus Martin Zahariev DE43 1001 0010 0783 0891 20 Aktueller Kontostand 5.017,13 EUR Anstehende Umsätze -25,50 EUR Kartenzahlung Kartenzahlung 06.04.2023 Letzte Woche 5.000,00 EUR MARTIN ZAHARIEV SEPA Überweisung transfer 06.04.2023 -100,00 EUR Martin SEPA Überweisung Transfer 04.04.2023 200,00 EUR MARTIN ZAHARIEV SEPA Überweisung transfer 03.04.2023 -24,90 EU",HIGH
NORMAL_MONTHLY_PAYMENT,Payment amount exists but no arrears context is stated.,2023-04-10,2023-03,AOK,23200.00,,PAYMENT_EVIDENCE_OR_PAYMENT_LIST,00_INBOX - Входящи - Eingang/Accounting_Organized/06_Bank_Payments/03-2023 #9120__copy2.pdf,"54dfd64218162cd197b07105b93444dcfc0a55de5 1/9 Postbank Giro plus Martin Zahariev DE43 1001 0010 0783 0891 20 Aktueller Kontostand 5.017,13 EUR Anstehende Umsätze -25,50 EUR Kartenzahlung Kartenzahlung 06.04.2023 Letzte Woche 5.000,00 EUR MARTIN ZAHARIEV SEPA Überweisung transfer 06.04.2023 -100,00 EUR Martin SEPA Überweisung Transfer 04.04.2023 200,00 EUR MARTIN ZAHARIEV SEPA Überweisung transfer 03.04.2023 -24,90 EU",HIGH
NORMAL_MONTHLY_PAYMENT,Payment amount exists but no arrears context is stated.,2023-04-10,2023-03,AOK,23200.00,,PAYMENT_EVIDENCE_OR_PAYMENT_LIST,00_INBOX - Входящи - Eingang/Accounting_Organized/06_Bank_Payments/03-2023 #9120__copy3.pdf,"54dfd64218162cd197b07105b93444dcfc0a55de5 1/9 Postbank Giro plus Martin Zahariev DE43 1001 0010 0783 0891 20 Aktueller Kontostand 5.017,13 EUR Anstehende Umsätze -25,50 EUR Kartenzahlung Kartenzahlung 06.04.2023 Letzte Woche 5.000,00 EUR MARTIN ZAHARIEV SEPA Überweisung transfer 06.04.2023 -100,00 EUR Martin SEPA Überweisung Transfer 04.04.2023 200,00 EUR MARTIN ZAHARIEV SEPA Überweisung transfer 03.04.2023 -24,90 EU",HIGH
UNCLEAR,"Arrears/outstanding context exists, but no repayment is documented.",2023-10-30,2023-09,AOK,,19.00,ARREARS_OR_ENFORCEMENT_NOTICE,00_INBOX - Входящи - Eingang/Accounting/accountings112023/90f3df27-1ca1-4b3a-9f1b-e33ffd37f10a.pdf,"42303 Rechnungsnummer: 230946 Rechnungsjahr: 2023 Übertrag 1.318,60 EUR Bezeichnung §, Abs., Nr. Zeitraum Gegenstandswert Satz Betrag Tab. § 16 StBVV 4 15,00 EUR Pfändungen Garnishment 60,00 EUR AN September/2023 Marco Brunettin 1.398,60 EUR 1.664,33 EUR 265,73 EUR Summe Nettobeträge Umsatzsteuerbetrag 19,00 % gemäß § 15 StBVV Rechnungsbetrag Bitte überweisen Sie den offenen Rechnungsbetrag unter Angabe der Rechnungs",HIGH
UNCLEAR,"Arrears/outstanding context exists, but no repayment is documented.",2023-10-30,2023-09,AOK,,19.00,ARREARS_OR_ENFORCEMENT_NOTICE,00_INBOX - Входящи - Eingang/Accounting_Organized/01_Accountant_Emails/90f3df27-1ca1-4b3a-9f1b-e33ffd37f10a.pdf,"42303 Rechnungsnummer: 230946 Rechnungsjahr: 2023 Übertrag 1.318,60 EUR Bezeichnung §, Abs., Nr. Zeitraum Gegenstandswert Satz Betrag Tab. § 16 StBVV 4 15,00 EUR Pfändungen Garnishment 60,00 EUR AN September/2023 Marco Brunettin 1.398,60 EUR 1.664,33 EUR 265,73 EUR Summe Nettobeträge Umsatzsteuerbetrag 19,00 % gemäß § 15 StBVV Rechnungsbetrag Bitte überweisen Sie den offenen Rechnungsbetrag unter Angabe der Rechnungs",HIGH
UNCLEAR,"Arrears/outstanding context exists, but no repayment is documented.",2023-10-30,2023-09,AOK,,19.00,ARREARS_OR_ENFORCEMENT_NOTICE,00_INBOX - Входящи - Eingang/Accounting_Organized/05_Taxes/90f3df27-1ca1-4b3a-9f1b-e33ffd37f10a.pdf,"42303 Rechnungsnummer: 230946 Rechnungsjahr: 2023 Übertrag 1.318,60 EUR Bezeichnung §, Abs., Nr. Zeitraum Gegenstandswert Satz Betrag Tab. § 16 StBVV 4 15,00 EUR Pfändungen Garnishment 60,00 EUR AN September/2023 Marco Brunettin 1.398,60 EUR 1.664,33 EUR 265,73 EUR Summe Nettobeträge Umsatzsteuerbetrag 19,00 % gemäß § 15 StBVV Rechnungsbetrag Bitte überweisen Sie den offenen Rechnungsbetrag unter Angabe der Rechnungs",HIGH
UNCLEAR,"Arrears/outstanding context exists, but no repayment is documented.",2023-10-30,2023-09,AOK,,19.00,ARREARS_OR_ENFORCEMENT_NOTICE,00_INBOX - Входящи - Eingang/Accounting_Organized/05_Taxes/90f3df27-1ca1-4b3a-9f1b-e33ffd37f10a__copy2.pdf,"42303 Rechnungsnummer: 230946 Rechnungsjahr: 2023 Übertrag 1.318,60 EUR Bezeichnung §, Abs., Nr. Zeitraum Gegenstandswert Satz Betrag Tab. § 16 StBVV 4 15,00 EUR Pfändungen Garnishment 60,00 EUR AN September/2023 Marco Brunettin 1.398,60 EUR 1.664,33 EUR 265,73 EUR Summe Nettobeträge Umsatzsteuerbetrag 19,00 % gemäß § 15 StBVV Rechnungsbetrag Bitte überweisen Sie den offenen Rechnungsbetrag unter Angabe der Rechnungs",HIGH
NORMAL_MONTHLY_PAYMENT,Payment amount exists but no arrears context is stated.,,2023-12,AOK Plus,6239.86,,HEALTH_INSURANCE_EXTRACTED_ROW,00_INBOX - Входящи - Eingang/Accounting_Organized/02_Payroll/Pay Roll 12.2023.pdf,"beiträge bereits bezahlt wurden. *** Finanzamt 09097 Chemnitz Bar/Einzug 215/291/01497 12/2023 6.239,86",HIGH
UNCLEAR,"Arrears/outstanding context exists, but no repayment is documented.",2023-12-28,2023-12,AOK,,,ARREARS_OR_ENFORCEMENT_NOTICE,"00_INBOX - Входящи - Eingang/Accounting/accountings112023/39739 - Rechnung 231128_2023 vom 28.12.2023, Aufträge 31_23, 32_23, 33_23, 34_23, 50_23, 98_23, Mandant 42303.pdf","g von Lohnkonten und Aufnahme der Stammdaten 25,00 EUR AN November/2023 2 15,00 EUR Abmeldung eines Arbeitnehmers nach § 25 DEÜV 30,00 EUR AN November/2023 1 15,00 EUR Pfändungen Garnishment 15,00 EUR AN November/2023 1 15,00 EUR Bescheinigung für die Familienkasse Certificate for the family fund 15,00 EUR AN November/2023 Seite 1 Übertrag 1.298,60 EUR [[page 2]] Mandantennummer: 42303 Rechnungsnummer: 231128 Rechnun",MEDIUM
UNCLEAR,"Arrears/outstanding context exists, but no repayment is documented.",2023-12-28,2023-12,AOK,,,ARREARS_OR_ENFORCEMENT_NOTICE,"00_INBOX - Входящи - Eingang/Accounting_Organized/01_Accountant_Emails/39739 - Rechnung 231128_2023 vom 28.12.2023, Aufträge 31_23, 32_23, 33_23, 34_23, 50_23, 98_23, Mandant 42303.pdf","g von Lohnkonten und Aufnahme der Stammdaten 25,00 EUR AN November/2023 2 15,00 EUR Abmeldung eines Arbeitnehmers nach § 25 DEÜV 30,00 EUR AN November/2023 1 15,00 EUR Pfändungen Garnishment 15,00 EUR AN November/2023 1 15,00 EUR Bescheinigung für die Familienkasse Certificate for the family fund 15,00 EUR AN November/2023 Seite 1 Übertrag 1.298,60 EUR [[page 2]] Mandantennummer: 42303 Rechnungsnummer: 231128 Rechnun",MEDIUM
UNCLEAR,"Arrears/outstanding context exists, but no repayment is documented.",2023-12-28,2023-12,AOK,,,ARREARS_OR_ENFORCEMENT_NOTICE,"00_INBOX - Входящи - Eingang/Accounting_Organized/08_Operating_Costs/39739 - Rechnung 231128_2023 vom 28.12.2023, Aufträge 31_23, 32_23, 33_23, 34_23, 50_23, 98_23, Mandant 42303.pdf","g von Lohnkonten und Aufnahme der Stammdaten 25,00 EUR AN November/2023 2 15,00 EUR Abmeldung eines Arbeitnehmers nach § 25 DEÜV 30,00 EUR AN November/2023 1 15,00 EUR Pfändungen Garnishment 15,00 EUR AN November/2023 1 15,00 EUR Bescheinigung für die Familienkasse Certificate for the family fund 15,00 EUR AN November/2023 Seite 1 Übertrag 1.298,60 EUR [[page 2]] Mandantennummer: 42303 Rechnungsnummer: 231128 Rechnun",MEDIUM
UNCLEAR,"Arrears/outstanding context exists, but no repayment is documented.",2023-12-28,2023-12,AOK,,,ARREARS_OR_ENFORCEMENT_NOTICE,"00_INBOX - Входящи - Eingang/Accounting_Organized/08_Operating_Costs/39739 - Rechnung 231128_2023 vom 28.12.2023, Aufträge 31_23, 32_23, 33_23, 34_23, 50_23, 98_23, Mandant 42303__copy2.pdf","g von Lohnkonten und Aufnahme der Stammdaten 25,00 EUR AN November/2023 2 15,00 EUR Abmeldung eines Arbeitnehmers nach § 25 DEÜV 30,00 EUR AN November/2023 1 15,00 EUR Pfändungen Garnishment 15,00 EUR AN November/2023 1 15,00 EUR Bescheinigung für die Familienkasse Certificate for the family fund 15,00 EUR AN November/2023 Seite 1 Übertrag 1.298,60 EUR [[page 2]] Mandantennummer: 42303 Rechnungsnummer: 231128 Rechnun",MEDIUM
UNCLEAR,"Arrears/outstanding context exists, but no repayment is documented.",2024-01-11,,AOK Hessen,,,ARREARS_OR_ENFORCEMENT_NOTICE,00_INBOX - Входящи - Eingang/Accounting/10001_12-2023_DivAuswertungen_DivMitarbeiter_ZZ1.pdf,eise zur Abrechnung Brutto-Bezüge Betrag Lohnart Bezeichnung Einheit Menge Faktor3 Prozentsatz St SV GB 4 4 5 Gesamt-Brutto Steuerrechtliche Abzüge Netto-Verdienst Betrag Auszahlungsbetrag SV-rechtliche Abzüge Steuer/Sozialversicherung Netto-Bezüge/Netto-Abzüge St Steuer-Brutto Lohnsteuer Kirchensteuer Solidaritätszuschlag St4 SV4 KV-Brutto RV-Brutto AV-Brutto PV-Brutto KV-Beitrag RV-Beitrag AV-Beitrag PV-Beitrag6 SV,MEDIUM
UNCLEAR,"Arrears/outstanding context exists, but no repayment is documented.",2024-01-11,,AOK Hessen,,,ARREARS_OR_ENFORCEMENT_NOTICE,00_INBOX - Входящи - Eingang/Accounting_Organized/02_Payroll/10001_12-2023_DivAuswertungen_DivMitarbeiter_ZZ1.pdf,eise zur Abrechnung Brutto-Bezüge Betrag Lohnart Bezeichnung Einheit Menge Faktor3 Prozentsatz St SV GB 4 4 5 Gesamt-Brutto Steuerrechtliche Abzüge Netto-Verdienst Betrag Auszahlungsbetrag SV-rechtliche Abzüge Steuer/Sozialversicherung Netto-Bezüge/Netto-Abzüge St Steuer-Brutto Lohnsteuer Kirchensteuer Solidaritätszuschlag St4 SV4 KV-Brutto RV-Brutto AV-Brutto PV-Brutto KV-Beitrag RV-Beitrag AV-Beitrag PV-Beitrag6 SV,MEDIUM
UNCLEAR,"Arrears/outstanding context exists, but no repayment is documented.",2024-01-11,,AOK Hessen,,,ARREARS_OR_ENFORCEMENT_NOTICE,00_INBOX - Входящи - Eingang/Accounting_Organized/02_Payroll/10001_12-2023_DivAuswertungen_DivMitarbeiter_ZZ1__copy2.pdf,eise zur Abrechnung Brutto-Bezüge Betrag Lohnart Bezeichnung Einheit Menge Faktor3 Prozentsatz St SV GB 4 4 5 Gesamt-Brutto Steuerrechtliche Abzüge Netto-Verdienst Betrag Auszahlungsbetrag SV-rechtliche Abzüge Steuer/Sozialversicherung Netto-Bezüge/Netto-Abzüge St Steuer-Brutto Lohnsteuer Kirchensteuer Solidaritätszuschlag St4 SV4 KV-Brutto RV-Brutto AV-Brutto PV-Brutto KV-Beitrag RV-Beitrag AV-Beitrag PV-Beitrag6 SV,MEDIUM
UNCLEAR,"Arrears/outstanding context exists, but no repayment is documented.",2024-01-11,,AOK Hessen,,,ARREARS_OR_ENFORCEMENT_NOTICE,00_INBOX - Входящи - Eingang/Accounting_Organized/13_Unknown_To_Review/10001_12-2023_DivAuswertungen_DivMitarbeiter_ZZ1.pdf,eise zur Abrechnung Brutto-Bezüge Betrag Lohnart Bezeichnung Einheit Menge Faktor3 Prozentsatz St SV GB 4 4 5 Gesamt-Brutto Steuerrechtliche Abzüge Netto-Verdienst Betrag Auszahlungsbetrag SV-rechtliche Abzüge Steuer/Sozialversicherung Netto-Bezüge/Netto-Abzüge St Steuer-Brutto Lohnsteuer Kirchensteuer Solidaritätszuschlag St4 SV4 KV-Brutto RV-Brutto AV-Brutto PV-Brutto KV-Beitrag RV-Beitrag AV-Beitrag PV-Beitrag6 SV,MEDIUM
UNCLEAR,"Arrears/outstanding context exists, but no repayment is documented.",2024-01-11,,AOK Nordost,,,ARREARS_OR_ENFORCEMENT_NOTICE,00_INBOX - Входящи - Eingang/Accounting/10001_12-2023_DivAuswertungen_DivMitarbeiter_ZZ1.pdf,eise zur Abrechnung Brutto-Bezüge Betrag Lohnart Bezeichnung Einheit Menge Faktor3 Prozentsatz St SV GB 4 4 5 Gesamt-Brutto Steuerrechtliche Abzüge Netto-Verdienst Betrag Auszahlungsbetrag SV-rechtliche Abzüge Steuer/Sozialversicherung Netto-Bezüge/Netto-Abzüge St Steuer-Brutto Lohnsteuer Kirchensteuer Solidaritätszuschlag St4 SV4 KV-Brutto RV-Brutto AV-Brutto PV-Brutto KV-Beitrag RV-Beitrag AV-Beitrag PV-Beitrag6 SV,MEDIUM
UNCLEAR,"Arrears/outstanding context exists, but no repayment is documented.",2024-01-11,,AOK Nordost,,,ARREARS_OR_ENFORCEMENT_NOTICE,00_INBOX - Входящи - Eingang/Accounting_Organized/02_Payroll/10001_12-2023_DivAuswertungen_DivMitarbeiter_ZZ1.pdf,eise zur Abrechnung Brutto-Bezüge Betrag Lohnart Bezeichnung Einheit Menge Faktor3 Prozentsatz St SV GB 4 4 5 Gesamt-Brutto Steuerrechtliche Abzüge Netto-Verdienst Betrag Auszahlungsbetrag SV-rechtliche Abzüge Steuer/Sozialversicherung Netto-Bezüge/Netto-Abzüge St Steuer-Brutto Lohnsteuer Kirchensteuer Solidaritätszuschlag St4 SV4 KV-Brutto RV-Brutto AV-Brutto PV-Brutto KV-Beitrag RV-Beitrag AV-Beitrag PV-Beitrag6 SV,MEDIUM
UNCLEAR,"Arrears/outstanding context exists, but no repayment is documented.",2024-01-11,,AOK Nordost,,,ARREARS_OR_ENFORCEMENT_NOTICE,00_INBOX - Входящи - Eingang/Accounting_Organized/02_Payroll/10001_12-2023_DivAuswertungen_DivMitarbeiter_ZZ1__copy2.pdf,eise zur Abrechnung Brutto-Bezüge Betrag Lohnart Bezeichnung Einheit Menge Faktor3 Prozentsatz St SV GB 4 4 5 Gesamt-Brutto Steuerrechtliche Abzüge Netto-Verdienst Betrag Auszahlungsbetrag SV-rechtliche Abzüge Steuer/Sozialversicherung Netto-Bezüge/Netto-Abzüge St Steuer-Brutto Lohnsteuer Kirchensteuer Solidaritätszuschlag St4 SV4 KV-Brutto RV-Brutto AV-Brutto PV-Brutto KV-Beitrag RV-Beitrag AV-Beitrag PV-Beitrag6 SV,MEDIUM
UNCLEAR,"Arrears/outstanding context exists, but no repayment is documented.",2024-01-11,,AOK Nordost,,,ARREARS_OR_ENFORCEMENT_NOTICE,00_INBOX - Входящи - Eingang/Accounting_Organized/13_Unknown_To_Review/10001_12-2023_DivAuswertungen_DivMitarbeiter_ZZ1.pdf,eise zur Abrechnung Brutto-Bezüge Betrag Lohnart Bezeichnung Einheit Menge Faktor3 Prozentsatz St SV GB 4 4 5 Gesamt-Brutto Steuerrechtliche Abzüge Netto-Verdienst Betrag Auszahlungsbetrag SV-rechtliche Abzüge Steuer/Sozialversicherung Netto-Bezüge/Netto-Abzüge St Steuer-Brutto Lohnsteuer Kirchensteuer Solidaritätszuschlag St4 SV4 KV-Brutto RV-Brutto AV-Brutto PV-Brutto KV-Beitrag RV-Beitrag AV-Beitrag PV-Beitrag6 SV,MEDIUM
UNCLEAR,"Arrears/outstanding context exists, but no repayment is documented.",2024-01-11,,KKH,,,ARREARS_OR_ENFORCEMENT_NOTICE,00_INBOX - Входящи - Eingang/Accounting/10001_12-2023_DivAuswertungen_DivMitarbeiter_ZZ1.pdf,eise zur Abrechnung Brutto-Bezüge Betrag Lohnart Bezeichnung Einheit Menge Faktor3 Prozentsatz St SV GB 4 4 5 Gesamt-Brutto Steuerrechtliche Abzüge Netto-Verdienst Betrag Auszahlungsbetrag SV-rechtliche Abzüge Steuer/Sozialversicherung Netto-Bezüge/Netto-Abzüge St Steuer-Brutto Lohnsteuer Kirchensteuer Solidaritätszuschlag St4 SV4 KV-Brutto RV-Brutto AV-Brutto PV-Brutto KV-Beitrag RV-Beitrag AV-Beitrag PV-Beitrag6 SV,MEDIUM
UNCLEAR,"Arrears/outstanding context exists, but no repayment is documented.",2024-01-11,,KKH,,,ARREARS_OR_ENFORCEMENT_NOTICE,00_INBOX - Входящи - Eingang/Accounting_Organized/02_Payroll/10001_12-2023_DivAuswertungen_DivMitarbeiter_ZZ1.pdf,eise zur Abrechnung Brutto-Bezüge Betrag Lohnart Bezeichnung Einheit Menge Faktor3 Prozentsatz St SV GB 4 4 5 Gesamt-Brutto Steuerrechtliche Abzüge Netto-Verdienst Betrag Auszahlungsbetrag SV-rechtliche Abzüge Steuer/Sozialversicherung Netto-Bezüge/Netto-Abzüge St Steuer-Brutto Lohnsteuer Kirchensteuer Solidaritätszuschlag St4 SV4 KV-Brutto RV-Brutto AV-Brutto PV-Brutto KV-Beitrag RV-Beitrag AV-Beitrag PV-Beitrag6 SV,MEDIUM
UNCLEAR,"Arrears/outstanding context exists, but no repayment is documented.",2024-01-11,,KKH,,,ARREARS_OR_ENFORCEMENT_NOTICE,00_INBOX - Входящи - Eingang/Accounting_Organized/02_Payroll/10001_12-2023_DivAuswertungen_DivMitarbeiter_ZZ1__copy2.pdf,eise zur Abrechnung Brutto-Bezüge Betrag Lohnart Bezeichnung Einheit Menge Faktor3 Prozentsatz St SV GB 4 4 5 Gesamt-Brutto Steuerrechtliche Abzüge Netto-Verdienst Betrag Auszahlungsbetrag SV-rechtliche Abzüge Steuer/Sozialversicherung Netto-Bezüge/Netto-Abzüge St Steuer-Brutto Lohnsteuer Kirchensteuer Solidaritätszuschlag St4 SV4 KV-Brutto RV-Brutto AV-Brutto PV-Brutto KV-Beitrag RV-Beitrag AV-Beitrag PV-Beitrag6 SV,MEDIUM
UNCLEAR,"Arrears/outstanding context exists, but no repayment is documented.",2024-01-11,,KKH,,,ARREARS_OR_ENFORCEMENT_NOTICE,00_INBOX - Входящи - Eingang/Accounting_Organized/13_Unknown_To_Review/10001_12-2023_DivAuswertungen_DivMitarbeiter_ZZ1.pdf,eise zur Abrechnung Brutto-Bezüge Betrag Lohnart Bezeichnung Einheit Menge Faktor3 Prozentsatz St SV GB 4 4 5 Gesamt-Brutto Steuerrechtliche Abzüge Netto-Verdienst Betrag Auszahlungsbetrag SV-rechtliche Abzüge Steuer/Sozialversicherung Netto-Bezüge/Netto-Abzüge St Steuer-Brutto Lohnsteuer Kirchensteuer Solidaritätszuschlag St4 SV4 KV-Brutto RV-Brutto AV-Brutto PV-Brutto KV-Beitrag RV-Beitrag AV-Beitrag PV-Beitrag6 SV,MEDIUM
UNCLEAR,"Arrears/outstanding context exists, but no repayment is documented.",2024-01-12,,AOK,,,ARREARS_OR_ENFORCEMENT_NOTICE,00_INBOX - Входящи - Eingang/Accounting/10001_12-2023_Brutto_NettoProbe_00025_ZZ1.pdf,eise zur Abrechnung Brutto-Bezüge Betrag Lohnart Bezeichnung Einheit Menge Faktor3 Prozentsatz St SV GB 4 4 5 Gesamt-Brutto Steuerrechtliche Abzüge Netto-Verdienst Betrag Auszahlungsbetrag SV-rechtliche Abzüge Steuer/Sozialversicherung Netto-Bezüge/Netto-Abzüge St Steuer-Brutto Lohnsteuer Kirchensteuer Solidaritätszuschlag St4 SV4 KV-Brutto RV-Brutto AV-Brutto PV-Brutto KV-Beitrag RV-Beitrag AV-Beitrag PV-Beitrag6 SV,MEDIUM
UNCLEAR,"Arrears/outstanding context exists, but no repayment is documented.",2024-01-12,2023-12,AOK,,,ARREARS_OR_ENFORCEMENT_NOTICE,00_INBOX - Входящи - Eingang/Accounting/payroll12_2023/Pay Roll 12.2023.pdf,"Usti Nad Labem 27 1 09119 Chemnitz Übersicht Zahlungen im Dezember 2023 Empfänger PLZ Ort Zahlart Verwendungszweck Betrag AOK Baden-Württemberg 70025 Stuttgart Überweisung 89878877 2.253,54 AOK Bayern Die Gesundheitsk 81739 München Überweisung 89878877 6.670,50 AOK Hessen 61281 Bad Homburg Überweisung 89878877",MEDIUM
UNCLEAR,"Arrears/outstanding context exists, but no repayment is documented.",2024-01-12,,AOK,,,ARREARS_OR_ENFORCEMENT_NOTICE,00_INBOX - Входящи - Eingang/Accounting_Organized/02_Payroll/10001_12-2023_Brutto_NettoProbe_00025_ZZ1.pdf,eise zur Abrechnung Brutto-Bezüge Betrag Lohnart Bezeichnung Einheit Menge Faktor3 Prozentsatz St SV GB 4 4 5 Gesamt-Brutto Steuerrechtliche Abzüge Netto-Verdienst Betrag Auszahlungsbetrag SV-rechtliche Abzüge Steuer/Sozialversicherung Netto-Bezüge/Netto-Abzüge St Steuer-Brutto Lohnsteuer Kirchensteuer Solidaritätszuschlag St4 SV4 KV-Brutto RV-Brutto AV-Brutto PV-Brutto KV-Beitrag RV-Beitrag AV-Beitrag PV-Beitrag6 SV,MEDIUM
UNCLEAR,"Arrears/outstanding context exists, but no repayment is documented.",2024-01-12,,AOK,,,ARREARS_OR_ENFORCEMENT_NOTICE,00_INBOX - Входящи - Eingang/Accounting_Organized/02_Payroll/10001_12-2023_Brutto_NettoProbe_00025_ZZ1__copy2.pdf,eise zur Abrechnung Brutto-Bezüge Betrag Lohnart Bezeichnung Einheit Menge Faktor3 Prozentsatz St SV GB 4 4 5 Gesamt-Brutto Steuerrechtliche Abzüge Netto-Verdienst Betrag Auszahlungsbetrag SV-rechtliche Abzüge Steuer/Sozialversicherung Netto-Bezüge/Netto-Abzüge St Steuer-Brutto Lohnsteuer Kirchensteuer Solidaritätszuschlag St4 SV4 KV-Brutto RV-Brutto AV-Brutto PV-Brutto KV-Beitrag RV-Beitrag AV-Beitrag PV-Beitrag6 SV,MEDIUM
UNCLEAR,"Arrears/outstanding context exists, but no repayment is documented.",2024-01-12,2023-12,AOK,,,ARREARS_OR_ENFORCEMENT_NOTICE,00_INBOX - Входящи - Eingang/Accounting_Organized/02_Payroll/Pay Roll 12.2023.pdf,"Usti Nad Labem 27 1 09119 Chemnitz Übersicht Zahlungen im Dezember 2023 Empfänger PLZ Ort Zahlart Verwendungszweck Betrag AOK Baden-Württemberg 70025 Stuttgart Überweisung 89878877 2.253,54 AOK Bayern Die Gesundheitsk 81739 München Überweisung 89878877 6.670,50 AOK Hessen 61281 Bad Homburg Überweisung 89878877",MEDIUM
UNCLEAR,"Arrears/outstanding context exists, but no repayment is documented.",2024-01-12,2023-12,AOK,,,ARREARS_OR_ENFORCEMENT_NOTICE,00_INBOX - Входящи - Eingang/Accounting_Organized/02_Payroll/Pay Roll 12.2023__copy2.pdf,"Usti Nad Labem 27 1 09119 Chemnitz Übersicht Zahlungen im Dezember 2023 Empfänger PLZ Ort Zahlart Verwendungszweck Betrag AOK Baden-Württemberg 70025 Stuttgart Überweisung 89878877 2.253,54 AOK Bayern Die Gesundheitsk 81739 München Überweisung 89878877 6.670,50 AOK Hessen 61281 Bad Homburg Überweisung 89878877",MEDIUM
UNCLEAR,"Arrears/outstanding context exists, but no repayment is documented.",2024-01-12,,AOK,,,ARREARS_OR_ENFORCEMENT_NOTICE,00_INBOX - Входящи - Eingang/Accounting_Organized/13_Unknown_To_Review/10001_12-2023_Brutto_NettoProbe_00025_ZZ1.pdf,eise zur Abrechnung Brutto-Bezüge Betrag Lohnart Bezeichnung Einheit Menge Faktor3 Prozentsatz St SV GB 4 4 5 Gesamt-Brutto Steuerrechtliche Abzüge Netto-Verdienst Betrag Auszahlungsbetrag SV-rechtliche Abzüge Steuer/Sozialversicherung Netto-Bezüge/Netto-Abzüge St Steuer-Brutto Lohnsteuer Kirchensteuer Solidaritätszuschlag St4 SV4 KV-Brutto RV-Brutto AV-Brutto PV-Brutto KV-Beitrag RV-Beitrag AV-Beitrag PV-Beitrag6 SV,MEDIUM
UNCLEAR,"Arrears/outstanding context exists, but no repayment is documented.",2024-01-12,2023-12,AOK,,,ARREARS_OR_ENFORCEMENT_NOTICE,00_INBOX - Входящи - Eingang/Accounting_Organized/13_Unknown_To_Review/Pay Roll 12.2023.pdf,"Usti Nad Labem 27 1 09119 Chemnitz Übersicht Zahlungen im Dezember 2023 Empfänger PLZ Ort Zahlart Verwendungszweck Betrag AOK Baden-Württemberg 70025 Stuttgart Überweisung 89878877 2.253,54 AOK Bayern Die Gesundheitsk 81739 München Überweisung 89878877 6.670,50 AOK Hessen 61281 Bad Homburg Überweisung 89878877",MEDIUM
UNCLEAR,"Arrears/outstanding context exists, but no repayment is documented.",2024-01-12,,KKH,,,ARREARS_OR_ENFORCEMENT_NOTICE,00_INBOX - Входящи - Eingang/Accounting/10001_12-2023_Brutto_NettoProbe_00025_ZZ1.pdf,eise zur Abrechnung Brutto-Bezüge Betrag Lohnart Bezeichnung Einheit Menge Faktor3 Prozentsatz St SV GB 4 4 5 Gesamt-Brutto Steuerrechtliche Abzüge Netto-Verdienst Betrag Auszahlungsbetrag SV-rechtliche Abzüge Steuer/Sozialversicherung Netto-Bezüge/Netto-Abzüge St Steuer-Brutto Lohnsteuer Kirchensteuer Solidaritätszuschlag St4 SV4 KV-Brutto RV-Brutto AV-Brutto PV-Brutto KV-Beitrag RV-Beitrag AV-Beitrag PV-Beitrag6 SV,MEDIUM
UNCLEAR,"Arrears/outstanding context exists, but no repayment is documented.",2024-01-12,,KKH,,,ARREARS_OR_ENFORCEMENT_NOTICE,00_INBOX - Входящи - Eingang/Accounting_Organized/02_Payroll/10001_12-2023_Brutto_NettoProbe_00025_ZZ1.pdf,eise zur Abrechnung Brutto-Bezüge Betrag Lohnart Bezeichnung Einheit Menge Faktor3 Prozentsatz St SV GB 4 4 5 Gesamt-Brutto Steuerrechtliche Abzüge Netto-Verdienst Betrag Auszahlungsbetrag SV-rechtliche Abzüge Steuer/Sozialversicherung Netto-Bezüge/Netto-Abzüge St Steuer-Brutto Lohnsteuer Kirchensteuer Solidaritätszuschlag St4 SV4 KV-Brutto RV-Brutto AV-Brutto PV-Brutto KV-Beitrag RV-Beitrag AV-Beitrag PV-Beitrag6 SV,MEDIUM
UNCLEAR,"Arrears/outstanding context exists, but no repayment is documented.",2024-01-12,,KKH,,,ARREARS_OR_ENFORCEMENT_NOTICE,00_INBOX - Входящи - Eingang/Accounting_Organized/02_Payroll/10001_12-2023_Brutto_NettoProbe_00025_ZZ1__copy2.pdf,eise zur Abrechnung Brutto-Bezüge Betrag Lohnart Bezeichnung Einheit Menge Faktor3 Prozentsatz St SV GB 4 4 5 Gesamt-Brutto Steuerrechtliche Abzüge Netto-Verdienst Betrag Auszahlungsbetrag SV-rechtliche Abzüge Steuer/Sozialversicherung Netto-Bezüge/Netto-Abzüge St Steuer-Brutto Lohnsteuer Kirchensteuer Solidaritätszuschlag St4 SV4 KV-Brutto RV-Brutto AV-Brutto PV-Brutto KV-Beitrag RV-Beitrag AV-Beitrag PV-Beitrag6 SV,MEDIUM
UNCLEAR,"Arrears/outstanding context exists, but no repayment is documented.",2024-01-12,,KKH,,,ARREARS_OR_ENFORCEMENT_NOTICE,00_INBOX - Входящи - Eingang/Accounting_Organized/13_Unknown_To_Review/10001_12-2023_Brutto_NettoProbe_00025_ZZ1.pdf,eise zur Abrechnung Brutto-Bezüge Betrag Lohnart Bezeichnung Einheit Menge Faktor3 Prozentsatz St SV GB 4 4 5 Gesamt-Brutto Steuerrechtliche Abzüge Netto-Verdienst Betrag Auszahlungsbetrag SV-rechtliche Abzüge Steuer/Sozialversicherung Netto-Bezüge/Netto-Abzüge St Steuer-Brutto Lohnsteuer Kirchensteuer Solidaritätszuschlag St4 SV4 KV-Brutto RV-Brutto AV-Brutto PV-Brutto KV-Beitrag RV-Beitrag AV-Beitrag PV-Beitrag6 SV,MEDIUM
UNCLEAR,"Arrears/outstanding context exists, but no repayment is documented.",2024-01-29,2024-01,AOK,,,ARREARS_OR_ENFORCEMENT_NOTICE,"00_INBOX - Входящи - Eingang/Accounting/accountings012024/40850 - Rechnung 240213_2024 vom 29.01.2024, Aufträge 31_24, 32_23, 33_23, 33_24, 34_24, 98_24, Mandant 42303.pdf","DEÜV 30,00 EUR AN Januar/2024 § 34 Abs. 1 StBVV 2022 3 25,00 EUR Erstmalige Einrichtung von Lohnkonten und Aufnahme der Stammdaten 75,00 EUR AN Januar/2024 2 15,00 EUR Pfändungen Garnishment 30,00 EUR AN Januar/2024 4 15,00 EUR Lohnbescheinigungen für die Arbeitnehmer (Certificate for the familiy fund/ housing benefit/parental leave) 60,00 EUR AN Januar/2024 Seite 1 Übertrag 1.559,20 EUR [[page 2]] Mandantennummer: 4",MEDIUM
UNCLEAR,"Arrears/outstanding context exists, but no repayment is documented.",2024-01-29,2024-01,AOK,,,ARREARS_OR_ENFORCEMENT_NOTICE,"00_INBOX - Входящи - Eingang/Accounting_Organized/01_Accountant_Emails/40850 - Rechnung 240213_2024 vom 29.01.2024, Aufträge 31_24, 32_23, 33_23, 33_24, 34_24, 98_24, Mandant 42303.pdf","DEÜV 30,00 EUR AN Januar/2024 § 34 Abs. 1 StBVV 2022 3 25,00 EUR Erstmalige Einrichtung von Lohnkonten und Aufnahme der Stammdaten 75,00 EUR AN Januar/2024 2 15,00 EUR Pfändungen Garnishment 30,00 EUR AN Januar/2024 4 15,00 EUR Lohnbescheinigungen für die Arbeitnehmer (Certificate for the familiy fund/ housing benefit/parental leave) 60,00 EUR AN Januar/2024 Seite 1 Übertrag 1.559,20 EUR [[page 2]] Mandantennummer: 4",MEDIUM
UNCLEAR,"Arrears/outstanding context exists, but no repayment is documented.",2024-01-29,2024-01,AOK,,,ARREARS_OR_ENFORCEMENT_NOTICE,"00_INBOX - Входящи - Eingang/Accounting_Organized/08_Operating_Costs/40850 - Rechnung 240213_2024 vom 29.01.2024, Aufträge 31_24, 32_23, 33_23, 33_24, 34_24, 98_24, Mandant 42303.pdf","DEÜV 30,00 EUR AN Januar/2024 § 34 Abs. 1 StBVV 2022 3 25,00 EUR Erstmalige Einrichtung von Lohnkonten und Aufnahme der Stammdaten 75,00 EUR AN Januar/2024 2 15,00 EUR Pfändungen Garnishment 30,00 EUR AN Januar/2024 4 15,00 EUR Lohnbescheinigungen für die Arbeitnehmer (Certificate for the familiy fund/ housing benefit/parental leave) 60,00 EUR AN Januar/2024 Seite 1 Übertrag 1.559,20 EUR [[page 2]] Mandantennummer: 4",MEDIUM
UNCLEAR,"Arrears/outstanding context exists, but no repayment is documented.",2024-01-29,2024-01,AOK,,,ARREARS_OR_ENFORCEMENT_NOTICE,"00_INBOX - Входящи - Eingang/Accounting_Organized/08_Operating_Costs/40850 - Rechnung 240213_2024 vom 29.01.2024, Aufträge 31_24, 32_23, 33_23, 33_24, 34_24, 98_24, Mandant 42303__copy2.pdf","DEÜV 30,00 EUR AN Januar/2024 § 34 Abs. 1 StBVV 2022 3 25,00 EUR Erstmalige Einrichtung von Lohnkonten und Aufnahme der Stammdaten 75,00 EUR AN Januar/2024 2 15,00 EUR Pfändungen Garnishment 30,00 EUR AN Januar/2024 4 15,00 EUR Lohnbescheinigungen für die Arbeitnehmer (Certificate for the familiy fund/ housing benefit/parental leave) 60,00 EUR AN Januar/2024 Seite 1 Übertrag 1.559,20 EUR [[page 2]] Mandantennummer: 4",MEDIUM
UNCLEAR,"Arrears/outstanding context exists, but no repayment is documented.",2024-02-14,,AOK Hessen,,,ARREARS_OR_ENFORCEMENT_NOTICE,00_INBOX - Входящи - Eingang/Accounting/10001_01-2024_DivAuswertungen_DivMitarbeiter_2Z1.pdf,eise zur Abrechnung Brutto-Bezüge Betrag Lohnart Bezeichnung Einheit Menge Faktor3 Prozentsatz St SV GB 4 4 5 Gesamt-Brutto Steuerrechtliche Abzüge Netto-Verdienst Betrag Auszahlungsbetrag SV-rechtliche Abzüge Steuer/Sozialversicherung Netto-Bezüge/Netto-Abzüge St Steuer-Brutto Lohnsteuer Kirchensteuer Solidaritätszuschlag St4 SV4 KV-Brutto RV-Brutto AV-Brutto PV-Brutto KV-Beitrag RV-Beitrag AV-Beitrag PV-Beitrag6 SV,MEDIUM
UNCLEAR,"Arrears/outstanding context exists, but no repayment is documented.",2024-02-14,,AOK Hessen,,,ARREARS_OR_ENFORCEMENT_NOTICE,00_INBOX - Входящи - Eingang/Accounting_Organized/02_Payroll/10001_01-2024_DivAuswertungen_DivMitarbeiter_2Z1.pdf,eise zur Abrechnung Brutto-Bezüge Betrag Lohnart Bezeichnung Einheit Menge Faktor3 Prozentsatz St SV GB 4 4 5 Gesamt-Brutto Steuerrechtliche Abzüge Netto-Verdienst Betrag Auszahlungsbetrag SV-rechtliche Abzüge Steuer/Sozialversicherung Netto-Bezüge/Netto-Abzüge St Steuer-Brutto Lohnsteuer Kirchensteuer Solidaritätszuschlag St4 SV4 KV-Brutto RV-Brutto AV-Brutto PV-Brutto KV-Beitrag RV-Beitrag AV-Beitrag PV-Beitrag6 SV,MEDIUM
UNCLEAR,"Arrears/outstanding context exists, but no repayment is documented.",2024-02-14,,AOK Hessen,,,ARREARS_OR_ENFORCEMENT_NOTICE,00_INBOX - Входящи - Eingang/Accounting_Organized/02_Payroll/10001_01-2024_DivAuswertungen_DivMitarbeiter_2Z1__copy2.pdf,eise zur Abrechnung Brutto-Bezüge Betrag Lohnart Bezeichnung Einheit Menge Faktor3 Prozentsatz St SV GB 4 4 5 Gesamt-Brutto Steuerrechtliche Abzüge Netto-Verdienst Betrag Auszahlungsbetrag SV-rechtliche Abzüge Steuer/Sozialversicherung Netto-Bezüge/Netto-Abzüge St Steuer-Brutto Lohnsteuer Kirchensteuer Solidaritätszuschlag St4 SV4 KV-Brutto RV-Brutto AV-Brutto PV-Brutto KV-Beitrag RV-Beitrag AV-Beitrag PV-Beitrag6 SV,MEDIUM
UNCLEAR,"Arrears/outstanding context exists, but no repayment is documented.",2024-02-14,,AOK Hessen,,,ARREARS_OR_ENFORCEMENT_NOTICE,00_INBOX - Входящи - Eingang/Accounting_Organized/13_Unknown_To_Review/10001_01-2024_DivAuswertungen_DivMitarbeiter_2Z1.pdf,eise zur Abrechnung Brutto-Bezüge Betrag Lohnart Bezeichnung Einheit Menge Faktor3 Prozentsatz St SV GB 4 4 5 Gesamt-Brutto Steuerrechtliche Abzüge Netto-Verdienst Betrag Auszahlungsbetrag SV-rechtliche Abzüge Steuer/Sozialversicherung Netto-Bezüge/Netto-Abzüge St Steuer-Brutto Lohnsteuer Kirchensteuer Solidaritätszuschlag St4 SV4 KV-Brutto RV-Brutto AV-Brutto PV-Brutto KV-Beitrag RV-Beitrag AV-Beitrag PV-Beitrag6 SV,MEDIUM
UNCLEAR,"Arrears/outstanding context exists, but no repayment is documented.",2024-02-14,,AOK Nordost,,,ARREARS_OR_ENFORCEMENT_NOTICE,00_INBOX - Входящи - Eingang/Accounting/10001_01-2024_DivAuswertungen_DivMitarbeiter_2Z1.pdf,eise zur Abrechnung Brutto-Bezüge Betrag Lohnart Bezeichnung Einheit Menge Faktor3 Prozentsatz St SV GB 4 4 5 Gesamt-Brutto Steuerrechtliche Abzüge Netto-Verdienst Betrag Auszahlungsbetrag SV-rechtliche Abzüge Steuer/Sozialversicherung Netto-Bezüge/Netto-Abzüge St Steuer-Brutto Lohnsteuer Kirchensteuer Solidaritätszuschlag St4 SV4 KV-Brutto RV-Brutto AV-Brutto PV-Brutto KV-Beitrag RV-Beitrag AV-Beitrag PV-Beitrag6 SV,MEDIUM
UNCLEAR,"Arrears/outstanding context exists, but no repayment is documented.",2024-02-14,,AOK Nordost,,,ARREARS_OR_ENFORCEMENT_NOTICE,00_INBOX - Входящи - Eingang/Accounting_Organized/02_Payroll/10001_01-2024_DivAuswertungen_DivMitarbeiter_2Z1.pdf,eise zur Abrechnung Brutto-Bezüge Betrag Lohnart Bezeichnung Einheit Menge Faktor3 Prozentsatz St SV GB 4 4 5 Gesamt-Brutto Steuerrechtliche Abzüge Netto-Verdienst Betrag Auszahlungsbetrag SV-rechtliche Abzüge Steuer/Sozialversicherung Netto-Bezüge/Netto-Abzüge St Steuer-Brutto Lohnsteuer Kirchensteuer Solidaritätszuschlag St4 SV4 KV-Brutto RV-Brutto AV-Brutto PV-Brutto KV-Beitrag RV-Beitrag AV-Beitrag PV-Beitrag6 SV,MEDIUM
UNCLEAR,"Arrears/outstanding context exists, but no repayment is documented.",2024-02-14,,AOK Nordost,,,ARREARS_OR_ENFORCEMENT_NOTICE,00_INBOX - Входящи - Eingang/Accounting_Organized/02_Payroll/10001_01-2024_DivAuswertungen_DivMitarbeiter_2Z1__copy2.pdf,eise zur Abrechnung Brutto-Bezüge Betrag Lohnart Bezeichnung Einheit Menge Faktor3 Prozentsatz St SV GB 4 4 5 Gesamt-Brutto Steuerrechtliche Abzüge Netto-Verdienst Betrag Auszahlungsbetrag SV-rechtliche Abzüge Steuer/Sozialversicherung Netto-Bezüge/Netto-Abzüge St Steuer-Brutto Lohnsteuer Kirchensteuer Solidaritätszuschlag St4 SV4 KV-Brutto RV-Brutto AV-Brutto PV-Brutto KV-Beitrag RV-Beitrag AV-Beitrag PV-Beitrag6 SV,MEDIUM
UNCLEAR,"Arrears/outstanding context exists, but no repayment is documented.",2024-02-14,,AOK Nordost,,,ARREARS_OR_ENFORCEMENT_NOTICE,00_INBOX - Входящи - Eingang/Accounting_Organized/13_Unknown_To_Review/10001_01-2024_DivAuswertungen_DivMitarbeiter_2Z1.pdf,eise zur Abrechnung Brutto-Bezüge Betrag Lohnart Bezeichnung Einheit Menge Faktor3 Prozentsatz St SV GB 4 4 5 Gesamt-Brutto Steuerrechtliche Abzüge Netto-Verdienst Betrag Auszahlungsbetrag SV-rechtliche Abzüge Steuer/Sozialversicherung Netto-Bezüge/Netto-Abzüge St Steuer-Brutto Lohnsteuer Kirchensteuer Solidaritätszuschlag St4 SV4 KV-Brutto RV-Brutto AV-Brutto PV-Brutto KV-Beitrag RV-Beitrag AV-Beitrag PV-Beitrag6 SV,MEDIUM
UNCLEAR,"Arrears/outstanding context exists, but no repayment is documented.",2024-02-14,,KKH,,,ARREARS_OR_ENFORCEMENT_NOTICE,00_INBOX - Входящи - Eingang/Accounting/10001_01-2024_DivAuswertungen_DivMitarbeiter_2Z1.pdf,eise zur Abrechnung Brutto-Bezüge Betrag Lohnart Bezeichnung Einheit Menge Faktor3 Prozentsatz St SV GB 4 4 5 Gesamt-Brutto Steuerrechtliche Abzüge Netto-Verdienst Betrag Auszahlungsbetrag SV-rechtliche Abzüge Steuer/Sozialversicherung Netto-Bezüge/Netto-Abzüge St Steuer-Brutto Lohnsteuer Kirchensteuer Solidaritätszuschlag St4 SV4 KV-Brutto RV-Brutto AV-Brutto PV-Brutto KV-Beitrag RV-Beitrag AV-Beitrag PV-Beitrag6 SV,MEDIUM
UNCLEAR,"Arrears/outstanding context exists, but no repayment is documented.",2024-02-14,,KKH,,,ARREARS_OR_ENFORCEMENT_NOTICE,00_INBOX - Входящи - Eingang/Accounting_Organized/02_Payroll/10001_01-2024_DivAuswertungen_DivMitarbeiter_2Z1.pdf,eise zur Abrechnung Brutto-Bezüge Betrag Lohnart Bezeichnung Einheit Menge Faktor3 Prozentsatz St SV GB 4 4 5 Gesamt-Brutto Steuerrechtliche Abzüge Netto-Verdienst Betrag Auszahlungsbetrag SV-rechtliche Abzüge Steuer/Sozialversicherung Netto-Bezüge/Netto-Abzüge St Steuer-Brutto Lohnsteuer Kirchensteuer Solidaritätszuschlag St4 SV4 KV-Brutto RV-Brutto AV-Brutto PV-Brutto KV-Beitrag RV-Beitrag AV-Beitrag PV-Beitrag6 SV,MEDIUM
UNCLEAR,"Arrears/outstanding context exists, but no repayment is documented.",2024-02-14,,KKH,,,ARREARS_OR_ENFORCEMENT_NOTICE,00_INBOX - Входящи - Eingang/Accounting_Organized/02_Payroll/10001_01-2024_DivAuswertungen_DivMitarbeiter_2Z1__copy2.pdf,eise zur Abrechnung Brutto-Bezüge Betrag Lohnart Bezeichnung Einheit Menge Faktor3 Prozentsatz St SV GB 4 4 5 Gesamt-Brutto Steuerrechtliche Abzüge Netto-Verdienst Betrag Auszahlungsbetrag SV-rechtliche Abzüge Steuer/Sozialversicherung Netto-Bezüge/Netto-Abzüge St Steuer-Brutto Lohnsteuer Kirchensteuer Solidaritätszuschlag St4 SV4 KV-Brutto RV-Brutto AV-Brutto PV-Brutto KV-Beitrag RV-Beitrag AV-Beitrag PV-Beitrag6 SV,MEDIUM
UNCLEAR,"Arrears/outstanding context exists, but no repayment is documented.",2024-02-14,,KKH,,,ARREARS_OR_ENFORCEMENT_NOTICE,00_INBOX - Входящи - Eingang/Accounting_Organized/13_Unknown_To_Review/10001_01-2024_DivAuswertungen_DivMitarbeiter_2Z1.pdf,eise zur Abrechnung Brutto-Bezüge Betrag Lohnart Bezeichnung Einheit Menge Faktor3 Prozentsatz St SV GB 4 4 5 Gesamt-Brutto Steuerrechtliche Abzüge Netto-Verdienst Betrag Auszahlungsbetrag SV-rechtliche Abzüge Steuer/Sozialversicherung Netto-Bezüge/Netto-Abzüge St Steuer-Brutto Lohnsteuer Kirchensteuer Solidaritätszuschlag St4 SV4 KV-Brutto RV-Brutto AV-Brutto PV-Brutto KV-Beitrag RV-Beitrag AV-Beitrag PV-Beitrag6 SV,MEDIUM
UNCLEAR,"Arrears/outstanding context exists, but no repayment is documented.",2024-02-15,2024-01,AOK,,2217.50,ARREARS_OR_ENFORCEMENT_NOTICE,00_INBOX - Входящи - Eingang/Accounting/2024/Entgeltbescheinigungen 01-2024.pdf,"Usti Nad Labem 27 1 09119 Chemnitz Übersicht Zahlungen im Januar 2024 Empfänger PLZ Ort Zahlart Verwendungszweck Betrag AOK Baden-Württemberg 70025 Stuttgart Überweisung 89878877 2.217,50 AOK Bayern Die Gesundheitsk 81739 München Keine Überw. 89878877 1.111,75- AOK Hessen 61281 Bad Homburg Überweisung 89878877",HIGH
UNCLEAR,"Arrears/outstanding context exists, but no repayment is documented.",2024-02-15,2024-01,AOK,,2217.50,ARREARS_OR_ENFORCEMENT_NOTICE,00_INBOX - Входящи - Eingang/Accounting/ihrelohnauswertungenjanuar2024/Lohnauswertungen.pdf,"Usti Nad Labem 27 1 09119 Chemnitz Übersicht Zahlungen im Januar 2024 Empfänger PLZ Ort Zahlart Verwendungszweck Betrag AOK Baden-Württemberg 70025 Stuttgart Überweisung 89878877 2.217,50 AOK Bayern Die Gesundheitsk 81739 München Keine Überw. 89878877 1.111,75- AOK Hessen 61281 Bad Homburg Überweisung 89878877",HIGH
UNCLEAR,"Arrears/outstanding context exists, but no repayment is documented.",2024-02-15,2024-01,AOK,,2217.50,ARREARS_OR_ENFORCEMENT_NOTICE,00_INBOX - Входящи - Eingang/Accounting_Organized/03_Employee_Payslips/Entgeltbescheinigungen 01-2024.pdf,"Usti Nad Labem 27 1 09119 Chemnitz Übersicht Zahlungen im Januar 2024 Empfänger PLZ Ort Zahlart Verwendungszweck Betrag AOK Baden-Württemberg 70025 Stuttgart Überweisung 89878877 2.217,50 AOK Bayern Die Gesundheitsk 81739 München Keine Überw. 89878877 1.111,75- AOK Hessen 61281 Bad Homburg Überweisung 89878877",HIGH
UNCLEAR,"Arrears/outstanding context exists, but no repayment is documented.",2024-02-15,2024-01,AOK,,2217.50,ARREARS_OR_ENFORCEMENT_NOTICE,00_INBOX - Входящи - Eingang/Accounting_Organized/03_Employee_Payslips/Entgeltbescheinigungen 01-2024__copy2.pdf,"Usti Nad Labem 27 1 09119 Chemnitz Übersicht Zahlungen im Januar 2024 Empfänger PLZ Ort Zahlart Verwendungszweck Betrag AOK Baden-Württemberg 70025 Stuttgart Überweisung 89878877 2.217,50 AOK Bayern Die Gesundheitsk 81739 München Keine Überw. 89878877 1.111,75- AOK Hessen 61281 Bad Homburg Überweisung 89878877",HIGH
UNCLEAR,"Arrears/outstanding context exists, but no repayment is documented.",2024-02-15,2024-01,AOK,,2217.50,ARREARS_OR_ENFORCEMENT_NOTICE,00_INBOX - Входящи - Eingang/Accounting_Organized/03_Employee_Payslips/Entgeltbescheinigungen 01-2024__copy3.pdf,"Usti Nad Labem 27 1 09119 Chemnitz Übersicht Zahlungen im Januar 2024 Empfänger PLZ Ort Zahlart Verwendungszweck Betrag AOK Baden-Württemberg 70025 Stuttgart Überweisung 89878877 2.217,50 AOK Bayern Die Gesundheitsk 81739 München Keine Überw. 89878877 1.111,75- AOK Hessen 61281 Bad Homburg Überweisung 89878877",HIGH
UNCLEAR,"Arrears/outstanding context exists, but no repayment is documented.",2024-02-15,2024-01,AOK,,2217.50,ARREARS_OR_ENFORCEMENT_NOTICE,00_INBOX - Входящи - Eingang/Accounting_Organized/14_Duplicates/Lohnauswertungen__copy13.pdf,"Usti Nad Labem 27 1 09119 Chemnitz Übersicht Zahlungen im Januar 2024 Empfänger PLZ Ort Zahlart Verwendungszweck Betrag AOK Baden-Württemberg 70025 Stuttgart Überweisung 89878877 2.217,50 AOK Bayern Die Gesundheitsk 81739 München Keine Überw. 89878877 1.111,75- AOK Hessen 61281 Bad Homburg Überweisung 89878877",HIGH
UNCLEAR,"Arrears/outstanding context exists, but no repayment is documented.",2024-02-15,2024-01,AOK,,2217.50,ARREARS_OR_ENFORCEMENT_NOTICE,00_INBOX - Входящи - Eingang/Accounting_Organized/14_Duplicates/Lohnauswertungen__copy31.pdf,"Usti Nad Labem 27 1 09119 Chemnitz Übersicht Zahlungen im Januar 2024 Empfänger PLZ Ort Zahlart Verwendungszweck Betrag AOK Baden-Württemberg 70025 Stuttgart Überweisung 89878877 2.217,50 AOK Bayern Die Gesundheitsk 81739 München Keine Überw. 89878877 1.111,75- AOK Hessen 61281 Bad Homburg Überweisung 89878877",HIGH
UNCLEAR,"Arrears/outstanding context exists, but no repayment is documented.",2024-02-15,2024-01,AOK,,2217.50,ARREARS_OR_ENFORCEMENT_NOTICE,00_INBOX - Входящи - Eingang/Accounting_Organized/14_Duplicates/Lohnauswertungen__copy49.pdf,"Usti Nad Labem 27 1 09119 Chemnitz Übersicht Zahlungen im Januar 2024 Empfänger PLZ Ort Zahlart Verwendungszweck Betrag AOK Baden-Württemberg 70025 Stuttgart Überweisung 89878877 2.217,50 AOK Bayern Die Gesundheitsk 81739 München Keine Überw. 89878877 1.111,75- AOK Hessen 61281 Bad Homburg Überweisung 89878877",HIGH
UNCLEAR,"Arrears/outstanding context exists, but no repayment is documented.",2024-02-15,,AOK Hessen,,,ARREARS_OR_ENFORCEMENT_NOTICE,00_INBOX - Входящи - Eingang/Accounting/10001_01-2024_DivAuswertungen_DivMitarbeiter_2Z1 (2)-1.pdf,eise zur Abrechnung Brutto-Bezüge Betrag Lohnart Bezeichnung Einheit Menge Faktor3 Prozentsatz St SV GB 4 4 5 Gesamt-Brutto Steuerrechtliche Abzüge Netto-Verdienst Betrag Auszahlungsbetrag SV-rechtliche Abzüge Steuer/Sozialversicherung Netto-Bezüge/Netto-Abzüge St Steuer-Brutto Lohnsteuer Kirchensteuer Solidaritätszuschlag St4 SV4 KV-Brutto RV-Brutto AV-Brutto PV-Brutto KV-Beitrag RV-Beitrag AV-Beitrag PV-Beitrag6 SV,MEDIUM
UNCLEAR,"Arrears/outstanding context exists, but no repayment is documented.",2024-02-15,,AOK Hessen,,,ARREARS_OR_ENFORCEMENT_NOTICE,00_INBOX - Входящи - Eingang/Accounting/10001_01-2024_DivAuswertungen_DivMitarbeiter_2Z1 (2).pdf,eise zur Abrechnung Brutto-Bezüge Betrag Lohnart Bezeichnung Einheit Menge Faktor3 Prozentsatz St SV GB 4 4 5 Gesamt-Brutto Steuerrechtliche Abzüge Netto-Verdienst Betrag Auszahlungsbetrag SV-rechtliche Abzüge Steuer/Sozialversicherung Netto-Bezüge/Netto-Abzüge St Steuer-Brutto Lohnsteuer Kirchensteuer Solidaritätszuschlag St4 SV4 KV-Brutto RV-Brutto AV-Brutto PV-Brutto KV-Beitrag RV-Beitrag AV-Beitrag PV-Beitrag6 SV,MEDIUM
UNCLEAR,"Arrears/outstanding context exists, but no repayment is documented.",2024-02-15,,AOK Hessen,,,ARREARS_OR_ENFORCEMENT_NOTICE,00_INBOX - Входящи - Eingang/Accounting_Organized/02_Payroll/10001_01-2024_DivAuswertungen_DivMitarbeiter_2Z1 (2)-1.pdf,eise zur Abrechnung Brutto-Bezüge Betrag Lohnart Bezeichnung Einheit Menge Faktor3 Prozentsatz St SV GB 4 4 5 Gesamt-Brutto Steuerrechtliche Abzüge Netto-Verdienst Betrag Auszahlungsbetrag SV-rechtliche Abzüge Steuer/Sozialversicherung Netto-Bezüge/Netto-Abzüge St Steuer-Brutto Lohnsteuer Kirchensteuer Solidaritätszuschlag St4 SV4 KV-Brutto RV-Brutto AV-Brutto PV-Brutto KV-Beitrag RV-Beitrag AV-Beitrag PV-Beitrag6 SV,MEDIUM
UNCLEAR,"Arrears/outstanding context exists, but no repayment is documented.",2024-02-15,,AOK Hessen,,,ARREARS_OR_ENFORCEMENT_NOTICE,00_INBOX - Входящи - Eingang/Accounting_Organized/02_Payroll/10001_01-2024_DivAuswertungen_DivMitarbeiter_2Z1 (2)-1__copy2.pdf,eise zur Abrechnung Brutto-Bezüge Betrag Lohnart Bezeichnung Einheit Menge Faktor3 Prozentsatz St SV GB 4 4 5 Gesamt-Brutto Steuerrechtliche Abzüge Netto-Verdienst Betrag Auszahlungsbetrag SV-rechtliche Abzüge Steuer/Sozialversicherung Netto-Bezüge/Netto-Abzüge St Steuer-Brutto Lohnsteuer Kirchensteuer Solidaritätszuschlag St4 SV4 KV-Brutto RV-Brutto AV-Brutto PV-Brutto KV-Beitrag RV-Beitrag AV-Beitrag PV-Beitrag6 SV,MEDIUM
UNCLEAR,"Arrears/outstanding context exists, but no repayment is documented.",2024-02-15,,AOK Hessen,,,ARREARS_OR_ENFORCEMENT_NOTICE,00_INBOX - Входящи - Eingang/Accounting_Organized/13_Unknown_To_Review/10001_01-2024_DivAuswertungen_DivMitarbeiter_2Z1 (2)-1.pdf,eise zur Abrechnung Brutto-Bezüge Betrag Lohnart Bezeichnung Einheit Menge Faktor3 Prozentsatz St SV GB 4 4 5 Gesamt-Brutto Steuerrechtliche Abzüge Netto-Verdienst Betrag Auszahlungsbetrag SV-rechtliche Abzüge Steuer/Sozialversicherung Netto-Bezüge/Netto-Abzüge St Steuer-Brutto Lohnsteuer Kirchensteuer Solidaritätszuschlag St4 SV4 KV-Brutto RV-Brutto AV-Brutto PV-Brutto KV-Beitrag RV-Beitrag AV-Beitrag PV-Beitrag6 SV,MEDIUM
UNCLEAR,"Arrears/outstanding context exists, but no repayment is documented.",2024-02-15,,AOK Hessen,,,ARREARS_OR_ENFORCEMENT_NOTICE,00_INBOX - Входящи - Eingang/Accounting_Organized/14_Duplicates/10001_01-2024_DivAuswertungen_DivMitarbeiter_2Z1 (2).pdf,eise zur Abrechnung Brutto-Bezüge Betrag Lohnart Bezeichnung Einheit Menge Faktor3 Prozentsatz St SV GB 4 4 5 Gesamt-Brutto Steuerrechtliche Abzüge Netto-Verdienst Betrag Auszahlungsbetrag SV-rechtliche Abzüge Steuer/Sozialversicherung Netto-Bezüge/Netto-Abzüge St Steuer-Brutto Lohnsteuer Kirchensteuer Solidaritätszuschlag St4 SV4 KV-Brutto RV-Brutto AV-Brutto PV-Brutto KV-Beitrag RV-Beitrag AV-Beitrag PV-Beitrag6 SV,MEDIUM
UNCLEAR,"Arrears/outstanding context exists, but no repayment is documented.",2024-02-15,,AOK Hessen,,,ARREARS_OR_ENFORCEMENT_NOTICE,00_INBOX - Входящи - Eingang/Accounting_Organized/14_Duplicates/10001_01-2024_DivAuswertungen_DivMitarbeiter_2Z1 (2)__copy2.pdf,eise zur Abrechnung Brutto-Bezüge Betrag Lohnart Bezeichnung Einheit Menge Faktor3 Prozentsatz St SV GB 4 4 5 Gesamt-Brutto Steuerrechtliche Abzüge Netto-Verdienst Betrag Auszahlungsbetrag SV-rechtliche Abzüge Steuer/Sozialversicherung Netto-Bezüge/Netto-Abzüge St Steuer-Brutto Lohnsteuer Kirchensteuer Solidaritätszuschlag St4 SV4 KV-Brutto RV-Brutto AV-Brutto PV-Brutto KV-Beitrag RV-Beitrag AV-Beitrag PV-Beitrag6 SV,MEDIUM
UNCLEAR,"Arrears/outstanding context exists, but no repayment is documented.",2024-02-15,,AOK Hessen,,,ARREARS_OR_ENFORCEMENT_NOTICE,00_INBOX - Входящи - Eingang/Accounting_Organized/14_Duplicates/10001_01-2024_DivAuswertungen_DivMitarbeiter_2Z1 (2)__copy3.pdf,eise zur Abrechnung Brutto-Bezüge Betrag Lohnart Bezeichnung Einheit Menge Faktor3 Prozentsatz St SV GB 4 4 5 Gesamt-Brutto Steuerrechtliche Abzüge Netto-Verdienst Betrag Auszahlungsbetrag SV-rechtliche Abzüge Steuer/Sozialversicherung Netto-Bezüge/Netto-Abzüge St Steuer-Brutto Lohnsteuer Kirchensteuer Solidaritätszuschlag St4 SV4 KV-Brutto RV-Brutto AV-Brutto PV-Brutto KV-Beitrag RV-Beitrag AV-Beitrag PV-Beitrag6 SV,MEDIUM
UNCLEAR,"Arrears/outstanding context exists, but no repayment is documented.",2024-02-15,,AOK Nordost,,,ARREARS_OR_ENFORCEMENT_NOTICE,00_INBOX - Входящи - Eingang/Accounting/10001_01-2024_DivAuswertungen_DivMitarbeiter_2Z1 (2)-1.pdf,eise zur Abrechnung Brutto-Bezüge Betrag Lohnart Bezeichnung Einheit Menge Faktor3 Prozentsatz St SV GB 4 4 5 Gesamt-Brutto Steuerrechtliche Abzüge Netto-Verdienst Betrag Auszahlungsbetrag SV-rechtliche Abzüge Steuer/Sozialversicherung Netto-Bezüge/Netto-Abzüge St Steuer-Brutto Lohnsteuer Kirchensteuer Solidaritätszuschlag St4 SV4 KV-Brutto RV-Brutto AV-Brutto PV-Brutto KV-Beitrag RV-Beitrag AV-Beitrag PV-Beitrag6 SV,MEDIUM
UNCLEAR,"Arrears/outstanding context exists, but no repayment is documented.",2024-02-15,,AOK Nordost,,,ARREARS_OR_ENFORCEMENT_NOTICE,00_INBOX - Входящи - Eingang/Accounting/10001_01-2024_DivAuswertungen_DivMitarbeiter_2Z1 (2).pdf,eise zur Abrechnung Brutto-Bezüge Betrag Lohnart Bezeichnung Einheit Menge Faktor3 Prozentsatz St SV GB 4 4 5 Gesamt-Brutto Steuerrechtliche Abzüge Netto-Verdienst Betrag Auszahlungsbetrag SV-rechtliche Abzüge Steuer/Sozialversicherung Netto-Bezüge/Netto-Abzüge St Steuer-Brutto Lohnsteuer Kirchensteuer Solidaritätszuschlag St4 SV4 KV-Brutto RV-Brutto AV-Brutto PV-Brutto KV-Beitrag RV-Beitrag AV-Beitrag PV-Beitrag6 SV,MEDIUM
UNCLEAR,"Arrears/outstanding context exists, but no repayment is documented.",2024-02-15,,AOK Nordost,,,ARREARS_OR_ENFORCEMENT_NOTICE,00_INBOX - Входящи - Eingang/Accounting_Organized/02_Payroll/10001_01-2024_DivAuswertungen_DivMitarbeiter_2Z1 (2)-1.pdf,eise zur Abrechnung Brutto-Bezüge Betrag Lohnart Bezeichnung Einheit Menge Faktor3 Prozentsatz St SV GB 4 4 5 Gesamt-Brutto Steuerrechtliche Abzüge Netto-Verdienst Betrag Auszahlungsbetrag SV-rechtliche Abzüge Steuer/Sozialversicherung Netto-Bezüge/Netto-Abzüge St Steuer-Brutto Lohnsteuer Kirchensteuer Solidaritätszuschlag St4 SV4 KV-Brutto RV-Brutto AV-Brutto PV-Brutto KV-Beitrag RV-Beitrag AV-Beitrag PV-Beitrag6 SV,MEDIUM
UNCLEAR,"Arrears/outstanding context exists, but no repayment is documented.",2024-02-15,,AOK Nordost,,,ARREARS_OR_ENFORCEMENT_NOTICE,00_INBOX - Входящи - Eingang/Accounting_Organized/02_Payroll/10001_01-2024_DivAuswertungen_DivMitarbeiter_2Z1 (2)-1__copy2.pdf,eise zur Abrechnung Brutto-Bezüge Betrag Lohnart Bezeichnung Einheit Menge Faktor3 Prozentsatz St SV GB 4 4 5 Gesamt-Brutto Steuerrechtliche Abzüge Netto-Verdienst Betrag Auszahlungsbetrag SV-rechtliche Abzüge Steuer/Sozialversicherung Netto-Bezüge/Netto-Abzüge St Steuer-Brutto Lohnsteuer Kirchensteuer Solidaritätszuschlag St4 SV4 KV-Brutto RV-Brutto AV-Brutto PV-Brutto KV-Beitrag RV-Beitrag AV-Beitrag PV-Beitrag6 SV,MEDIUM
UNCLEAR,"Arrears/outstanding context exists, but no repayment is documented.",2024-02-15,,AOK Nordost,,,ARREARS_OR_ENFORCEMENT_NOTICE,00_INBOX - Входящи - Eingang/Accounting_Organized/13_Unknown_To_Review/10001_01-2024_DivAuswertungen_DivMitarbeiter_2Z1 (2)-1.pdf,eise zur Abrechnung Brutto-Bezüge Betrag Lohnart Bezeichnung Einheit Menge Faktor3 Prozentsatz St SV GB 4 4 5 Gesamt-Brutto Steuerrechtliche Abzüge Netto-Verdienst Betrag Auszahlungsbetrag SV-rechtliche Abzüge Steuer/Sozialversicherung Netto-Bezüge/Netto-Abzüge St Steuer-Brutto Lohnsteuer Kirchensteuer Solidaritätszuschlag St4 SV4 KV-Brutto RV-Brutto AV-Brutto PV-Brutto KV-Beitrag RV-Beitrag AV-Beitrag PV-Beitrag6 SV,MEDIUM
UNCLEAR,"Arrears/outstanding context exists, but no repayment is documented.",2024-02-15,,AOK Nordost,,,ARREARS_OR_ENFORCEMENT_NOTICE,00_INBOX - Входящи - Eingang/Accounting_Organized/14_Duplicates/10001_01-2024_DivAuswertungen_DivMitarbeiter_2Z1 (2).pdf,eise zur Abrechnung Brutto-Bezüge Betrag Lohnart Bezeichnung Einheit Menge Faktor3 Prozentsatz St SV GB 4 4 5 Gesamt-Brutto Steuerrechtliche Abzüge Netto-Verdienst Betrag Auszahlungsbetrag SV-rechtliche Abzüge Steuer/Sozialversicherung Netto-Bezüge/Netto-Abzüge St Steuer-Brutto Lohnsteuer Kirchensteuer Solidaritätszuschlag St4 SV4 KV-Brutto RV-Brutto AV-Brutto PV-Brutto KV-Beitrag RV-Beitrag AV-Beitrag PV-Beitrag6 SV,MEDIUM
UNCLEAR,"Arrears/outstanding context exists, but no repayment is documented.",2024-02-15,,AOK Nordost,,,ARREARS_OR_ENFORCEMENT_NOTICE,00_INBOX - Входящи - Eingang/Accounting_Organized/14_Duplicates/10001_01-2024_DivAuswertungen_DivMitarbeiter_2Z1 (2)__copy2.pdf,eise zur Abrechnung Brutto-Bezüge Betrag Lohnart Bezeichnung Einheit Menge Faktor3 Prozentsatz St SV GB 4 4 5 Gesamt-Brutto Steuerrechtliche Abzüge Netto-Verdienst Betrag Auszahlungsbetrag SV-rechtliche Abzüge Steuer/Sozialversicherung Netto-Bezüge/Netto-Abzüge St Steuer-Brutto Lohnsteuer Kirchensteuer Solidaritätszuschlag St4 SV4 KV-Brutto RV-Brutto AV-Brutto PV-Brutto KV-Beitrag RV-Beitrag AV-Beitrag PV-Beitrag6 SV,MEDIUM
UNCLEAR,"Arrears/outstanding context exists, but no repayment is documented.",2024-02-15,,AOK Nordost,,,ARREARS_OR_ENFORCEMENT_NOTICE,00_INBOX - Входящи - Eingang/Accounting_Organized/14_Duplicates/10001_01-2024_DivAuswertungen_DivMitarbeiter_2Z1 (2)__copy3.pdf,eise zur Abrechnung Brutto-Bezüge Betrag Lohnart Bezeichnung Einheit Menge Faktor3 Prozentsatz St SV GB 4 4 5 Gesamt-Brutto Steuerrechtliche Abzüge Netto-Verdienst Betrag Auszahlungsbetrag SV-rechtliche Abzüge Steuer/Sozialversicherung Netto-Bezüge/Netto-Abzüge St Steuer-Brutto Lohnsteuer Kirchensteuer Solidaritätszuschlag St4 SV4 KV-Brutto RV-Brutto AV-Brutto PV-Brutto KV-Beitrag RV-Beitrag AV-Beitrag PV-Beitrag6 SV,MEDIUM
UNCLEAR,"Arrears/outstanding context exists, but no repayment is documented.",2024-02-15,,KKH,,,ARREARS_OR_ENFORCEMENT_NOTICE,00_INBOX - Входящи - Eingang/Accounting/10001_01-2024_DivAuswertungen_DivMitarbeiter_2Z1 (2)-1.pdf,eise zur Abrechnung Brutto-Bezüge Betrag Lohnart Bezeichnung Einheit Menge Faktor3 Prozentsatz St SV GB 4 4 5 Gesamt-Brutto Steuerrechtliche Abzüge Netto-Verdienst Betrag Auszahlungsbetrag SV-rechtliche Abzüge Steuer/Sozialversicherung Netto-Bezüge/Netto-Abzüge St Steuer-Brutto Lohnsteuer Kirchensteuer Solidaritätszuschlag St4 SV4 KV-Brutto RV-Brutto AV-Brutto PV-Brutto KV-Beitrag RV-Beitrag AV-Beitrag PV-Beitrag6 SV,MEDIUM
UNCLEAR,"Arrears/outstanding context exists, but no repayment is documented.",2024-02-15,,KKH,,,ARREARS_OR_ENFORCEMENT_NOTICE,00_INBOX - Входящи - Eingang/Accounting/10001_01-2024_DivAuswertungen_DivMitarbeiter_2Z1 (2).pdf,eise zur Abrechnung Brutto-Bezüge Betrag Lohnart Bezeichnung Einheit Menge Faktor3 Prozentsatz St SV GB 4 4 5 Gesamt-Brutto Steuerrechtliche Abzüge Netto-Verdienst Betrag Auszahlungsbetrag SV-rechtliche Abzüge Steuer/Sozialversicherung Netto-Bezüge/Netto-Abzüge St Steuer-Brutto Lohnsteuer Kirchensteuer Solidaritätszuschlag St4 SV4 KV-Brutto RV-Brutto AV-Brutto PV-Brutto KV-Beitrag RV-Beitrag AV-Beitrag PV-Beitrag6 SV,MEDIUM
UNCLEAR,"Arrears/outstanding context exists, but no repayment is documented.",2024-02-15,,KKH,,,ARREARS_OR_ENFORCEMENT_NOTICE,00_INBOX - Входящи - Eingang/Accounting_Organized/02_Payroll/10001_01-2024_DivAuswertungen_DivMitarbeiter_2Z1 (2)-1.pdf,eise zur Abrechnung Brutto-Bezüge Betrag Lohnart Bezeichnung Einheit Menge Faktor3 Prozentsatz St SV GB 4 4 5 Gesamt-Brutto Steuerrechtliche Abzüge Netto-Verdienst Betrag Auszahlungsbetrag SV-rechtliche Abzüge Steuer/Sozialversicherung Netto-Bezüge/Netto-Abzüge St Steuer-Brutto Lohnsteuer Kirchensteuer Solidaritätszuschlag St4 SV4 KV-Brutto RV-Brutto AV-Brutto PV-Brutto KV-Beitrag RV-Beitrag AV-Beitrag PV-Beitrag6 SV,MEDIUM
UNCLEAR,"Arrears/outstanding context exists, but no repayment is documented.",2024-02-15,,KKH,,,ARREARS_OR_ENFORCEMENT_NOTICE,00_INBOX - Входящи - Eingang/Accounting_Organized/02_Payroll/10001_01-2024_DivAuswertungen_DivMitarbeiter_2Z1 (2)-1__copy2.pdf,eise zur Abrechnung Brutto-Bezüge Betrag Lohnart Bezeichnung Einheit Menge Faktor3 Prozentsatz St SV GB 4 4 5 Gesamt-Brutto Steuerrechtliche Abzüge Netto-Verdienst Betrag Auszahlungsbetrag SV-rechtliche Abzüge Steuer/Sozialversicherung Netto-Bezüge/Netto-Abzüge St Steuer-Brutto Lohnsteuer Kirchensteuer Solidaritätszuschlag St4 SV4 KV-Brutto RV-Brutto AV-Brutto PV-Brutto KV-Beitrag RV-Beitrag AV-Beitrag PV-Beitrag6 SV,MEDIUM
UNCLEAR,"Arrears/outstanding context exists, but no repayment is documented.",2024-02-15,,KKH,,,ARREARS_OR_ENFORCEMENT_NOTICE,00_INBOX - Входящи - Eingang/Accounting_Organized/13_Unknown_To_Review/10001_01-2024_DivAuswertungen_DivMitarbeiter_2Z1 (2)-1.pdf,eise zur Abrechnung Brutto-Bezüge Betrag Lohnart Bezeichnung Einheit Menge Faktor3 Prozentsatz St SV GB 4 4 5 Gesamt-Brutto Steuerrechtliche Abzüge Netto-Verdienst Betrag Auszahlungsbetrag SV-rechtliche Abzüge Steuer/Sozialversicherung Netto-Bezüge/Netto-Abzüge St Steuer-Brutto Lohnsteuer Kirchensteuer Solidaritätszuschlag St4 SV4 KV-Brutto RV-Brutto AV-Brutto PV-Brutto KV-Beitrag RV-Beitrag AV-Beitrag PV-Beitrag6 SV,MEDIUM
UNCLEAR,"Arrears/outstanding context exists, but no repayment is documented.",2024-02-15,,KKH,,,ARREARS_OR_ENFORCEMENT_NOTICE,00_INBOX - Входящи - Eingang/Accounting_Organized/14_Duplicates/10001_01-2024_DivAuswertungen_DivMitarbeiter_2Z1 (2).pdf,eise zur Abrechnung Brutto-Bezüge Betrag Lohnart Bezeichnung Einheit Menge Faktor3 Prozentsatz St SV GB 4 4 5 Gesamt-Brutto Steuerrechtliche Abzüge Netto-Verdienst Betrag Auszahlungsbetrag SV-rechtliche Abzüge Steuer/Sozialversicherung Netto-Bezüge/Netto-Abzüge St Steuer-Brutto Lohnsteuer Kirchensteuer Solidaritätszuschlag St4 SV4 KV-Brutto RV-Brutto AV-Brutto PV-Brutto KV-Beitrag RV-Beitrag AV-Beitrag PV-Beitrag6 SV,MEDIUM
UNCLEAR,"Arrears/outstanding context exists, but no repayment is documented.",2024-02-15,,KKH,,,ARREARS_OR_ENFORCEMENT_NOTICE,00_INBOX - Входящи - Eingang/Accounting_Organized/14_Duplicates/10001_01-2024_DivAuswertungen_DivMitarbeiter_2Z1 (2)__copy2.pdf,eise zur Abrechnung Brutto-Bezüge Betrag Lohnart Bezeichnung Einheit Menge Faktor3 Prozentsatz St SV GB 4 4 5 Gesamt-Brutto Steuerrechtliche Abzüge Netto-Verdienst Betrag Auszahlungsbetrag SV-rechtliche Abzüge Steuer/Sozialversicherung Netto-Bezüge/Netto-Abzüge St Steuer-Brutto Lohnsteuer Kirchensteuer Solidaritätszuschlag St4 SV4 KV-Brutto RV-Brutto AV-Brutto PV-Brutto KV-Beitrag RV-Beitrag AV-Beitrag PV-Beitrag6 SV,MEDIUM
UNCLEAR,"Arrears/outstanding context exists, but no repayment is documented.",2024-02-15,,KKH,,,ARREARS_OR_ENFORCEMENT_NOTICE,00_INBOX - Входящи - Eingang/Accounting_Organized/14_Duplicates/10001_01-2024_DivAuswertungen_DivMitarbeiter_2Z1 (2)__copy3.pdf,eise zur Abrechnung Brutto-Bezüge Betrag Lohnart Bezeichnung Einheit Menge Faktor3 Prozentsatz St SV GB 4 4 5 Gesamt-Brutto Steuerrechtliche Abzüge Netto-Verdienst Betrag Auszahlungsbetrag SV-rechtliche Abzüge Steuer/Sozialversicherung Netto-Bezüge/Netto-Abzüge St Steuer-Brutto Lohnsteuer Kirchensteuer Solidaritätszuschlag St4 SV4 KV-Brutto RV-Brutto AV-Brutto PV-Brutto KV-Beitrag RV-Beitrag AV-Beitrag PV-Beitrag6 SV,MEDIUM
UNCLEAR,"Arrears/outstanding context exists, but no repayment is documented.",2024-02-17,2024-02,AOK,,,ARREARS_OR_ENFORCEMENT_NOTICE,"00_INBOX - Входящи - Eingang/Accounting/accountings012024/40579 - Rechnung 240155_2024 vom 17.02.2024, Aufträge 31_23, 33_23, 34_23, Mandant 42303.pdf","g von Lohnkonten und Aufnahme der Stammdaten 25,00 EUR AN Dezember/2023 2 15,00 EUR Abmeldung eines Arbeitnehmers nach § 25 DEÜV 30,00 EUR AN Dezember/2023 1 15,00 EUR Pfändungen Garnishment 15,00 EUR AN Dezember/2023 4,00 15,00 EUR Erstellen eines Antrags auf Lohnfortzahlunsgerstattung Requests of reimbursement of wages for the health insurances 60,00 EUR Dezember/2023 § 34 Abs. 5 StBVV u. § 13 Satz 1 Nr. 1 u. Satz ",MEDIUM
UNCLEAR,"Arrears/outstanding context exists, but no repayment is documented.",2024-02-17,2024-02,AOK,,,ARREARS_OR_ENFORCEMENT_NOTICE,"00_INBOX - Входящи - Eingang/Accounting/accountings122023/40579 - Rechnung 240155_2024 vom 17.02.2024, Aufträge 31_23, 33_23, 34_23, Mandant 42303.pdf","g von Lohnkonten und Aufnahme der Stammdaten 25,00 EUR AN Dezember/2023 2 15,00 EUR Abmeldung eines Arbeitnehmers nach § 25 DEÜV 30,00 EUR AN Dezember/2023 1 15,00 EUR Pfändungen Garnishment 15,00 EUR AN Dezember/2023 4,00 15,00 EUR Erstellen eines Antrags auf Lohnfortzahlunsgerstattung Requests of reimbursement of wages for the health insurances 60,00 EUR Dezember/2023 § 34 Abs. 5 StBVV u. § 13 Satz 1 Nr. 1 u. Satz ",MEDIUM
UNCLEAR,"Arrears/outstanding context exists, but no repayment is documented.",2024-02-17,2024-02,AOK,,,ARREARS_OR_ENFORCEMENT_NOTICE,"00_INBOX - Входящи - Eingang/Accounting_Organized/01_Accountant_Emails/40579 - Rechnung 240155_2024 vom 17.02.2024, Aufträge 31_23, 33_23, 34_23, Mandant 42303.pdf","g von Lohnkonten und Aufnahme der Stammdaten 25,00 EUR AN Dezember/2023 2 15,00 EUR Abmeldung eines Arbeitnehmers nach § 25 DEÜV 30,00 EUR AN Dezember/2023 1 15,00 EUR Pfändungen Garnishment 15,00 EUR AN Dezember/2023 4,00 15,00 EUR Erstellen eines Antrags auf Lohnfortzahlunsgerstattung Requests of reimbursement of wages for the health insurances 60,00 EUR Dezember/2023 § 34 Abs. 5 StBVV u. § 13 Satz 1 Nr. 1 u. Satz ",MEDIUM
UNCLEAR,"Arrears/outstanding context exists, but no repayment is documented.",2024-02-17,2024-02,AOK,,,ARREARS_OR_ENFORCEMENT_NOTICE,"00_INBOX - Входящи - Eingang/Accounting_Organized/08_Operating_Costs/40579 - Rechnung 240155_2024 vom 17.02.2024, Aufträge 31_23, 33_23, 34_23, Mandant 42303.pdf","g von Lohnkonten und Aufnahme der Stammdaten 25,00 EUR AN Dezember/2023 2 15,00 EUR Abmeldung eines Arbeitnehmers nach § 25 DEÜV 30,00 EUR AN Dezember/2023 1 15,00 EUR Pfändungen Garnishment 15,00 EUR AN Dezember/2023 4,00 15,00 EUR Erstellen eines Antrags auf Lohnfortzahlunsgerstattung Requests of reimbursement of wages for the health insurances 60,00 EUR Dezember/2023 § 34 Abs. 5 StBVV u. § 13 Satz 1 Nr. 1 u. Satz ",MEDIUM
UNCLEAR,"Arrears/outstanding context exists, but no repayment is documented.",2024-02-17,2024-02,AOK,,,ARREARS_OR_ENFORCEMENT_NOTICE,"00_INBOX - Входящи - Eingang/Accounting_Organized/08_Operating_Costs/40579 - Rechnung 240155_2024 vom 17.02.2024, Aufträge 31_23, 33_23, 34_23, Mandant 42303__copy2.pdf","g von Lohnkonten und Aufnahme der Stammdaten 25,00 EUR AN Dezember/2023 2 15,00 EUR Abmeldung eines Arbeitnehmers nach § 25 DEÜV 30,00 EUR AN Dezember/2023 1 15,00 EUR Pfändungen Garnishment 15,00 EUR AN Dezember/2023 4,00 15,00 EUR Erstellen eines Antrags auf Lohnfortzahlunsgerstattung Requests of reimbursement of wages for the health insurances 60,00 EUR Dezember/2023 § 34 Abs. 5 StBVV u. § 13 Satz 1 Nr. 1 u. Satz ",MEDIUM
UNCLEAR,"Arrears/outstanding context exists, but no repayment is documented.",2024-02-17,2024-02,AOK,,,ARREARS_OR_ENFORCEMENT_NOTICE,"00_INBOX - Входящи - Eingang/Accounting_Organized/14_Duplicates/40579 - Rechnung 240155_2024 vom 17.02.2024, Aufträge 31_23, 33_23, 34_23, Mandant 42303.pdf","g von Lohnkonten und Aufnahme der Stammdaten 25,00 EUR AN Dezember/2023 2 15,00 EUR Abmeldung eines Arbeitnehmers nach § 25 DEÜV 30,00 EUR AN Dezember/2023 1 15,00 EUR Pfändungen Garnishment 15,00 EUR AN Dezember/2023 4,00 15,00 EUR Erstellen eines Antrags auf Lohnfortzahlunsgerstattung Requests of reimbursement of wages for the health insurances 60,00 EUR Dezember/2023 § 34 Abs. 5 StBVV u. § 13 Satz 1 Nr. 1 u. Satz ",MEDIUM
UNCLEAR,"Arrears/outstanding context exists, but no repayment is documented.",2024-02-17,2024-02,AOK,,,ARREARS_OR_ENFORCEMENT_NOTICE,"00_INBOX - Входящи - Eingang/Accounting_Organized/14_Duplicates/40579 - Rechnung 240155_2024 vom 17.02.2024, Aufträge 31_23, 33_23, 34_23, Mandant 42303__copy2.pdf","g von Lohnkonten und Aufnahme der Stammdaten 25,00 EUR AN Dezember/2023 2 15,00 EUR Abmeldung eines Arbeitnehmers nach § 25 DEÜV 30,00 EUR AN Dezember/2023 1 15,00 EUR Pfändungen Garnishment 15,00 EUR AN Dezember/2023 4,00 15,00 EUR Erstellen eines Antrags auf Lohnfortzahlunsgerstattung Requests of reimbursement of wages for the health insurances 60,00 EUR Dezember/2023 § 34 Abs. 5 StBVV u. § 13 Satz 1 Nr. 1 u. Satz ",MEDIUM
UNCLEAR,"Arrears/outstanding context exists, but no repayment is documented.",2024-02-17,2024-02,AOK,,,ARREARS_OR_ENFORCEMENT_NOTICE,"00_INBOX - Входящи - Eingang/Accounting_Organized/14_Duplicates/40579 - Rechnung 240155_2024 vom 17.02.2024, Aufträge 31_23, 33_23, 34_23, Mandant 42303__copy3.pdf","g von Lohnkonten und Aufnahme der Stammdaten 25,00 EUR AN Dezember/2023 2 15,00 EUR Abmeldung eines Arbeitnehmers nach § 25 DEÜV 30,00 EUR AN Dezember/2023 1 15,00 EUR Pfändungen Garnishment 15,00 EUR AN Dezember/2023 4,00 15,00 EUR Erstellen eines Antrags auf Lohnfortzahlunsgerstattung Requests of reimbursement of wages for the health insurances 60,00 EUR Dezember/2023 § 34 Abs. 5 StBVV u. § 13 Satz 1 Nr. 1 u. Satz ",MEDIUM
LATE_FEE_PAYMENT,Late-fee/Saeumniszuschlag context detected.,,2024-03,AOK,,,ARREARS_OR_ENFORCEMENT_NOTICE,00_INBOX - Входящи - Eingang/Accounting/Voransicht2023_89878877.pdf,"ten haben, zahlen Sie den Gesamtbetrag (keine Schecks) bitte bis spätestens 31. März 2024 an das zuständige Integrationsamt. Bei nicht termingerechter Zahlung erhebt das Integrationsamt einen Säumniszuschlag. IV. Erklärung Als Arbeitgeber erkläre ich, dass die Angaben in der Anzeige und den beigefügten Unterlagen richtig und vollständig sind. In die Anzeige sind der Hauptbetrieb und Anzahl Nebenbetrieb(e) einbezogen.",MEDIUM
LATE_FEE_PAYMENT,Late-fee/Saeumniszuschlag context detected.,,2024-03,AOK,,,ARREARS_OR_ENFORCEMENT_NOTICE,00_INBOX - Входящи - Eingang/Accounting_Organized/01_Accountant_Emails/Voransicht2023_89878877.pdf,"ten haben, zahlen Sie den Gesamtbetrag (keine Schecks) bitte bis spätestens 31. März 2024 an das zuständige Integrationsamt. Bei nicht termingerechter Zahlung erhebt das Integrationsamt einen Säumniszuschlag. IV. Erklärung Als Arbeitgeber erkläre ich, dass die Angaben in der Anzeige und den beigefügten Unterlagen richtig und vollständig sind. In die Anzeige sind der Hauptbetrieb und Anzahl Nebenbetrieb(e) einbezogen.",MEDIUM
LATE_FEE_PAYMENT,Late-fee/Saeumniszuschlag context detected.,,2024-03,AOK,,,ARREARS_OR_ENFORCEMENT_NOTICE,00_INBOX - Входящи - Eingang/Accounting_Organized/05_Taxes/Voransicht2023_89878877.pdf,"ten haben, zahlen Sie den Gesamtbetrag (keine Schecks) bitte bis spätestens 31. März 2024 an das zuständige Integrationsamt. Bei nicht termingerechter Zahlung erhebt das Integrationsamt einen Säumniszuschlag. IV. Erklärung Als Arbeitgeber erkläre ich, dass die Angaben in der Anzeige und den beigefügten Unterlagen richtig und vollständig sind. In die Anzeige sind der Hauptbetrieb und Anzahl Nebenbetrieb(e) einbezogen.",MEDIUM
LATE_FEE_PAYMENT,Late-fee/Saeumniszuschlag context detected.,,2024-03,AOK,,,ARREARS_OR_ENFORCEMENT_NOTICE,00_INBOX - Входящи - Eingang/Accounting_Organized/05_Taxes/Voransicht2023_89878877__copy2.pdf,"ten haben, zahlen Sie den Gesamtbetrag (keine Schecks) bitte bis spätestens 31. März 2024 an das zuständige Integrationsamt. Bei nicht termingerechter Zahlung erhebt das Integrationsamt einen Säumniszuschlag. IV. Erklärung Als Arbeitgeber erkläre ich, dass die Angaben in der Anzeige und den beigefügten Unterlagen richtig und vollständig sind. In die Anzeige sind der Hauptbetrieb und Anzahl Nebenbetrieb(e) einbezogen.",MEDIUM
UNCLEAR,"Arrears/outstanding context exists, but no repayment is documented.",2024-03-07,,AOK Hessen,,,ARREARS_OR_ENFORCEMENT_NOTICE,00_INBOX - Входящи - Eingang/Accounting/10001_02-2024_DivAuswertungen_00006_5Z1.pdf,eise zur Abrechnung Brutto-Bezüge Betrag Lohnart Bezeichnung Einheit Menge Faktor3 Prozentsatz St SV GB 4 4 5 Gesamt-Brutto Steuerrechtliche Abzüge Netto-Verdienst Betrag Auszahlungsbetrag SV-rechtliche Abzüge Steuer/Sozialversicherung Netto-Bezüge/Netto-Abzüge St Steuer-Brutto Lohnsteuer Kirchensteuer Solidaritätszuschlag St4 SV4 KV-Brutto RV-Brutto AV-Brutto PV-Brutto KV-Beitrag RV-Beitrag AV-Beitrag PV-Beitrag6 SV,MEDIUM
UNCLEAR,"Arrears/outstanding context exists, but no repayment is documented.",2024-03-07,,AOK Hessen,,,ARREARS_OR_ENFORCEMENT_NOTICE,00_INBOX - Входящи - Eingang/Accounting_Organized/02_Payroll/10001_02-2024_DivAuswertungen_00006_5Z1.pdf,eise zur Abrechnung Brutto-Bezüge Betrag Lohnart Bezeichnung Einheit Menge Faktor3 Prozentsatz St SV GB 4 4 5 Gesamt-Brutto Steuerrechtliche Abzüge Netto-Verdienst Betrag Auszahlungsbetrag SV-rechtliche Abzüge Steuer/Sozialversicherung Netto-Bezüge/Netto-Abzüge St Steuer-Brutto Lohnsteuer Kirchensteuer Solidaritätszuschlag St4 SV4 KV-Brutto RV-Brutto AV-Brutto PV-Brutto KV-Beitrag RV-Beitrag AV-Beitrag PV-Beitrag6 SV,MEDIUM
UNCLEAR,"Arrears/outstanding context exists, but no repayment is documented.",2024-03-07,,AOK Hessen,,,ARREARS_OR_ENFORCEMENT_NOTICE,00_INBOX - Входящи - Eingang/Accounting_Organized/02_Payroll/10001_02-2024_DivAuswertungen_00006_5Z1__copy2.pdf,eise zur Abrechnung Brutto-Bezüge Betrag Lohnart Bezeichnung Einheit Menge Faktor3 Prozentsatz St SV GB 4 4 5 Gesamt-Brutto Steuerrechtliche Abzüge Netto-Verdienst Betrag Auszahlungsbetrag SV-rechtliche Abzüge Steuer/Sozialversicherung Netto-Bezüge/Netto-Abzüge St Steuer-Brutto Lohnsteuer Kirchensteuer Solidaritätszuschlag St4 SV4 KV-Brutto RV-Brutto AV-Brutto PV-Brutto KV-Beitrag RV-Beitrag AV-Beitrag PV-Beitrag6 SV,MEDIUM
UNCLEAR,"Arrears/outstanding context exists, but no repayment is documented.",2024-03-07,,AOK Hessen,,,ARREARS_OR_ENFORCEMENT_NOTICE,00_INBOX - Входящи - Eingang/Accounting_Organized/13_Unknown_To_Review/10001_02-2024_DivAuswertungen_00006_5Z1.pdf,eise zur Abrechnung Brutto-Bezüge Betrag Lohnart Bezeichnung Einheit Menge Faktor3 Prozentsatz St SV GB 4 4 5 Gesamt-Brutto Steuerrechtliche Abzüge Netto-Verdienst Betrag Auszahlungsbetrag SV-rechtliche Abzüge Steuer/Sozialversicherung Netto-Bezüge/Netto-Abzüge St Steuer-Brutto Lohnsteuer Kirchensteuer Solidaritätszuschlag St4 SV4 KV-Brutto RV-Brutto AV-Brutto PV-Brutto KV-Beitrag RV-Beitrag AV-Beitrag PV-Beitrag6 SV,MEDIUM
UNCLEAR,"Arrears/outstanding context exists, but no repayment is documented.",2024-03-07,,KKH,,,ARREARS_OR_ENFORCEMENT_NOTICE,00_INBOX - Входящи - Eingang/Accounting/10001_02-2024_DivAuswertungen_00006_5Z1.pdf,eise zur Abrechnung Brutto-Bezüge Betrag Lohnart Bezeichnung Einheit Menge Faktor3 Prozentsatz St SV GB 4 4 5 Gesamt-Brutto Steuerrechtliche Abzüge Netto-Verdienst Betrag Auszahlungsbetrag SV-rechtliche Abzüge Steuer/Sozialversicherung Netto-Bezüge/Netto-Abzüge St Steuer-Brutto Lohnsteuer Kirchensteuer Solidaritätszuschlag St4 SV4 KV-Brutto RV-Brutto AV-Brutto PV-Brutto KV-Beitrag RV-Beitrag AV-Beitrag PV-Beitrag6 SV,MEDIUM
UNCLEAR,"Arrears/outstanding context exists, but no repayment is documented.",2024-03-07,,KKH,,,ARREARS_OR_ENFORCEMENT_NOTICE,00_INBOX - Входящи - Eingang/Accounting_Organized/02_Payroll/10001_02-2024_DivAuswertungen_00006_5Z1.pdf,eise zur Abrechnung Brutto-Bezüge Betrag Lohnart Bezeichnung Einheit Menge Faktor3 Prozentsatz St SV GB 4 4 5 Gesamt-Brutto Steuerrechtliche Abzüge Netto-Verdienst Betrag Auszahlungsbetrag SV-rechtliche Abzüge Steuer/Sozialversicherung Netto-Bezüge/Netto-Abzüge St Steuer-Brutto Lohnsteuer Kirchensteuer Solidaritätszuschlag St4 SV4 KV-Brutto RV-Brutto AV-Brutto PV-Brutto KV-Beitrag RV-Beitrag AV-Beitrag PV-Beitrag6 SV,MEDIUM
UNCLEAR,"Arrears/outstanding context exists, but no repayment is documented.",2024-03-07,,KKH,,,ARREARS_OR_ENFORCEMENT_NOTICE,00_INBOX - Входящи - Eingang/Accounting_Organized/02_Payroll/10001_02-2024_DivAuswertungen_00006_5Z1__copy2.pdf,eise zur Abrechnung Brutto-Bezüge Betrag Lohnart Bezeichnung Einheit Menge Faktor3 Prozentsatz St SV GB 4 4 5 Gesamt-Brutto Steuerrechtliche Abzüge Netto-Verdienst Betrag Auszahlungsbetrag SV-rechtliche Abzüge Steuer/Sozialversicherung Netto-Bezüge/Netto-Abzüge St Steuer-Brutto Lohnsteuer Kirchensteuer Solidaritätszuschlag St4 SV4 KV-Brutto RV-Brutto AV-Brutto PV-Brutto KV-Beitrag RV-Beitrag AV-Beitrag PV-Beitrag6 SV,MEDIUM
UNCLEAR,"Arrears/outstanding context exists, but no repayment is documented.",2024-03-07,,KKH,,,ARREARS_OR_ENFORCEMENT_NOTICE,00_INBOX - Входящи - Eingang/Accounting_Organized/13_Unknown_To_Review/10001_02-2024_DivAuswertungen_00006_5Z1.pdf,eise zur Abrechnung Brutto-Bezüge Betrag Lohnart Bezeichnung Einheit Menge Faktor3 Prozentsatz St SV GB 4 4 5 Gesamt-Brutto Steuerrechtliche Abzüge Netto-Verdienst Betrag Auszahlungsbetrag SV-rechtliche Abzüge Steuer/Sozialversicherung Netto-Bezüge/Netto-Abzüge St Steuer-Brutto Lohnsteuer Kirchensteuer Solidaritätszuschlag St4 SV4 KV-Brutto RV-Brutto AV-Brutto PV-Brutto KV-Beitrag RV-Beitrag AV-Beitrag PV-Beitrag6 SV,MEDIUM
UNCLEAR,"Arrears/outstanding context exists, but no repayment is documented.",2024-03-08,2024-02,AOK,,,ARREARS_OR_ENFORCEMENT_NOTICE,00_INBOX - Входящи - Eingang/Accounting/2024/Entgeltbescheinigungen 02-2024.pdf,"Usti Nad Labem 27 1 09119 Chemnitz Übersicht Zahlungen im Februar 2024 Empfänger PLZ Ort Zahlart Verwendungszweck Betrag AOK Baden-Württemberg 70025 Stuttgart Überweisung 89878877 2.359,42 AOK Bayern Die Gesundheitsk 81739 München Überweisung 89878877 1.139,55 AOK Hessen 61281 Bad Homburg Überweisung 89878877",MEDIUM
UNCLEAR,"Arrears/outstanding context exists, but no repayment is documented.",2024-03-08,2024-02,AOK,,,ARREARS_OR_ENFORCEMENT_NOTICE,00_INBOX - Входящи - Eingang/Accounting/ihrelohnauswertungen(3)/Lohnauswertungen.pdf,"Usti Nad Labem 27 1 09119 Chemnitz Übersicht Zahlungen im Februar 2024 Empfänger PLZ Ort Zahlart Verwendungszweck Betrag AOK Baden-Württemberg 70025 Stuttgart Überweisung 89878877 2.359,42 AOK Bayern Die Gesundheitsk 81739 München Überweisung 89878877 1.139,55 AOK Hessen 61281 Bad Homburg Überweisung 89878877",MEDIUM
UNCLEAR,"Arrears/outstanding context exists, but no repayment is documented.",2024-03-08,2024-02,AOK,,,ARREARS_OR_ENFORCEMENT_NOTICE,00_INBOX - Входящи - Eingang/Accounting_Organized/03_Employee_Payslips/Entgeltbescheinigungen 02-2024.pdf,"Usti Nad Labem 27 1 09119 Chemnitz Übersicht Zahlungen im Februar 2024 Empfänger PLZ Ort Zahlart Verwendungszweck Betrag AOK Baden-Württemberg 70025 Stuttgart Überweisung 89878877 2.359,42 AOK Bayern Die Gesundheitsk 81739 München Überweisung 89878877 1.139,55 AOK Hessen 61281 Bad Homburg Überweisung 89878877",MEDIUM
UNCLEAR,"Arrears/outstanding context exists, but no repayment is documented.",2024-03-08,2024-02,AOK,,,ARREARS_OR_ENFORCEMENT_NOTICE,00_INBOX - Входящи - Eingang/Accounting_Organized/03_Employee_Payslips/Entgeltbescheinigungen 02-2024__copy2.pdf,"Usti Nad Labem 27 1 09119 Chemnitz Übersicht Zahlungen im Februar 2024 Empfänger PLZ Ort Zahlart Verwendungszweck Betrag AOK Baden-Württemberg 70025 Stuttgart Überweisung 89878877 2.359,42 AOK Bayern Die Gesundheitsk 81739 München Überweisung 89878877 1.139,55 AOK Hessen 61281 Bad Homburg Überweisung 89878877",MEDIUM
UNCLEAR,"Arrears/outstanding context exists, but no repayment is documented.",2024-03-08,2024-02,AOK,,,ARREARS_OR_ENFORCEMENT_NOTICE,00_INBOX - Входящи - Eingang/Accounting_Organized/03_Employee_Payslips/Entgeltbescheinigungen 02-2024__copy3.pdf,"Usti Nad Labem 27 1 09119 Chemnitz Übersicht Zahlungen im Februar 2024 Empfänger PLZ Ort Zahlart Verwendungszweck Betrag AOK Baden-Württemberg 70025 Stuttgart Überweisung 89878877 2.359,42 AOK Bayern Die Gesundheitsk 81739 München Überweisung 89878877 1.139,55 AOK Hessen 61281 Bad Homburg Überweisung 89878877",MEDIUM
UNCLEAR,"Arrears/outstanding context exists, but no repayment is documented.",2024-03-08,2024-02,AOK,,,ARREARS_OR_ENFORCEMENT_NOTICE,00_INBOX - Входящи - Eingang/Accounting_Organized/14_Duplicates/Lohnauswertungen__copy24.pdf,"Usti Nad Labem 27 1 09119 Chemnitz Übersicht Zahlungen im Februar 2024 Empfänger PLZ Ort Zahlart Verwendungszweck Betrag AOK Baden-Württemberg 70025 Stuttgart Überweisung 89878877 2.359,42 AOK Bayern Die Gesundheitsk 81739 München Überweisung 89878877 1.139,55 AOK Hessen 61281 Bad Homburg Überweisung 89878877",MEDIUM
UNCLEAR,"Arrears/outstanding context exists, but no repayment is documented.",2024-03-08,2024-02,AOK,,,ARREARS_OR_ENFORCEMENT_NOTICE,00_INBOX - Входящи - Eingang/Accounting_Organized/14_Duplicates/Lohnauswertungen__copy42.pdf,"Usti Nad Labem 27 1 09119 Chemnitz Übersicht Zahlungen im Februar 2024 Empfänger PLZ Ort Zahlart Verwendungszweck Betrag AOK Baden-Württemberg 70025 Stuttgart Überweisung 89878877 2.359,42 AOK Bayern Die Gesundheitsk 81739 München Überweisung 89878877 1.139,55 AOK Hessen 61281 Bad Homburg Überweisung 89878877",MEDIUM
UNCLEAR,"Arrears/outstanding context exists, but no repayment is documented.",2024-03-08,2024-02,AOK,,,ARREARS_OR_ENFORCEMENT_NOTICE,00_INBOX - Входящи - Eingang/Accounting_Organized/14_Duplicates/Lohnauswertungen__copy6.pdf,"Usti Nad Labem 27 1 09119 Chemnitz Übersicht Zahlungen im Februar 2024 Empfänger PLZ Ort Zahlart Verwendungszweck Betrag AOK Baden-Württemberg 70025 Stuttgart Überweisung 89878877 2.359,42 AOK Bayern Die Gesundheitsk 81739 München Überweisung 89878877 1.139,55 AOK Hessen 61281 Bad Homburg Überweisung 89878877",MEDIUM
UNCLEAR,"Arrears/outstanding context exists, but no repayment is documented.",2024-03-27,2024-03,AOK,,,ARREARS_OR_ENFORCEMENT_NOTICE,"00_INBOX - Входящи - Eingang/Accounting/accountings022024/41261 - Rechnung 240303_2024 vom 27.03.2024, Aufträge 31_24, 33_24, 34_24, Mandant 42303.pdf","ng von Lohnkonten und Aufnahme der Stammdaten 125,00 EUR AN Februar/2024 3 15,00 EUR Abmeldung eines Arbeitnehmers nach § 25 DEÜV 45,00 EUR AN Februar/2024 1 15,00 EUR Pfändungen Garnishment 15,00 EUR AN Februar/2024 1 25,00 EUR Arbeitsbescheinigung nach §312 SGB III (Chakarov) 25,00 EUR AN Februar/2024 Seite 1 Übertrag 1.675,20 EUR [[page 2]] Mandantennummer: 42303 Rechnungsnummer: 240303 Rechnungsjahr: 2024 Übertra",MEDIUM
UNCLEAR,"Arrears/outstanding context exists, but no repayment is documented.",2024-03-27,2024-03,AOK,,,ARREARS_OR_ENFORCEMENT_NOTICE,"00_INBOX - Входящи - Eingang/Accounting_Organized/01_Accountant_Emails/41261 - Rechnung 240303_2024 vom 27.03.2024, Aufträge 31_24, 33_24, 34_24, Mandant 42303.pdf","ng von Lohnkonten und Aufnahme der Stammdaten 125,00 EUR AN Februar/2024 3 15,00 EUR Abmeldung eines Arbeitnehmers nach § 25 DEÜV 45,00 EUR AN Februar/2024 1 15,00 EUR Pfändungen Garnishment 15,00 EUR AN Februar/2024 1 25,00 EUR Arbeitsbescheinigung nach §312 SGB III (Chakarov) 25,00 EUR AN Februar/2024 Seite 1 Übertrag 1.675,20 EUR [[page 2]] Mandantennummer: 42303 Rechnungsnummer: 240303 Rechnungsjahr: 2024 Übertra",MEDIUM
UNCLEAR,"Arrears/outstanding context exists, but no repayment is documented.",2024-03-27,2024-03,AOK,,,ARREARS_OR_ENFORCEMENT_NOTICE,"00_INBOX - Входящи - Eingang/Accounting_Organized/08_Operating_Costs/41261 - Rechnung 240303_2024 vom 27.03.2024, Aufträge 31_24, 33_24, 34_24, Mandant 42303.pdf","ng von Lohnkonten und Aufnahme der Stammdaten 125,00 EUR AN Februar/2024 3 15,00 EUR Abmeldung eines Arbeitnehmers nach § 25 DEÜV 45,00 EUR AN Februar/2024 1 15,00 EUR Pfändungen Garnishment 15,00 EUR AN Februar/2024 1 25,00 EUR Arbeitsbescheinigung nach §312 SGB III (Chakarov) 25,00 EUR AN Februar/2024 Seite 1 Übertrag 1.675,20 EUR [[page 2]] Mandantennummer: 42303 Rechnungsnummer: 240303 Rechnungsjahr: 2024 Übertra",MEDIUM
UNCLEAR,"Arrears/outstanding context exists, but no repayment is documented.",2024-03-27,2024-03,AOK,,,ARREARS_OR_ENFORCEMENT_NOTICE,"00_INBOX - Входящи - Eingang/Accounting_Organized/08_Operating_Costs/41261 - Rechnung 240303_2024 vom 27.03.2024, Aufträge 31_24, 33_24, 34_24, Mandant 42303__copy2.pdf","ng von Lohnkonten und Aufnahme der Stammdaten 125,00 EUR AN Februar/2024 3 15,00 EUR Abmeldung eines Arbeitnehmers nach § 25 DEÜV 45,00 EUR AN Februar/2024 1 15,00 EUR Pfändungen Garnishment 15,00 EUR AN Februar/2024 1 25,00 EUR Arbeitsbescheinigung nach §312 SGB III (Chakarov) 25,00 EUR AN Februar/2024 Seite 1 Übertrag 1.675,20 EUR [[page 2]] Mandantennummer: 42303 Rechnungsnummer: 240303 Rechnungsjahr: 2024 Übertra",MEDIUM
UNCLEAR,"Arrears/outstanding context exists, but no repayment is documented.",2024-04-11,,AOK Hessen,,,ARREARS_OR_ENFORCEMENT_NOTICE,00_INBOX - Входящи - Eingang/Accounting/10001_03-2024_DivAuswertungen_DivMitarbeiter_8Z1.pdf,eise zur Abrechnung Brutto-Bezüge Betrag Lohnart Bezeichnung Einheit Menge Faktor3 Prozentsatz St SV GB 4 4 5 Gesamt-Brutto Steuerrechtliche Abzüge Netto-Verdienst Betrag Auszahlungsbetrag SV-rechtliche Abzüge Steuer/Sozialversicherung Netto-Bezüge/Netto-Abzüge St Steuer-Brutto Lohnsteuer Kirchensteuer Solidaritätszuschlag St4 SV4 KV-Brutto RV-Brutto AV-Brutto PV-Brutto KV-Beitrag RV-Beitrag AV-Beitrag PV-Beitrag6 SV,MEDIUM
UNCLEAR,"Arrears/outstanding context exists, but no repayment is documented.",2024-04-11,,AOK Hessen,,,ARREARS_OR_ENFORCEMENT_NOTICE,00_INBOX - Входящи - Eingang/Accounting_Organized/02_Payroll/10001_03-2024_DivAuswertungen_DivMitarbeiter_8Z1.pdf,eise zur Abrechnung Brutto-Bezüge Betrag Lohnart Bezeichnung Einheit Menge Faktor3 Prozentsatz St SV GB 4 4 5 Gesamt-Brutto Steuerrechtliche Abzüge Netto-Verdienst Betrag Auszahlungsbetrag SV-rechtliche Abzüge Steuer/Sozialversicherung Netto-Bezüge/Netto-Abzüge St Steuer-Brutto Lohnsteuer Kirchensteuer Solidaritätszuschlag St4 SV4 KV-Brutto RV-Brutto AV-Brutto PV-Brutto KV-Beitrag RV-Beitrag AV-Beitrag PV-Beitrag6 SV,MEDIUM
UNCLEAR,"Arrears/outstanding context exists, but no repayment is documented.",2024-04-11,,AOK Hessen,,,ARREARS_OR_ENFORCEMENT_NOTICE,00_INBOX - Входящи - Eingang/Accounting_Organized/02_Payroll/10001_03-2024_DivAuswertungen_DivMitarbeiter_8Z1__copy3.pdf,eise zur Abrechnung Brutto-Bezüge Betrag Lohnart Bezeichnung Einheit Menge Faktor3 Prozentsatz St SV GB 4 4 5 Gesamt-Brutto Steuerrechtliche Abzüge Netto-Verdienst Betrag Auszahlungsbetrag SV-rechtliche Abzüge Steuer/Sozialversicherung Netto-Bezüge/Netto-Abzüge St Steuer-Brutto Lohnsteuer Kirchensteuer Solidaritätszuschlag St4 SV4 KV-Brutto RV-Brutto AV-Brutto PV-Brutto KV-Beitrag RV-Beitrag AV-Beitrag PV-Beitrag6 SV,MEDIUM
UNCLEAR,"Arrears/outstanding context exists, but no repayment is documented.",2024-04-11,,AOK Hessen,,,ARREARS_OR_ENFORCEMENT_NOTICE,00_INBOX - Входящи - Eingang/Accounting_Organized/13_Unknown_To_Review/10001_03-2024_DivAuswertungen_DivMitarbeiter_8Z1.pdf,eise zur Abrechnung Brutto-Bezüge Betrag Lohnart Bezeichnung Einheit Menge Faktor3 Prozentsatz St SV GB 4 4 5 Gesamt-Brutto Steuerrechtliche Abzüge Netto-Verdienst Betrag Auszahlungsbetrag SV-rechtliche Abzüge Steuer/Sozialversicherung Netto-Bezüge/Netto-Abzüge St Steuer-Brutto Lohnsteuer Kirchensteuer Solidaritätszuschlag St4 SV4 KV-Brutto RV-Brutto AV-Brutto PV-Brutto KV-Beitrag RV-Beitrag AV-Beitrag PV-Beitrag6 SV,MEDIUM
UNCLEAR,"Arrears/outstanding context exists, but no repayment is documented.",2024-04-11,,BKK,,,ARREARS_OR_ENFORCEMENT_NOTICE,00_INBOX - Входящи - Eingang/Accounting/10001_03-2024_DivAuswertungen_DivMitarbeiter_8Z1.pdf,eise zur Abrechnung Brutto-Bezüge Betrag Lohnart Bezeichnung Einheit Menge Faktor3 Prozentsatz St SV GB 4 4 5 Gesamt-Brutto Steuerrechtliche Abzüge Netto-Verdienst Betrag Auszahlungsbetrag SV-rechtliche Abzüge Steuer/Sozialversicherung Netto-Bezüge/Netto-Abzüge St Steuer-Brutto Lohnsteuer Kirchensteuer Solidaritätszuschlag St4 SV4 KV-Brutto RV-Brutto AV-Brutto PV-Brutto KV-Beitrag RV-Beitrag AV-Beitrag PV-Beitrag6 SV,MEDIUM
UNCLEAR,"Arrears/outstanding context exists, but no repayment is documented.",2024-04-11,,BKK,,,ARREARS_OR_ENFORCEMENT_NOTICE,00_INBOX - Входящи - Eingang/Accounting_Organized/02_Payroll/10001_03-2024_DivAuswertungen_DivMitarbeiter_8Z1.pdf,eise zur Abrechnung Brutto-Bezüge Betrag Lohnart Bezeichnung Einheit Menge Faktor3 Prozentsatz St SV GB 4 4 5 Gesamt-Brutto Steuerrechtliche Abzüge Netto-Verdienst Betrag Auszahlungsbetrag SV-rechtliche Abzüge Steuer/Sozialversicherung Netto-Bezüge/Netto-Abzüge St Steuer-Brutto Lohnsteuer Kirchensteuer Solidaritätszuschlag St4 SV4 KV-Brutto RV-Brutto AV-Brutto PV-Brutto KV-Beitrag RV-Beitrag AV-Beitrag PV-Beitrag6 SV,MEDIUM
UNCLEAR,"Arrears/outstanding context exists, but no repayment is documented.",2024-04-11,,BKK,,,ARREARS_OR_ENFORCEMENT_NOTICE,00_INBOX - Входящи - Eingang/Accounting_Organized/02_Payroll/10001_03-2024_DivAuswertungen_DivMitarbeiter_8Z1__copy3.pdf,eise zur Abrechnung Brutto-Bezüge Betrag Lohnart Bezeichnung Einheit Menge Faktor3 Prozentsatz St SV GB 4 4 5 Gesamt-Brutto Steuerrechtliche Abzüge Netto-Verdienst Betrag Auszahlungsbetrag SV-rechtliche Abzüge Steuer/Sozialversicherung Netto-Bezüge/Netto-Abzüge St Steuer-Brutto Lohnsteuer Kirchensteuer Solidaritätszuschlag St4 SV4 KV-Brutto RV-Brutto AV-Brutto PV-Brutto KV-Beitrag RV-Beitrag AV-Beitrag PV-Beitrag6 SV,MEDIUM
UNCLEAR,"Arrears/outstanding context exists, but no repayment is documented.",2024-04-11,,BKK,,,ARREARS_OR_ENFORCEMENT_NOTICE,00_INBOX - Входящи - Eingang/Accounting_Organized/13_Unknown_To_Review/10001_03-2024_DivAuswertungen_DivMitarbeiter_8Z1.pdf,eise zur Abrechnung Brutto-Bezüge Betrag Lohnart Bezeichnung Einheit Menge Faktor3 Prozentsatz St SV GB 4 4 5 Gesamt-Brutto Steuerrechtliche Abzüge Netto-Verdienst Betrag Auszahlungsbetrag SV-rechtliche Abzüge Steuer/Sozialversicherung Netto-Bezüge/Netto-Abzüge St Steuer-Brutto Lohnsteuer Kirchensteuer Solidaritätszuschlag St4 SV4 KV-Brutto RV-Brutto AV-Brutto PV-Brutto KV-Beitrag RV-Beitrag AV-Beitrag PV-Beitrag6 SV,MEDIUM
UNCLEAR,"Arrears/outstanding context exists, but no repayment is documented.",2024-04-11,,KKH,,,ARREARS_OR_ENFORCEMENT_NOTICE,00_INBOX - Входящи - Eingang/Accounting/10001_03-2024_DivAuswertungen_DivMitarbeiter_8Z1.pdf,eise zur Abrechnung Brutto-Bezüge Betrag Lohnart Bezeichnung Einheit Menge Faktor3 Prozentsatz St SV GB 4 4 5 Gesamt-Brutto Steuerrechtliche Abzüge Netto-Verdienst Betrag Auszahlungsbetrag SV-rechtliche Abzüge Steuer/Sozialversicherung Netto-Bezüge/Netto-Abzüge St Steuer-Brutto Lohnsteuer Kirchensteuer Solidaritätszuschlag St4 SV4 KV-Brutto RV-Brutto AV-Brutto PV-Brutto KV-Beitrag RV-Beitrag AV-Beitrag PV-Beitrag6 SV,MEDIUM
UNCLEAR,"Arrears/outstanding context exists, but no repayment is documented.",2024-04-11,,KKH,,,ARREARS_OR_ENFORCEMENT_NOTICE,00_INBOX - Входящи - Eingang/Accounting_Organized/02_Payroll/10001_03-2024_DivAuswertungen_DivMitarbeiter_8Z1.pdf,eise zur Abrechnung Brutto-Bezüge Betrag Lohnart Bezeichnung Einheit Menge Faktor3 Prozentsatz St SV GB 4 4 5 Gesamt-Brutto Steuerrechtliche Abzüge Netto-Verdienst Betrag Auszahlungsbetrag SV-rechtliche Abzüge Steuer/Sozialversicherung Netto-Bezüge/Netto-Abzüge St Steuer-Brutto Lohnsteuer Kirchensteuer Solidaritätszuschlag St4 SV4 KV-Brutto RV-Brutto AV-Brutto PV-Brutto KV-Beitrag RV-Beitrag AV-Beitrag PV-Beitrag6 SV,MEDIUM
UNCLEAR,"Arrears/outstanding context exists, but no repayment is documented.",2024-04-11,,KKH,,,ARREARS_OR_ENFORCEMENT_NOTICE,00_INBOX - Входящи - Eingang/Accounting_Organized/02_Payroll/10001_03-2024_DivAuswertungen_DivMitarbeiter_8Z1__copy3.pdf,eise zur Abrechnung Brutto-Bezüge Betrag Lohnart Bezeichnung Einheit Menge Faktor3 Prozentsatz St SV GB 4 4 5 Gesamt-Brutto Steuerrechtliche Abzüge Netto-Verdienst Betrag Auszahlungsbetrag SV-rechtliche Abzüge Steuer/Sozialversicherung Netto-Bezüge/Netto-Abzüge St Steuer-Brutto Lohnsteuer Kirchensteuer Solidaritätszuschlag St4 SV4 KV-Brutto RV-Brutto AV-Brutto PV-Brutto KV-Beitrag RV-Beitrag AV-Beitrag PV-Beitrag6 SV,MEDIUM
UNCLEAR,"Arrears/outstanding context exists, but no repayment is documented.",2024-04-11,,KKH,,,ARREARS_OR_ENFORCEMENT_NOTICE,00_INBOX - Входящи - Eingang/Accounting_Organized/13_Unknown_To_Review/10001_03-2024_DivAuswertungen_DivMitarbeiter_8Z1.pdf,eise zur Abrechnung Brutto-Bezüge Betrag Lohnart Bezeichnung Einheit Menge Faktor3 Prozentsatz St SV GB 4 4 5 Gesamt-Brutto Steuerrechtliche Abzüge Netto-Verdienst Betrag Auszahlungsbetrag SV-rechtliche Abzüge Steuer/Sozialversicherung Netto-Bezüge/Netto-Abzüge St Steuer-Brutto Lohnsteuer Kirchensteuer Solidaritätszuschlag St4 SV4 KV-Brutto RV-Brutto AV-Brutto PV-Brutto KV-Beitrag RV-Beitrag AV-Beitrag PV-Beitrag6 SV,MEDIUM
UNCLEAR,"Arrears/outstanding context exists, but no repayment is documented.",2024-04-12,2024-03,AOK,,,ARREARS_OR_ENFORCEMENT_NOTICE,00_INBOX - Входящи - Eingang/Accounting/2024/Entgeltbescheinigungen 03-2024.pdf,"Usti Nad Labem 27 1 09119 Chemnitz Übersicht Zahlungen im März 2024 Empfänger PLZ Ort Zahlart Verwendungszweck Betrag AOK Baden-Württemberg 70025 Stuttgart Überweisung 89878877 2.288,46 AOK Bayern Die Gesundheitsk 81739 München Überweisung 89878877 1.125,65 AOK Hessen 61281 Bad Homburg Überweisung 89878877",MEDIUM
UNCLEAR,"Arrears/outstanding context exists, but no repayment is documented.",2024-04-12,2024-03,AOK,,,ARREARS_OR_ENFORCEMENT_NOTICE,00_INBOX - Входящи - Eingang/Accounting/ihrelohnauswertungenmrz2024/Lohnauswertungen.pdf,"Usti Nad Labem 27 1 09119 Chemnitz Übersicht Zahlungen im März 2024 Empfänger PLZ Ort Zahlart Verwendungszweck Betrag AOK Baden-Württemberg 70025 Stuttgart Überweisung 89878877 2.288,46 AOK Bayern Die Gesundheitsk 81739 München Überweisung 89878877 1.125,65 AOK Hessen 61281 Bad Homburg Überweisung 89878877",MEDIUM
UNCLEAR,"Arrears/outstanding context exists, but no repayment is documented.",2024-04-12,2024-03,AOK,,,ARREARS_OR_ENFORCEMENT_NOTICE,00_INBOX - Входящи - Eingang/Accounting_Organized/03_Employee_Payslips/Entgeltbescheinigungen 03-2024.pdf,"Usti Nad Labem 27 1 09119 Chemnitz Übersicht Zahlungen im März 2024 Empfänger PLZ Ort Zahlart Verwendungszweck Betrag AOK Baden-Württemberg 70025 Stuttgart Überweisung 89878877 2.288,46 AOK Bayern Die Gesundheitsk 81739 München Überweisung 89878877 1.125,65 AOK Hessen 61281 Bad Homburg Überweisung 89878877",MEDIUM
UNCLEAR,"Arrears/outstanding context exists, but no repayment is documented.",2024-04-12,2024-03,AOK,,,ARREARS_OR_ENFORCEMENT_NOTICE,00_INBOX - Входящи - Eingang/Accounting_Organized/03_Employee_Payslips/Entgeltbescheinigungen 03-2024__copy2.pdf,"Usti Nad Labem 27 1 09119 Chemnitz Übersicht Zahlungen im März 2024 Empfänger PLZ Ort Zahlart Verwendungszweck Betrag AOK Baden-Württemberg 70025 Stuttgart Überweisung 89878877 2.288,46 AOK Bayern Die Gesundheitsk 81739 München Überweisung 89878877 1.125,65 AOK Hessen 61281 Bad Homburg Überweisung 89878877",MEDIUM
UNCLEAR,"Arrears/outstanding context exists, but no repayment is documented.",2024-04-12,2024-03,AOK,,,ARREARS_OR_ENFORCEMENT_NOTICE,00_INBOX - Входящи - Eingang/Accounting_Organized/03_Employee_Payslips/Entgeltbescheinigungen 03-2024__copy3.pdf,"Usti Nad Labem 27 1 09119 Chemnitz Übersicht Zahlungen im März 2024 Empfänger PLZ Ort Zahlart Verwendungszweck Betrag AOK Baden-Württemberg 70025 Stuttgart Überweisung 89878877 2.288,46 AOK Bayern Die Gesundheitsk 81739 München Überweisung 89878877 1.125,65 AOK Hessen 61281 Bad Homburg Überweisung 89878877",MEDIUM
UNCLEAR,"Arrears/outstanding context exists, but no repayment is documented.",2024-04-12,2024-03,AOK,,,ARREARS_OR_ENFORCEMENT_NOTICE,00_INBOX - Входящи - Eingang/Accounting_Organized/14_Duplicates/Lohnauswertungen__copy15.pdf,"Usti Nad Labem 27 1 09119 Chemnitz Übersicht Zahlungen im März 2024 Empfänger PLZ Ort Zahlart Verwendungszweck Betrag AOK Baden-Württemberg 70025 Stuttgart Überweisung 89878877 2.288,46 AOK Bayern Die Gesundheitsk 81739 München Überweisung 89878877 1.125,65 AOK Hessen 61281 Bad Homburg Überweisung 89878877",MEDIUM
UNCLEAR,"Arrears/outstanding context exists, but no repayment is documented.",2024-04-12,2024-03,AOK,,,ARREARS_OR_ENFORCEMENT_NOTICE,00_INBOX - Входящи - Eingang/Accounting_Organized/14_Duplicates/Lohnauswertungen__copy33.pdf,"Usti Nad Labem 27 1 09119 Chemnitz Übersicht Zahlungen im März 2024 Empfänger PLZ Ort Zahlart Verwendungszweck Betrag AOK Baden-Württemberg 70025 Stuttgart Überweisung 89878877 2.288,46 AOK Bayern Die Gesundheitsk 81739 München Überweisung 89878877 1.125,65 AOK Hessen 61281 Bad Homburg Überweisung 89878877",MEDIUM
UNCLEAR,"Arrears/outstanding context exists, but no repayment is documented.",2024-04-12,2024-03,AOK,,,ARREARS_OR_ENFORCEMENT_NOTICE,00_INBOX - Входящи - Eingang/Accounting_Organized/14_Duplicates/Lohnauswertungen__copy51.pdf,"Usti Nad Labem 27 1 09119 Chemnitz Übersicht Zahlungen im März 2024 Empfänger PLZ Ort Zahlart Verwendungszweck Betrag AOK Baden-Württemberg 70025 Stuttgart Überweisung 89878877 2.288,46 AOK Bayern Die Gesundheitsk 81739 München Überweisung 89878877 1.125,65 AOK Hessen 61281 Bad Homburg Überweisung 89878877",MEDIUM
UNCLEAR,"Arrears/outstanding context exists, but no repayment is documented.",2024-04-12,,AOK Hessen,,,ARREARS_OR_ENFORCEMENT_NOTICE,00_INBOX - Входящи - Eingang/Accounting/awbonusfoodbonus032024/10001_03-2024_DivAuswertungen_DivMitarbeiter_8Z1.pdf,eise zur Abrechnung Brutto-Bezüge Betrag Lohnart Bezeichnung Einheit Menge Faktor3 Prozentsatz St SV GB 4 4 5 Gesamt-Brutto Steuerrechtliche Abzüge Netto-Verdienst Betrag Auszahlungsbetrag SV-rechtliche Abzüge Steuer/Sozialversicherung Netto-Bezüge/Netto-Abzüge St Steuer-Brutto Lohnsteuer Kirchensteuer Solidaritätszuschlag St4 SV4 KV-Brutto RV-Brutto AV-Brutto PV-Brutto KV-Beitrag RV-Beitrag AV-Beitrag PV-Beitrag6 SV,MEDIUM
UNCLEAR,"Arrears/outstanding context exists, but no repayment is documented.",2024-04-12,,AOK Hessen,,,ARREARS_OR_ENFORCEMENT_NOTICE,00_INBOX - Входящи - Eingang/Accounting_Organized/02_Payroll/10001_03-2024_DivAuswertungen_DivMitarbeiter_8Z1__copy2.pdf,eise zur Abrechnung Brutto-Bezüge Betrag Lohnart Bezeichnung Einheit Menge Faktor3 Prozentsatz St SV GB 4 4 5 Gesamt-Brutto Steuerrechtliche Abzüge Netto-Verdienst Betrag Auszahlungsbetrag SV-rechtliche Abzüge Steuer/Sozialversicherung Netto-Bezüge/Netto-Abzüge St Steuer-Brutto Lohnsteuer Kirchensteuer Solidaritätszuschlag St4 SV4 KV-Brutto RV-Brutto AV-Brutto PV-Brutto KV-Beitrag RV-Beitrag AV-Beitrag PV-Beitrag6 SV,MEDIUM
UNCLEAR,"Arrears/outstanding context exists, but no repayment is documented.",2024-04-12,,AOK Hessen,,,ARREARS_OR_ENFORCEMENT_NOTICE,00_INBOX - Входящи - Eingang/Accounting_Organized/02_Payroll/10001_03-2024_DivAuswertungen_DivMitarbeiter_8Z1__copy4.pdf,eise zur Abrechnung Brutto-Bezüge Betrag Lohnart Bezeichnung Einheit Menge Faktor3 Prozentsatz St SV GB 4 4 5 Gesamt-Brutto Steuerrechtliche Abzüge Netto-Verdienst Betrag Auszahlungsbetrag SV-rechtliche Abzüge Steuer/Sozialversicherung Netto-Bezüge/Netto-Abzüge St Steuer-Brutto Lohnsteuer Kirchensteuer Solidaritätszuschlag St4 SV4 KV-Brutto RV-Brutto AV-Brutto PV-Brutto KV-Beitrag RV-Beitrag AV-Beitrag PV-Beitrag6 SV,MEDIUM
UNCLEAR,"Arrears/outstanding context exists, but no repayment is documented.",2024-04-12,,AOK Hessen,,,ARREARS_OR_ENFORCEMENT_NOTICE,00_INBOX - Входящи - Eingang/Accounting_Organized/13_Unknown_To_Review/10001_03-2024_DivAuswertungen_DivMitarbeiter_8Z1__copy2.pdf,eise zur Abrechnung Brutto-Bezüge Betrag Lohnart Bezeichnung Einheit Menge Faktor3 Prozentsatz St SV GB 4 4 5 Gesamt-Brutto Steuerrechtliche Abzüge Netto-Verdienst Betrag Auszahlungsbetrag SV-rechtliche Abzüge Steuer/Sozialversicherung Netto-Bezüge/Netto-Abzüge St Steuer-Brutto Lohnsteuer Kirchensteuer Solidaritätszuschlag St4 SV4 KV-Brutto RV-Brutto AV-Brutto PV-Brutto KV-Beitrag RV-Beitrag AV-Beitrag PV-Beitrag6 SV,MEDIUM
UNCLEAR,"Arrears/outstanding context exists, but no repayment is documented.",2024-04-12,,BKK,,,ARREARS_OR_ENFORCEMENT_NOTICE,00_INBOX - Входящи - Eingang/Accounting/awbonusfoodbonus032024/10001_03-2024_DivAuswertungen_DivMitarbeiter_8Z1.pdf,eise zur Abrechnung Brutto-Bezüge Betrag Lohnart Bezeichnung Einheit Menge Faktor3 Prozentsatz St SV GB 4 4 5 Gesamt-Brutto Steuerrechtliche Abzüge Netto-Verdienst Betrag Auszahlungsbetrag SV-rechtliche Abzüge Steuer/Sozialversicherung Netto-Bezüge/Netto-Abzüge St Steuer-Brutto Lohnsteuer Kirchensteuer Solidaritätszuschlag St4 SV4 KV-Brutto RV-Brutto AV-Brutto PV-Brutto KV-Beitrag RV-Beitrag AV-Beitrag PV-Beitrag6 SV,MEDIUM
UNCLEAR,"Arrears/outstanding context exists, but no repayment is documented.",2024-04-12,,BKK,,,ARREARS_OR_ENFORCEMENT_NOTICE,00_INBOX - Входящи - Eingang/Accounting_Organized/02_Payroll/10001_03-2024_DivAuswertungen_DivMitarbeiter_8Z1__copy2.pdf,eise zur Abrechnung Brutto-Bezüge Betrag Lohnart Bezeichnung Einheit Menge Faktor3 Prozentsatz St SV GB 4 4 5 Gesamt-Brutto Steuerrechtliche Abzüge Netto-Verdienst Betrag Auszahlungsbetrag SV-rechtliche Abzüge Steuer/Sozialversicherung Netto-Bezüge/Netto-Abzüge St Steuer-Brutto Lohnsteuer Kirchensteuer Solidaritätszuschlag St4 SV4 KV-Brutto RV-Brutto AV-Brutto PV-Brutto KV-Beitrag RV-Beitrag AV-Beitrag PV-Beitrag6 SV,MEDIUM
UNCLEAR,"Arrears/outstanding context exists, but no repayment is documented.",2024-04-12,,BKK,,,ARREARS_OR_ENFORCEMENT_NOTICE,00_INBOX - Входящи - Eingang/Accounting_Organized/02_Payroll/10001_03-2024_DivAuswertungen_DivMitarbeiter_8Z1__copy4.pdf,eise zur Abrechnung Brutto-Bezüge Betrag Lohnart Bezeichnung Einheit Menge Faktor3 Prozentsatz St SV GB 4 4 5 Gesamt-Brutto Steuerrechtliche Abzüge Netto-Verdienst Betrag Auszahlungsbetrag SV-rechtliche Abzüge Steuer/Sozialversicherung Netto-Bezüge/Netto-Abzüge St Steuer-Brutto Lohnsteuer Kirchensteuer Solidaritätszuschlag St4 SV4 KV-Brutto RV-Brutto AV-Brutto PV-Brutto KV-Beitrag RV-Beitrag AV-Beitrag PV-Beitrag6 SV,MEDIUM
UNCLEAR,"Arrears/outstanding context exists, but no repayment is documented.",2024-04-12,,BKK,,,ARREARS_OR_ENFORCEMENT_NOTICE,00_INBOX - Входящи - Eingang/Accounting_Organized/13_Unknown_To_Review/10001_03-2024_DivAuswertungen_DivMitarbeiter_8Z1__copy2.pdf,eise zur Abrechnung Brutto-Bezüge Betrag Lohnart Bezeichnung Einheit Menge Faktor3 Prozentsatz St SV GB 4 4 5 Gesamt-Brutto Steuerrechtliche Abzüge Netto-Verdienst Betrag Auszahlungsbetrag SV-rechtliche Abzüge Steuer/Sozialversicherung Netto-Bezüge/Netto-Abzüge St Steuer-Brutto Lohnsteuer Kirchensteuer Solidaritätszuschlag St4 SV4 KV-Brutto RV-Brutto AV-Brutto PV-Brutto KV-Beitrag RV-Beitrag AV-Beitrag PV-Beitrag6 SV,MEDIUM
UNCLEAR,"Arrears/outstanding context exists, but no repayment is documented.",2024-04-12,,KKH,,,ARREARS_OR_ENFORCEMENT_NOTICE,00_INBOX - Входящи - Eingang/Accounting/awbonusfoodbonus032024/10001_03-2024_DivAuswertungen_DivMitarbeiter_8Z1.pdf,eise zur Abrechnung Brutto-Bezüge Betrag Lohnart Bezeichnung Einheit Menge Faktor3 Prozentsatz St SV GB 4 4 5 Gesamt-Brutto Steuerrechtliche Abzüge Netto-Verdienst Betrag Auszahlungsbetrag SV-rechtliche Abzüge Steuer/Sozialversicherung Netto-Bezüge/Netto-Abzüge St Steuer-Brutto Lohnsteuer Kirchensteuer Solidaritätszuschlag St4 SV4 KV-Brutto RV-Brutto AV-Brutto PV-Brutto KV-Beitrag RV-Beitrag AV-Beitrag PV-Beitrag6 SV,MEDIUM
UNCLEAR,"Arrears/outstanding context exists, but no repayment is documented.",2024-04-12,,KKH,,,ARREARS_OR_ENFORCEMENT_NOTICE,00_INBOX - Входящи - Eingang/Accounting_Organized/02_Payroll/10001_03-2024_DivAuswertungen_DivMitarbeiter_8Z1__copy2.pdf,eise zur Abrechnung Brutto-Bezüge Betrag Lohnart Bezeichnung Einheit Menge Faktor3 Prozentsatz St SV GB 4 4 5 Gesamt-Brutto Steuerrechtliche Abzüge Netto-Verdienst Betrag Auszahlungsbetrag SV-rechtliche Abzüge Steuer/Sozialversicherung Netto-Bezüge/Netto-Abzüge St Steuer-Brutto Lohnsteuer Kirchensteuer Solidaritätszuschlag St4 SV4 KV-Brutto RV-Brutto AV-Brutto PV-Brutto KV-Beitrag RV-Beitrag AV-Beitrag PV-Beitrag6 SV,MEDIUM
UNCLEAR,"Arrears/outstanding context exists, but no repayment is documented.",2024-04-12,,KKH,,,ARREARS_OR_ENFORCEMENT_NOTICE,00_INBOX - Входящи - Eingang/Accounting_Organized/02_Payroll/10001_03-2024_DivAuswertungen_DivMitarbeiter_8Z1__copy4.pdf,eise zur Abrechnung Brutto-Bezüge Betrag Lohnart Bezeichnung Einheit Menge Faktor3 Prozentsatz St SV GB 4 4 5 Gesamt-Brutto Steuerrechtliche Abzüge Netto-Verdienst Betrag Auszahlungsbetrag SV-rechtliche Abzüge Steuer/Sozialversicherung Netto-Bezüge/Netto-Abzüge St Steuer-Brutto Lohnsteuer Kirchensteuer Solidaritätszuschlag St4 SV4 KV-Brutto RV-Brutto AV-Brutto PV-Brutto KV-Beitrag RV-Beitrag AV-Beitrag PV-Beitrag6 SV,MEDIUM
UNCLEAR,"Arrears/outstanding context exists, but no repayment is documented.",2024-04-12,,KKH,,,ARREARS_OR_ENFORCEMENT_NOTICE,00_INBOX - Входящи - Eingang/Accounting_Organized/13_Unknown_To_Review/10001_03-2024_DivAuswertungen_DivMitarbeiter_8Z1__copy2.pdf,eise zur Abrechnung Brutto-Bezüge Betrag Lohnart Bezeichnung Einheit Menge Faktor3 Prozentsatz St SV GB 4 4 5 Gesamt-Brutto Steuerrechtliche Abzüge Netto-Verdienst Betrag Auszahlungsbetrag SV-rechtliche Abzüge Steuer/Sozialversicherung Netto-Bezüge/Netto-Abzüge St Steuer-Brutto Lohnsteuer Kirchensteuer Solidaritätszuschlag St4 SV4 KV-Brutto RV-Brutto AV-Brutto PV-Brutto KV-Beitrag RV-Beitrag AV-Beitrag PV-Beitrag6 SV,MEDIUM
UNCLEAR,"Arrears/outstanding context exists, but no repayment is documented.",2024-04-30,2024-04,AOK,,,ARREARS_OR_ENFORCEMENT_NOTICE,"00_INBOX - Входящи - Eingang/Accounting/accountings032024/41683 - Rechnung 240393_2024 vom 30.04.2024, Aufträge 31_24, 32_24, 33_24, 34_24, 98_24, Mandant 42303.pdf","tung von Lohnkonten und Aufnahme der Stammdaten 25,00 EUR AN März/2024 2 15,00 EUR Abmeldung eines Arbeitnehmers nach § 25 DEÜV 30,00 EUR AN März/2024 1 15,00 EUR Pfändungen Garnishment 15,00 EUR AN März/2024 1 25,00 EUR Arbeitsbescheinigung nach §312 SGB III (Milanov) 25,00 EUR AN März/2024 Seite 1 Übertrag 1.486,20 EUR [[page 2]] Mandantennummer: 42303 Rechnungsnummer: 240393 Rechnungsjahr: 2024 Übertrag 1.486,20 E",MEDIUM
UNCLEAR,"Arrears/outstanding context exists, but no repayment is documented.",2024-04-30,2024-04,AOK,,,ARREARS_OR_ENFORCEMENT_NOTICE,"00_INBOX - Входящи - Eingang/Accounting_Organized/01_Accountant_Emails/41683 - Rechnung 240393_2024 vom 30.04.2024, Aufträge 31_24, 32_24, 33_24, 34_24, 98_24, Mandant 42303.pdf","tung von Lohnkonten und Aufnahme der Stammdaten 25,00 EUR AN März/2024 2 15,00 EUR Abmeldung eines Arbeitnehmers nach § 25 DEÜV 30,00 EUR AN März/2024 1 15,00 EUR Pfändungen Garnishment 15,00 EUR AN März/2024 1 25,00 EUR Arbeitsbescheinigung nach §312 SGB III (Milanov) 25,00 EUR AN März/2024 Seite 1 Übertrag 1.486,20 EUR [[page 2]] Mandantennummer: 42303 Rechnungsnummer: 240393 Rechnungsjahr: 2024 Übertrag 1.486,20 E",MEDIUM
UNCLEAR,"Arrears/outstanding context exists, but no repayment is documented.",2024-04-30,2024-04,AOK,,,ARREARS_OR_ENFORCEMENT_NOTICE,"00_INBOX - Входящи - Eingang/Accounting_Organized/08_Operating_Costs/41683 - Rechnung 240393_2024 vom 30.04.2024, Aufträge 31_24, 32_24, 33_24, 34_24, 98_24, Mandant 42303.pdf","tung von Lohnkonten und Aufnahme der Stammdaten 25,00 EUR AN März/2024 2 15,00 EUR Abmeldung eines Arbeitnehmers nach § 25 DEÜV 30,00 EUR AN März/2024 1 15,00 EUR Pfändungen Garnishment 15,00 EUR AN März/2024 1 25,00 EUR Arbeitsbescheinigung nach §312 SGB III (Milanov) 25,00 EUR AN März/2024 Seite 1 Übertrag 1.486,20 EUR [[page 2]] Mandantennummer: 42303 Rechnungsnummer: 240393 Rechnungsjahr: 2024 Übertrag 1.486,20 E",MEDIUM
UNCLEAR,"Arrears/outstanding context exists, but no repayment is documented.",2024-04-30,2024-04,AOK,,,ARREARS_OR_ENFORCEMENT_NOTICE,"00_INBOX - Входящи - Eingang/Accounting_Organized/08_Operating_Costs/41683 - Rechnung 240393_2024 vom 30.04.2024, Aufträge 31_24, 32_24, 33_24, 34_24, 98_24, Mandant 42303__copy2.pdf","tung von Lohnkonten und Aufnahme der Stammdaten 25,00 EUR AN März/2024 2 15,00 EUR Abmeldung eines Arbeitnehmers nach § 25 DEÜV 30,00 EUR AN März/2024 1 15,00 EUR Pfändungen Garnishment 15,00 EUR AN März/2024 1 25,00 EUR Arbeitsbescheinigung nach §312 SGB III (Milanov) 25,00 EUR AN März/2024 Seite 1 Übertrag 1.486,20 EUR [[page 2]] Mandantennummer: 42303 Rechnungsnummer: 240393 Rechnungsjahr: 2024 Übertrag 1.486,20 E",MEDIUM
NORMAL_MONTHLY_PAYMENT,Payment amount exists but no arrears context is stated.,,2024-05,AOK Plus,1548.00,,HEALTH_INSURANCE_EXTRACTED_ROW,00_INBOX - Входящи - Eingang/Accounting_Organized/03_Employee_Payslips/8. Lohnabrechnungen aller Mitarbeiter.zip::8. Lohnabrechnungen aller Mitarbeiter/Entgeltabrechnungen 04-2024.pdf,"bezahlter Urlaub 2000 Gehalt L L J 1.548,00",HIGH
NORMAL_MONTHLY_PAYMENT,Payment amount exists but no arrears context is stated.,,2024-05,AOK Plus,-1764.63,68848.69,HEALTH_INSURANCE_EXTRACTED_ROW,00_INBOX - Входящи - Eingang/Accounting_Organized/06_Bank_Payments/10. Nachweis von Lohnzahlungen - Bankkontoumsätze 2024.pdf,"Lastschrift mangels Konto deckung oder wegen fe hlende r / fehlerhaften Angaben. -1.764,63",HIGH
UNCLEAR,"Arrears/outstanding context exists, but no repayment is documented.",2024-05-07,,AOK Hessen,,,ARREARS_OR_ENFORCEMENT_NOTICE,00_INBOX - Входящи - Eingang/Accounting/Test Pay ROll.pdf,eise zur Abrechnung Brutto-Bezüge Betrag Lohnart Bezeichnung Einheit Menge Faktor3 Prozentsatz St SV GB 4 4 5 Gesamt-Brutto Steuerrechtliche Abzüge Netto-Verdienst Betrag Auszahlungsbetrag SV-rechtliche Abzüge Steuer/Sozialversicherung Netto-Bezüge/Netto-Abzüge St Steuer-Brutto Lohnsteuer Kirchensteuer Solidaritätszuschlag St4 SV4 KV-Brutto RV-Brutto AV-Brutto PV-Brutto KV-Beitrag RV-Beitrag AV-Beitrag PV-Beitrag6 SV,MEDIUM
UNCLEAR,"Arrears/outstanding context exists, but no repayment is documented.",2024-05-07,,AOK Hessen,,,ARREARS_OR_ENFORCEMENT_NOTICE,00_INBOX - Входящи - Eingang/Accounting_Organized/05_Taxes/Test Pay ROll.pdf,eise zur Abrechnung Brutto-Bezüge Betrag Lohnart Bezeichnung Einheit Menge Faktor3 Prozentsatz St SV GB 4 4 5 Gesamt-Brutto Steuerrechtliche Abzüge Netto-Verdienst Betrag Auszahlungsbetrag SV-rechtliche Abzüge Steuer/Sozialversicherung Netto-Bezüge/Netto-Abzüge St Steuer-Brutto Lohnsteuer Kirchensteuer Solidaritätszuschlag St4 SV4 KV-Brutto RV-Brutto AV-Brutto PV-Brutto KV-Beitrag RV-Beitrag AV-Beitrag PV-Beitrag6 SV,MEDIUM
UNCLEAR,"Arrears/outstanding context exists, but no repayment is documented.",2024-05-07,,AOK Hessen,,,ARREARS_OR_ENFORCEMENT_NOTICE,00_INBOX - Входящи - Eingang/Accounting_Organized/05_Taxes/Test Pay ROll__copy2.pdf,eise zur Abrechnung Brutto-Bezüge Betrag Lohnart Bezeichnung Einheit Menge Faktor3 Prozentsatz St SV GB 4 4 5 Gesamt-Brutto Steuerrechtliche Abzüge Netto-Verdienst Betrag Auszahlungsbetrag SV-rechtliche Abzüge Steuer/Sozialversicherung Netto-Bezüge/Netto-Abzüge St Steuer-Brutto Lohnsteuer Kirchensteuer Solidaritätszuschlag St4 SV4 KV-Brutto RV-Brutto AV-Brutto PV-Brutto KV-Beitrag RV-Beitrag AV-Beitrag PV-Beitrag6 SV,MEDIUM
UNCLEAR,"Arrears/outstanding context exists, but no repayment is documented.",2024-05-07,,AOK Hessen,,,ARREARS_OR_ENFORCEMENT_NOTICE,00_INBOX - Входящи - Eingang/Accounting_Organized/13_Unknown_To_Review/Test Pay ROll.pdf,eise zur Abrechnung Brutto-Bezüge Betrag Lohnart Bezeichnung Einheit Menge Faktor3 Prozentsatz St SV GB 4 4 5 Gesamt-Brutto Steuerrechtliche Abzüge Netto-Verdienst Betrag Auszahlungsbetrag SV-rechtliche Abzüge Steuer/Sozialversicherung Netto-Bezüge/Netto-Abzüge St Steuer-Brutto Lohnsteuer Kirchensteuer Solidaritätszuschlag St4 SV4 KV-Brutto RV-Brutto AV-Brutto PV-Brutto KV-Beitrag RV-Beitrag AV-Beitrag PV-Beitrag6 SV,MEDIUM
UNCLEAR,"Arrears/outstanding context exists, but no repayment is documented.",2024-05-07,,BKK,,,ARREARS_OR_ENFORCEMENT_NOTICE,00_INBOX - Входящи - Eingang/Accounting/Test Pay ROll.pdf,eise zur Abrechnung Brutto-Bezüge Betrag Lohnart Bezeichnung Einheit Menge Faktor3 Prozentsatz St SV GB 4 4 5 Gesamt-Brutto Steuerrechtliche Abzüge Netto-Verdienst Betrag Auszahlungsbetrag SV-rechtliche Abzüge Steuer/Sozialversicherung Netto-Bezüge/Netto-Abzüge St Steuer-Brutto Lohnsteuer Kirchensteuer Solidaritätszuschlag St4 SV4 KV-Brutto RV-Brutto AV-Brutto PV-Brutto KV-Beitrag RV-Beitrag AV-Beitrag PV-Beitrag6 SV,MEDIUM
UNCLEAR,"Arrears/outstanding context exists, but no repayment is documented.",2024-05-07,,BKK,,,ARREARS_OR_ENFORCEMENT_NOTICE,00_INBOX - Входящи - Eingang/Accounting_Organized/05_Taxes/Test Pay ROll.pdf,eise zur Abrechnung Brutto-Bezüge Betrag Lohnart Bezeichnung Einheit Menge Faktor3 Prozentsatz St SV GB 4 4 5 Gesamt-Brutto Steuerrechtliche Abzüge Netto-Verdienst Betrag Auszahlungsbetrag SV-rechtliche Abzüge Steuer/Sozialversicherung Netto-Bezüge/Netto-Abzüge St Steuer-Brutto Lohnsteuer Kirchensteuer Solidaritätszuschlag St4 SV4 KV-Brutto RV-Brutto AV-Brutto PV-Brutto KV-Beitrag RV-Beitrag AV-Beitrag PV-Beitrag6 SV,MEDIUM
UNCLEAR,"Arrears/outstanding context exists, but no repayment is documented.",2024-05-07,,BKK,,,ARREARS_OR_ENFORCEMENT_NOTICE,00_INBOX - Входящи - Eingang/Accounting_Organized/05_Taxes/Test Pay ROll__copy2.pdf,eise zur Abrechnung Brutto-Bezüge Betrag Lohnart Bezeichnung Einheit Menge Faktor3 Prozentsatz St SV GB 4 4 5 Gesamt-Brutto Steuerrechtliche Abzüge Netto-Verdienst Betrag Auszahlungsbetrag SV-rechtliche Abzüge Steuer/Sozialversicherung Netto-Bezüge/Netto-Abzüge St Steuer-Brutto Lohnsteuer Kirchensteuer Solidaritätszuschlag St4 SV4 KV-Brutto RV-Brutto AV-Brutto PV-Brutto KV-Beitrag RV-Beitrag AV-Beitrag PV-Beitrag6 SV,MEDIUM
UNCLEAR,"Arrears/outstanding context exists, but no repayment is documented.",2024-05-07,,BKK,,,ARREARS_OR_ENFORCEMENT_NOTICE,00_INBOX - Входящи - Eingang/Accounting_Organized/13_Unknown_To_Review/Test Pay ROll.pdf,eise zur Abrechnung Brutto-Bezüge Betrag Lohnart Bezeichnung Einheit Menge Faktor3 Prozentsatz St SV GB 4 4 5 Gesamt-Brutto Steuerrechtliche Abzüge Netto-Verdienst Betrag Auszahlungsbetrag SV-rechtliche Abzüge Steuer/Sozialversicherung Netto-Bezüge/Netto-Abzüge St Steuer-Brutto Lohnsteuer Kirchensteuer Solidaritätszuschlag St4 SV4 KV-Brutto RV-Brutto AV-Brutto PV-Brutto KV-Beitrag RV-Beitrag AV-Beitrag PV-Beitrag6 SV,MEDIUM
UNCLEAR,"Arrears/outstanding context exists, but no repayment is documented.",2024-05-07,,KKH,,,ARREARS_OR_ENFORCEMENT_NOTICE,00_INBOX - Входящи - Eingang/Accounting/Test Pay ROll.pdf,eise zur Abrechnung Brutto-Bezüge Betrag Lohnart Bezeichnung Einheit Menge Faktor3 Prozentsatz St SV GB 4 4 5 Gesamt-Brutto Steuerrechtliche Abzüge Netto-Verdienst Betrag Auszahlungsbetrag SV-rechtliche Abzüge Steuer/Sozialversicherung Netto-Bezüge/Netto-Abzüge St Steuer-Brutto Lohnsteuer Kirchensteuer Solidaritätszuschlag St4 SV4 KV-Brutto RV-Brutto AV-Brutto PV-Brutto KV-Beitrag RV-Beitrag AV-Beitrag PV-Beitrag6 SV,MEDIUM
UNCLEAR,"Arrears/outstanding context exists, but no repayment is documented.",2024-05-07,,KKH,,,ARREARS_OR_ENFORCEMENT_NOTICE,00_INBOX - Входящи - Eingang/Accounting_Organized/05_Taxes/Test Pay ROll.pdf,eise zur Abrechnung Brutto-Bezüge Betrag Lohnart Bezeichnung Einheit Menge Faktor3 Prozentsatz St SV GB 4 4 5 Gesamt-Brutto Steuerrechtliche Abzüge Netto-Verdienst Betrag Auszahlungsbetrag SV-rechtliche Abzüge Steuer/Sozialversicherung Netto-Bezüge/Netto-Abzüge St Steuer-Brutto Lohnsteuer Kirchensteuer Solidaritätszuschlag St4 SV4 KV-Brutto RV-Brutto AV-Brutto PV-Brutto KV-Beitrag RV-Beitrag AV-Beitrag PV-Beitrag6 SV,MEDIUM
UNCLEAR,"Arrears/outstanding context exists, but no repayment is documented.",2024-05-07,,KKH,,,ARREARS_OR_ENFORCEMENT_NOTICE,00_INBOX - Входящи - Eingang/Accounting_Organized/05_Taxes/Test Pay ROll__copy2.pdf,eise zur Abrechnung Brutto-Bezüge Betrag Lohnart Bezeichnung Einheit Menge Faktor3 Prozentsatz St SV GB 4 4 5 Gesamt-Brutto Steuerrechtliche Abzüge Netto-Verdienst Betrag Auszahlungsbetrag SV-rechtliche Abzüge Steuer/Sozialversicherung Netto-Bezüge/Netto-Abzüge St Steuer-Brutto Lohnsteuer Kirchensteuer Solidaritätszuschlag St4 SV4 KV-Brutto RV-Brutto AV-Brutto PV-Brutto KV-Beitrag RV-Beitrag AV-Beitrag PV-Beitrag6 SV,MEDIUM
UNCLEAR,"Arrears/outstanding context exists, but no repayment is documented.",2024-05-07,,KKH,,,ARREARS_OR_ENFORCEMENT_NOTICE,00_INBOX - Входящи - Eingang/Accounting_Organized/13_Unknown_To_Review/Test Pay ROll.pdf,eise zur Abrechnung Brutto-Bezüge Betrag Lohnart Bezeichnung Einheit Menge Faktor3 Prozentsatz St SV GB 4 4 5 Gesamt-Brutto Steuerrechtliche Abzüge Netto-Verdienst Betrag Auszahlungsbetrag SV-rechtliche Abzüge Steuer/Sozialversicherung Netto-Bezüge/Netto-Abzüge St Steuer-Brutto Lohnsteuer Kirchensteuer Solidaritätszuschlag St4 SV4 KV-Brutto RV-Brutto AV-Brutto PV-Brutto KV-Beitrag RV-Beitrag AV-Beitrag PV-Beitrag6 SV,MEDIUM
UNCLEAR,"Arrears/outstanding context exists, but no repayment is documented.",2024-05-08,2024-04,AOK,,,ARREARS_OR_ENFORCEMENT_NOTICE,00_INBOX - Входящи - Eingang/Accounting/2024/Entgeltbescheinigungen 04-2024.pdf,"Usti Nad Labem 27 1 09119 Chemnitz Übersicht Zahlungen im April 2024 Empfänger PLZ Ort Zahlart Verwendungszweck Betrag AOK Baden-Württemberg 70025 Stuttgart Überweisung 89878877 1.842,60 AOK Bayern Die Gesundheitsk 81739 München Überweisung 89878877 1.125,65 AOK Hessen 61281 Bad Homburg Überweisung 89878877",MEDIUM
UNCLEAR,"Arrears/outstanding context exists, but no repayment is documented.",2024-05-08,2024-04,AOK,,,ARREARS_OR_ENFORCEMENT_NOTICE,00_INBOX - Входящи - Eingang/Accounting/ihrelohnauswertungen(2)2/Lohnauswertungen.pdf,"Usti Nad Labem 27 1 09119 Chemnitz Übersicht Zahlungen im April 2024 Empfänger PLZ Ort Zahlart Verwendungszweck Betrag AOK Baden-Württemberg 70025 Stuttgart Überweisung 89878877 1.842,60 AOK Bayern Die Gesundheitsk 81739 München Überweisung 89878877 1.125,65 AOK Hessen 61281 Bad Homburg Überweisung 89878877",MEDIUM
UNCLEAR,"Arrears/outstanding context exists, but no repayment is documented.",2024-05-08,2024-04,AOK,,,ARREARS_OR_ENFORCEMENT_NOTICE,00_INBOX - Входящи - Eingang/Accounting_Organized/03_Employee_Payslips/Entgeltbescheinigungen 04-2024.pdf,"Usti Nad Labem 27 1 09119 Chemnitz Übersicht Zahlungen im April 2024 Empfänger PLZ Ort Zahlart Verwendungszweck Betrag AOK Baden-Württemberg 70025 Stuttgart Überweisung 89878877 1.842,60 AOK Bayern Die Gesundheitsk 81739 München Überweisung 89878877 1.125,65 AOK Hessen 61281 Bad Homburg Überweisung 89878877",MEDIUM
UNCLEAR,"Arrears/outstanding context exists, but no repayment is documented.",2024-05-08,2024-04,AOK,,,ARREARS_OR_ENFORCEMENT_NOTICE,00_INBOX - Входящи - Eingang/Accounting_Organized/03_Employee_Payslips/Entgeltbescheinigungen 04-2024__copy2.pdf,"Usti Nad Labem 27 1 09119 Chemnitz Übersicht Zahlungen im April 2024 Empfänger PLZ Ort Zahlart Verwendungszweck Betrag AOK Baden-Württemberg 70025 Stuttgart Überweisung 89878877 1.842,60 AOK Bayern Die Gesundheitsk 81739 München Überweisung 89878877 1.125,65 AOK Hessen 61281 Bad Homburg Überweisung 89878877",MEDIUM
UNCLEAR,"Arrears/outstanding context exists, but no repayment is documented.",2024-05-08,2024-04,AOK,,,ARREARS_OR_ENFORCEMENT_NOTICE,00_INBOX - Входящи - Eingang/Accounting_Organized/03_Employee_Payslips/Entgeltbescheinigungen 04-2024__copy3.pdf,"Usti Nad Labem 27 1 09119 Chemnitz Übersicht Zahlungen im April 2024 Empfänger PLZ Ort Zahlart Verwendungszweck Betrag AOK Baden-Württemberg 70025 Stuttgart Überweisung 89878877 1.842,60 AOK Bayern Die Gesundheitsk 81739 München Überweisung 89878877 1.125,65 AOK Hessen 61281 Bad Homburg Überweisung 89878877",MEDIUM
UNCLEAR,"Arrears/outstanding context exists, but no repayment is documented.",2024-05-08,2024-04,AOK,,,ARREARS_OR_ENFORCEMENT_NOTICE,00_INBOX - Входящи - Eingang/Accounting_Organized/14_Duplicates/Lohnauswertungen__copy23.pdf,"Usti Nad Labem 27 1 09119 Chemnitz Übersicht Zahlungen im April 2024 Empfänger PLZ Ort Zahlart Verwendungszweck Betrag AOK Baden-Württemberg 70025 Stuttgart Überweisung 89878877 1.842,60 AOK Bayern Die Gesundheitsk 81739 München Überweisung 89878877 1.125,65 AOK Hessen 61281 Bad Homburg Überweisung 89878877",MEDIUM
UNCLEAR,"Arrears/outstanding context exists, but no repayment is documented.",2024-05-08,2024-04,AOK,,,ARREARS_OR_ENFORCEMENT_NOTICE,00_INBOX - Входящи - Eingang/Accounting_Organized/14_Duplicates/Lohnauswertungen__copy41.pdf,"Usti Nad Labem 27 1 09119 Chemnitz Übersicht Zahlungen im April 2024 Empfänger PLZ Ort Zahlart Verwendungszweck Betrag AOK Baden-Württemberg 70025 Stuttgart Überweisung 89878877 1.842,60 AOK Bayern Die Gesundheitsk 81739 München Überweisung 89878877 1.125,65 AOK Hessen 61281 Bad Homburg Überweisung 89878877",MEDIUM
UNCLEAR,"Arrears/outstanding context exists, but no repayment is documented.",2024-05-08,2024-04,AOK,,,ARREARS_OR_ENFORCEMENT_NOTICE,00_INBOX - Входящи - Eingang/Accounting_Organized/14_Duplicates/Lohnauswertungen__copy5.pdf,"Usti Nad Labem 27 1 09119 Chemnitz Übersicht Zahlungen im April 2024 Empfänger PLZ Ort Zahlart Verwendungszweck Betrag AOK Baden-Württemberg 70025 Stuttgart Überweisung 89878877 1.842,60 AOK Bayern Die Gesundheitsk 81739 München Überweisung 89878877 1.125,65 AOK Hessen 61281 Bad Homburg Überweisung 89878877",MEDIUM
NORMAL_MONTHLY_PAYMENT,Payment amount exists but no arrears context is stated.,2024-05-08,2024-05,AOK,34801.69,,PAYMENT_EVIDENCE_OR_PAYMENT_LIST,00_INBOX - Входящи - Eingang/Accounting/8. Überweisungsnachweise bzw. Barzahlungsquittungen/# 2024/10. Nachweis von Lohnzahlungen - Bankkontoumsätze 2024.pdf,"95 1001 0010 0925 7291 09) Seite: Kanzlei-Rechnungswesen V.12.48 08.05.2024 1 vom: 01.01.2024 bis: 31.12.2024 Bu.Tag Text Wert Währung Umsatz Alter Kontostand: EUR 34.801,69 SEPA-LASTSCHRIFT 02.01.2024 EUR -90,71 02.01.2024 EREF+514001574120 KREF+GENODEFF27122300925901 0055946 MREF+MR0000025923465 CRED+DE3402500000136418 SVWZ+32396652293 Kfz C-BG77 4 / 90.71 Folgeb. 01.01 ABWE+Ivanova KRAVAG-ALLGEMEINE Versicherungs-",HIGH
NORMAL_MONTHLY_PAYMENT,Payment amount exists but no arrears context is stated.,2024-05-08,2024-05,AOK,34801.69,,PAYMENT_EVIDENCE_OR_PAYMENT_LIST,00_INBOX - Входящи - Eingang/Accounting/audit2024/10. Nachweis von Lohnzahlungen - Bankkontoumsätze 2024.pdf,"95 1001 0010 0925 7291 09) Seite: Kanzlei-Rechnungswesen V.12.48 08.05.2024 1 vom: 01.01.2024 bis: 31.12.2024 Bu.Tag Text Wert Währung Umsatz Alter Kontostand: EUR 34.801,69 SEPA-LASTSCHRIFT 02.01.2024 EUR -90,71 02.01.2024 EREF+514001574120 KREF+GENODEFF27122300925901 0055946 MREF+MR0000025923465 CRED+DE3402500000136418 SVWZ+32396652293 Kfz C-BG77 4 / 90.71 Folgeb. 01.01 ABWE+Ivanova KRAVAG-ALLGEMEINE Versicherungs-",HIGH
NORMAL_MONTHLY_PAYMENT,Payment amount exists but no arrears context is stated.,2024-05-08,2024-05,AOK,34801.69,,PAYMENT_EVIDENCE_OR_PAYMENT_LIST,00_INBOX - Входящи - Eingang/Accounting_Organized/06_Bank_Payments/10. Nachweis von Lohnzahlungen - Bankkontoumsätze 2024.pdf,"95 1001 0010 0925 7291 09) Seite: Kanzlei-Rechnungswesen V.12.48 08.05.2024 1 vom: 01.01.2024 bis: 31.12.2024 Bu.Tag Text Wert Währung Umsatz Alter Kontostand: EUR 34.801,69 SEPA-LASTSCHRIFT 02.01.2024 EUR -90,71 02.01.2024 EREF+514001574120 KREF+GENODEFF27122300925901 0055946 MREF+MR0000025923465 CRED+DE3402500000136418 SVWZ+32396652293 Kfz C-BG77 4 / 90.71 Folgeb. 01.01 ABWE+Ivanova KRAVAG-ALLGEMEINE Versicherungs-",HIGH
NORMAL_MONTHLY_PAYMENT,Payment amount exists but no arrears context is stated.,2024-05-08,2024-05,AOK,34801.69,,PAYMENT_EVIDENCE_OR_PAYMENT_LIST,00_INBOX - Входящи - Eingang/Accounting_Organized/06_Bank_Payments/10. Nachweis von Lohnzahlungen - Bankkontoumsätze 2024__copy2.pdf,"95 1001 0010 0925 7291 09) Seite: Kanzlei-Rechnungswesen V.12.48 08.05.2024 1 vom: 01.01.2024 bis: 31.12.2024 Bu.Tag Text Wert Währung Umsatz Alter Kontostand: EUR 34.801,69 SEPA-LASTSCHRIFT 02.01.2024 EUR -90,71 02.01.2024 EREF+514001574120 KREF+GENODEFF27122300925901 0055946 MREF+MR0000025923465 CRED+DE3402500000136418 SVWZ+32396652293 Kfz C-BG77 4 / 90.71 Folgeb. 01.01 ABWE+Ivanova KRAVAG-ALLGEMEINE Versicherungs-",HIGH
NORMAL_MONTHLY_PAYMENT,Payment amount exists but no arrears context is stated.,2024-05-08,2024-05,AOK,34801.69,,PAYMENT_EVIDENCE_OR_PAYMENT_LIST,00_INBOX - Входящи - Eingang/Accounting_Organized/06_Bank_Payments/10. Nachweis von Lohnzahlungen - Bankkontoumsätze 2024__copy3.pdf,"95 1001 0010 0925 7291 09) Seite: Kanzlei-Rechnungswesen V.12.48 08.05.2024 1 vom: 01.01.2024 bis: 31.12.2024 Bu.Tag Text Wert Währung Umsatz Alter Kontostand: EUR 34.801,69 SEPA-LASTSCHRIFT 02.01.2024 EUR -90,71 02.01.2024 EREF+514001574120 KREF+GENODEFF27122300925901 0055946 MREF+MR0000025923465 CRED+DE3402500000136418 SVWZ+32396652293 Kfz C-BG77 4 / 90.71 Folgeb. 01.01 ABWE+Ivanova KRAVAG-ALLGEMEINE Versicherungs-",HIGH
NORMAL_MONTHLY_PAYMENT,Payment amount exists but no arrears context is stated.,2024-05-08,2024-05,AOK,34801.69,,PAYMENT_EVIDENCE_OR_PAYMENT_LIST,00_INBOX - Входящи - Eingang/Accounting_Organized/14_Duplicates/10. Nachweis von Lohnzahlungen - Bankkontoumsätze 2024.pdf,"95 1001 0010 0925 7291 09) Seite: Kanzlei-Rechnungswesen V.12.48 08.05.2024 1 vom: 01.01.2024 bis: 31.12.2024 Bu.Tag Text Wert Währung Umsatz Alter Kontostand: EUR 34.801,69 SEPA-LASTSCHRIFT 02.01.2024 EUR -90,71 02.01.2024 EREF+514001574120 KREF+GENODEFF27122300925901 0055946 MREF+MR0000025923465 CRED+DE3402500000136418 SVWZ+32396652293 Kfz C-BG77 4 / 90.71 Folgeb. 01.01 ABWE+Ivanova KRAVAG-ALLGEMEINE Versicherungs-",HIGH
NORMAL_MONTHLY_PAYMENT,Payment amount exists but no arrears context is stated.,2024-05-08,2024-05,AOK,34801.69,,PAYMENT_EVIDENCE_OR_PAYMENT_LIST,00_INBOX - Входящи - Eingang/Accounting_Organized/14_Duplicates/10. Nachweis von Lohnzahlungen - Bankkontoumsätze 2024__copy2.pdf,"95 1001 0010 0925 7291 09) Seite: Kanzlei-Rechnungswesen V.12.48 08.05.2024 1 vom: 01.01.2024 bis: 31.12.2024 Bu.Tag Text Wert Währung Umsatz Alter Kontostand: EUR 34.801,69 SEPA-LASTSCHRIFT 02.01.2024 EUR -90,71 02.01.2024 EREF+514001574120 KREF+GENODEFF27122300925901 0055946 MREF+MR0000025923465 CRED+DE3402500000136418 SVWZ+32396652293 Kfz C-BG77 4 / 90.71 Folgeb. 01.01 ABWE+Ivanova KRAVAG-ALLGEMEINE Versicherungs-",HIGH
NORMAL_MONTHLY_PAYMENT,Payment amount exists but no arrears context is stated.,2024-05-08,2024-05,AOK,34801.69,,PAYMENT_EVIDENCE_OR_PAYMENT_LIST,00_INBOX - Входящи - Eingang/Accounting_Organized/14_Duplicates/10. Nachweis von Lohnzahlungen - Bankkontoumsätze 2024__copy3.pdf,"95 1001 0010 0925 7291 09) Seite: Kanzlei-Rechnungswesen V.12.48 08.05.2024 1 vom: 01.01.2024 bis: 31.12.2024 Bu.Tag Text Wert Währung Umsatz Alter Kontostand: EUR 34.801,69 SEPA-LASTSCHRIFT 02.01.2024 EUR -90,71 02.01.2024 EREF+514001574120 KREF+GENODEFF27122300925901 0055946 MREF+MR0000025923465 CRED+DE3402500000136418 SVWZ+32396652293 Kfz C-BG77 4 / 90.71 Folgeb. 01.01 ABWE+Ivanova KRAVAG-ALLGEMEINE Versicherungs-",HIGH
NORMAL_MONTHLY_PAYMENT,Payment amount exists but no arrears context is stated.,2024-05-08,2024-05,AOK Baden-Wuerttemberg,186895.07,,PAYMENT_EVIDENCE_OR_PAYMENT_LIST,00_INBOX - Входящи - Eingang/Accounting/8. Überweisungsnachweise bzw. Barzahlungsquittungen/# 2024/10. Nachweis von Lohnzahlungen - Bankkontoumsätze 2023.pdf,"ion wurde von DATEV automatisch erstellt. Lösungen finden Sie im Info-Dokument: 1017192 -388,93 Tagessumme: EUR Auszug/Blatt: 0/ 03.01.2023 Neuer Kontostand: EUR 2.928,16 SEPA ÜBERW. EINZEL 06.01.2023 EUR -200,00 06.01.2023 SVWZ+S-1639/DE30100100100023602149 PARTS FOR OPEL.VIVARO 1021 MOMCHIL PANAYOTOV; BIC: PBNKDEFFXXX; IBAN: DE30 1001 0010 0023 6021 49 GUTSCHR.SEPA 06.01.2023 EUR 186.895,07 06.01.2023 EREF+20000163",HIGH
NORMAL_MONTHLY_PAYMENT,Payment amount exists but no arrears context is stated.,2024-05-08,2024-05,AOK Baden-Wuerttemberg,186895.07,,PAYMENT_EVIDENCE_OR_PAYMENT_LIST,00_INBOX - Входящи - Eingang/Accounting/audit2024/10. Nachweis von Lohnzahlungen - Bankkontoumsätze 2023.pdf,"ion wurde von DATEV automatisch erstellt. Lösungen finden Sie im Info-Dokument: 1017192 -388,93 Tagessumme: EUR Auszug/Blatt: 0/ 03.01.2023 Neuer Kontostand: EUR 2.928,16 SEPA ÜBERW. EINZEL 06.01.2023 EUR -200,00 06.01.2023 SVWZ+S-1639/DE30100100100023602149 PARTS FOR OPEL.VIVARO 1021 MOMCHIL PANAYOTOV; BIC: PBNKDEFFXXX; IBAN: DE30 1001 0010 0023 6021 49 GUTSCHR.SEPA 06.01.2023 EUR 186.895,07 06.01.2023 EREF+20000163",HIGH
NORMAL_MONTHLY_PAYMENT,Payment amount exists but no arrears context is stated.,2024-05-08,2024-05,AOK Baden-Wuerttemberg,186895.07,,PAYMENT_EVIDENCE_OR_PAYMENT_LIST,00_INBOX - Входящи - Eingang/Accounting_Organized/06_Bank_Payments/10. Nachweis von Lohnzahlungen - Bankkontoumsätze 2023.pdf,"ion wurde von DATEV automatisch erstellt. Lösungen finden Sie im Info-Dokument: 1017192 -388,93 Tagessumme: EUR Auszug/Blatt: 0/ 03.01.2023 Neuer Kontostand: EUR 2.928,16 SEPA ÜBERW. EINZEL 06.01.2023 EUR -200,00 06.01.2023 SVWZ+S-1639/DE30100100100023602149 PARTS FOR OPEL.VIVARO 1021 MOMCHIL PANAYOTOV; BIC: PBNKDEFFXXX; IBAN: DE30 1001 0010 0023 6021 49 GUTSCHR.SEPA 06.01.2023 EUR 186.895,07 06.01.2023 EREF+20000163",HIGH
NORMAL_MONTHLY_PAYMENT,Payment amount exists but no arrears context is stated.,2024-05-08,2024-05,AOK Baden-Wuerttemberg,186895.07,,PAYMENT_EVIDENCE_OR_PAYMENT_LIST,00_INBOX - Входящи - Eingang/Accounting_Organized/06_Bank_Payments/10. Nachweis von Lohnzahlungen - Bankkontoumsätze 2023__copy2.pdf,"ion wurde von DATEV automatisch erstellt. Lösungen finden Sie im Info-Dokument: 1017192 -388,93 Tagessumme: EUR Auszug/Blatt: 0/ 03.01.2023 Neuer Kontostand: EUR 2.928,16 SEPA ÜBERW. EINZEL 06.01.2023 EUR -200,00 06.01.2023 SVWZ+S-1639/DE30100100100023602149 PARTS FOR OPEL.VIVARO 1021 MOMCHIL PANAYOTOV; BIC: PBNKDEFFXXX; IBAN: DE30 1001 0010 0023 6021 49 GUTSCHR.SEPA 06.01.2023 EUR 186.895,07 06.01.2023 EREF+20000163",HIGH
NORMAL_MONTHLY_PAYMENT,Payment amount exists but no arrears context is stated.,2024-05-08,2024-05,AOK Baden-Wuerttemberg,186895.07,,PAYMENT_EVIDENCE_OR_PAYMENT_LIST,00_INBOX - Входящи - Eingang/Accounting_Organized/06_Bank_Payments/10. Nachweis von Lohnzahlungen - Bankkontoumsätze 2023__copy3.pdf,"ion wurde von DATEV automatisch erstellt. Lösungen finden Sie im Info-Dokument: 1017192 -388,93 Tagessumme: EUR Auszug/Blatt: 0/ 03.01.2023 Neuer Kontostand: EUR 2.928,16 SEPA ÜBERW. EINZEL 06.01.2023 EUR -200,00 06.01.2023 SVWZ+S-1639/DE30100100100023602149 PARTS FOR OPEL.VIVARO 1021 MOMCHIL PANAYOTOV; BIC: PBNKDEFFXXX; IBAN: DE30 1001 0010 0023 6021 49 GUTSCHR.SEPA 06.01.2023 EUR 186.895,07 06.01.2023 EREF+20000163",HIGH
NORMAL_MONTHLY_PAYMENT,Payment amount exists but no arrears context is stated.,2024-05-08,2024-05,AOK Baden-Wuerttemberg,186895.07,,PAYMENT_EVIDENCE_OR_PAYMENT_LIST,00_INBOX - Входящи - Eingang/Accounting_Organized/14_Duplicates/10. Nachweis von Lohnzahlungen - Bankkontoumsätze 2023.pdf,"ion wurde von DATEV automatisch erstellt. Lösungen finden Sie im Info-Dokument: 1017192 -388,93 Tagessumme: EUR Auszug/Blatt: 0/ 03.01.2023 Neuer Kontostand: EUR 2.928,16 SEPA ÜBERW. EINZEL 06.01.2023 EUR -200,00 06.01.2023 SVWZ+S-1639/DE30100100100023602149 PARTS FOR OPEL.VIVARO 1021 MOMCHIL PANAYOTOV; BIC: PBNKDEFFXXX; IBAN: DE30 1001 0010 0023 6021 49 GUTSCHR.SEPA 06.01.2023 EUR 186.895,07 06.01.2023 EREF+20000163",HIGH
NORMAL_MONTHLY_PAYMENT,Payment amount exists but no arrears context is stated.,2024-05-08,2024-05,AOK Baden-Wuerttemberg,186895.07,,PAYMENT_EVIDENCE_OR_PAYMENT_LIST,00_INBOX - Входящи - Eingang/Accounting_Organized/14_Duplicates/10. Nachweis von Lohnzahlungen - Bankkontoumsätze 2023__copy2.pdf,"ion wurde von DATEV automatisch erstellt. Lösungen finden Sie im Info-Dokument: 1017192 -388,93 Tagessumme: EUR Auszug/Blatt: 0/ 03.01.2023 Neuer Kontostand: EUR 2.928,16 SEPA ÜBERW. EINZEL 06.01.2023 EUR -200,00 06.01.2023 SVWZ+S-1639/DE30100100100023602149 PARTS FOR OPEL.VIVARO 1021 MOMCHIL PANAYOTOV; BIC: PBNKDEFFXXX; IBAN: DE30 1001 0010 0023 6021 49 GUTSCHR.SEPA 06.01.2023 EUR 186.895,07 06.01.2023 EREF+20000163",HIGH
NORMAL_MONTHLY_PAYMENT,Payment amount exists but no arrears context is stated.,2024-05-08,2024-05,AOK Baden-Wuerttemberg,186895.07,,PAYMENT_EVIDENCE_OR_PAYMENT_LIST,00_INBOX - Входящи - Eingang/Accounting_Organized/14_Duplicates/10. Nachweis von Lohnzahlungen - Bankkontoumsätze 2023__copy3.pdf,"ion wurde von DATEV automatisch erstellt. Lösungen finden Sie im Info-Dokument: 1017192 -388,93 Tagessumme: EUR Auszug/Blatt: 0/ 03.01.2023 Neuer Kontostand: EUR 2.928,16 SEPA ÜBERW. EINZEL 06.01.2023 EUR -200,00 06.01.2023 SVWZ+S-1639/DE30100100100023602149 PARTS FOR OPEL.VIVARO 1021 MOMCHIL PANAYOTOV; BIC: PBNKDEFFXXX; IBAN: DE30 1001 0010 0023 6021 49 GUTSCHR.SEPA 06.01.2023 EUR 186.895,07 06.01.2023 EREF+20000163",HIGH
UNCLEAR,"Arrears/outstanding context exists, but no repayment is documented.",2024-05-08,,AOK Hessen,,,ARREARS_OR_ENFORCEMENT_NOTICE,00_INBOX - Входящи - Eingang/Accounting/awbonuses042024/10001_04-2024_DivAuswertungen_DivMitarbeiter_BZ1.pdf,eise zur Abrechnung Brutto-Bezüge Betrag Lohnart Bezeichnung Einheit Menge Faktor3 Prozentsatz St SV GB 4 4 5 Gesamt-Brutto Steuerrechtliche Abzüge Netto-Verdienst Betrag Auszahlungsbetrag SV-rechtliche Abzüge Steuer/Sozialversicherung Netto-Bezüge/Netto-Abzüge St Steuer-Brutto Lohnsteuer Kirchensteuer Solidaritätszuschlag St4 SV4 KV-Brutto RV-Brutto AV-Brutto PV-Brutto KV-Beitrag RV-Beitrag AV-Beitrag PV-Beitrag6 SV,MEDIUM
UNCLEAR,"Arrears/outstanding context exists, but no repayment is documented.",2024-05-08,,AOK Hessen,,,ARREARS_OR_ENFORCEMENT_NOTICE,00_INBOX - Входящи - Eingang/Accounting_Organized/02_Payroll/10001_04-2024_DivAuswertungen_DivMitarbeiter_BZ1.pdf,eise zur Abrechnung Brutto-Bezüge Betrag Lohnart Bezeichnung Einheit Menge Faktor3 Prozentsatz St SV GB 4 4 5 Gesamt-Brutto Steuerrechtliche Abzüge Netto-Verdienst Betrag Auszahlungsbetrag SV-rechtliche Abzüge Steuer/Sozialversicherung Netto-Bezüge/Netto-Abzüge St Steuer-Brutto Lohnsteuer Kirchensteuer Solidaritätszuschlag St4 SV4 KV-Brutto RV-Brutto AV-Brutto PV-Brutto KV-Beitrag RV-Beitrag AV-Beitrag PV-Beitrag6 SV,MEDIUM
UNCLEAR,"Arrears/outstanding context exists, but no repayment is documented.",2024-05-08,,AOK Hessen,,,ARREARS_OR_ENFORCEMENT_NOTICE,00_INBOX - Входящи - Eingang/Accounting_Organized/02_Payroll/10001_04-2024_DivAuswertungen_DivMitarbeiter_BZ1__copy2.pdf,eise zur Abrechnung Brutto-Bezüge Betrag Lohnart Bezeichnung Einheit Menge Faktor3 Prozentsatz St SV GB 4 4 5 Gesamt-Brutto Steuerrechtliche Abzüge Netto-Verdienst Betrag Auszahlungsbetrag SV-rechtliche Abzüge Steuer/Sozialversicherung Netto-Bezüge/Netto-Abzüge St Steuer-Brutto Lohnsteuer Kirchensteuer Solidaritätszuschlag St4 SV4 KV-Brutto RV-Brutto AV-Brutto PV-Brutto KV-Beitrag RV-Beitrag AV-Beitrag PV-Beitrag6 SV,MEDIUM
UNCLEAR,"Arrears/outstanding context exists, but no repayment is documented.",2024-05-08,,AOK Hessen,,,ARREARS_OR_ENFORCEMENT_NOTICE,00_INBOX - Входящи - Eingang/Accounting_Organized/13_Unknown_To_Review/10001_04-2024_DivAuswertungen_DivMitarbeiter_BZ1.pdf,eise zur Abrechnung Brutto-Bezüge Betrag Lohnart Bezeichnung Einheit Menge Faktor3 Prozentsatz St SV GB 4 4 5 Gesamt-Brutto Steuerrechtliche Abzüge Netto-Verdienst Betrag Auszahlungsbetrag SV-rechtliche Abzüge Steuer/Sozialversicherung Netto-Bezüge/Netto-Abzüge St Steuer-Brutto Lohnsteuer Kirchensteuer Solidaritätszuschlag St4 SV4 KV-Brutto RV-Brutto AV-Brutto PV-Brutto KV-Beitrag RV-Beitrag AV-Beitrag PV-Beitrag6 SV,MEDIUM
UNCLEAR,"Arrears/outstanding context exists, but no repayment is documented.",2024-05-08,,BKK,,,ARREARS_OR_ENFORCEMENT_NOTICE,00_INBOX - Входящи - Eingang/Accounting/awbonuses042024/10001_04-2024_DivAuswertungen_DivMitarbeiter_BZ1.pdf,eise zur Abrechnung Brutto-Bezüge Betrag Lohnart Bezeichnung Einheit Menge Faktor3 Prozentsatz St SV GB 4 4 5 Gesamt-Brutto Steuerrechtliche Abzüge Netto-Verdienst Betrag Auszahlungsbetrag SV-rechtliche Abzüge Steuer/Sozialversicherung Netto-Bezüge/Netto-Abzüge St Steuer-Brutto Lohnsteuer Kirchensteuer Solidaritätszuschlag St4 SV4 KV-Brutto RV-Brutto AV-Brutto PV-Brutto KV-Beitrag RV-Beitrag AV-Beitrag PV-Beitrag6 SV,MEDIUM
UNCLEAR,"Arrears/outstanding context exists, but no repayment is documented.",2024-05-08,,BKK,,,ARREARS_OR_ENFORCEMENT_NOTICE,00_INBOX - Входящи - Eingang/Accounting_Organized/02_Payroll/10001_04-2024_DivAuswertungen_DivMitarbeiter_BZ1.pdf,eise zur Abrechnung Brutto-Bezüge Betrag Lohnart Bezeichnung Einheit Menge Faktor3 Prozentsatz St SV GB 4 4 5 Gesamt-Brutto Steuerrechtliche Abzüge Netto-Verdienst Betrag Auszahlungsbetrag SV-rechtliche Abzüge Steuer/Sozialversicherung Netto-Bezüge/Netto-Abzüge St Steuer-Brutto Lohnsteuer Kirchensteuer Solidaritätszuschlag St4 SV4 KV-Brutto RV-Brutto AV-Brutto PV-Brutto KV-Beitrag RV-Beitrag AV-Beitrag PV-Beitrag6 SV,MEDIUM
UNCLEAR,"Arrears/outstanding context exists, but no repayment is documented.",2024-05-08,,BKK,,,ARREARS_OR_ENFORCEMENT_NOTICE,00_INBOX - Входящи - Eingang/Accounting_Organized/02_Payroll/10001_04-2024_DivAuswertungen_DivMitarbeiter_BZ1__copy2.pdf,eise zur Abrechnung Brutto-Bezüge Betrag Lohnart Bezeichnung Einheit Menge Faktor3 Prozentsatz St SV GB 4 4 5 Gesamt-Brutto Steuerrechtliche Abzüge Netto-Verdienst Betrag Auszahlungsbetrag SV-rechtliche Abzüge Steuer/Sozialversicherung Netto-Bezüge/Netto-Abzüge St Steuer-Brutto Lohnsteuer Kirchensteuer Solidaritätszuschlag St4 SV4 KV-Brutto RV-Brutto AV-Brutto PV-Brutto KV-Beitrag RV-Beitrag AV-Beitrag PV-Beitrag6 SV,MEDIUM
UNCLEAR,"Arrears/outstanding context exists, but no repayment is documented.",2024-05-08,,BKK,,,ARREARS_OR_ENFORCEMENT_NOTICE,00_INBOX - Входящи - Eingang/Accounting_Organized/13_Unknown_To_Review/10001_04-2024_DivAuswertungen_DivMitarbeiter_BZ1.pdf,eise zur Abrechnung Brutto-Bezüge Betrag Lohnart Bezeichnung Einheit Menge Faktor3 Prozentsatz St SV GB 4 4 5 Gesamt-Brutto Steuerrechtliche Abzüge Netto-Verdienst Betrag Auszahlungsbetrag SV-rechtliche Abzüge Steuer/Sozialversicherung Netto-Bezüge/Netto-Abzüge St Steuer-Brutto Lohnsteuer Kirchensteuer Solidaritätszuschlag St4 SV4 KV-Brutto RV-Brutto AV-Brutto PV-Brutto KV-Beitrag RV-Beitrag AV-Beitrag PV-Beitrag6 SV,MEDIUM
UNCLEAR,"Arrears/outstanding context exists, but no repayment is documented.",2024-05-08,,KKH,,,ARREARS_OR_ENFORCEMENT_NOTICE,00_INBOX - Входящи - Eingang/Accounting/awbonuses042024/10001_04-2024_DivAuswertungen_DivMitarbeiter_BZ1.pdf,eise zur Abrechnung Brutto-Bezüge Betrag Lohnart Bezeichnung Einheit Menge Faktor3 Prozentsatz St SV GB 4 4 5 Gesamt-Brutto Steuerrechtliche Abzüge Netto-Verdienst Betrag Auszahlungsbetrag SV-rechtliche Abzüge Steuer/Sozialversicherung Netto-Bezüge/Netto-Abzüge St Steuer-Brutto Lohnsteuer Kirchensteuer Solidaritätszuschlag St4 SV4 KV-Brutto RV-Brutto AV-Brutto PV-Brutto KV-Beitrag RV-Beitrag AV-Beitrag PV-Beitrag6 SV,MEDIUM
UNCLEAR,"Arrears/outstanding context exists, but no repayment is documented.",2024-05-08,,KKH,,,ARREARS_OR_ENFORCEMENT_NOTICE,00_INBOX - Входящи - Eingang/Accounting_Organized/02_Payroll/10001_04-2024_DivAuswertungen_DivMitarbeiter_BZ1.pdf,eise zur Abrechnung Brutto-Bezüge Betrag Lohnart Bezeichnung Einheit Menge Faktor3 Prozentsatz St SV GB 4 4 5 Gesamt-Brutto Steuerrechtliche Abzüge Netto-Verdienst Betrag Auszahlungsbetrag SV-rechtliche Abzüge Steuer/Sozialversicherung Netto-Bezüge/Netto-Abzüge St Steuer-Brutto Lohnsteuer Kirchensteuer Solidaritätszuschlag St4 SV4 KV-Brutto RV-Brutto AV-Brutto PV-Brutto KV-Beitrag RV-Beitrag AV-Beitrag PV-Beitrag6 SV,MEDIUM
UNCLEAR,"Arrears/outstanding context exists, but no repayment is documented.",2024-05-08,,KKH,,,ARREARS_OR_ENFORCEMENT_NOTICE,00_INBOX - Входящи - Eingang/Accounting_Organized/02_Payroll/10001_04-2024_DivAuswertungen_DivMitarbeiter_BZ1__copy2.pdf,eise zur Abrechnung Brutto-Bezüge Betrag Lohnart Bezeichnung Einheit Menge Faktor3 Prozentsatz St SV GB 4 4 5 Gesamt-Brutto Steuerrechtliche Abzüge Netto-Verdienst Betrag Auszahlungsbetrag SV-rechtliche Abzüge Steuer/Sozialversicherung Netto-Bezüge/Netto-Abzüge St Steuer-Brutto Lohnsteuer Kirchensteuer Solidaritätszuschlag St4 SV4 KV-Brutto RV-Brutto AV-Brutto PV-Brutto KV-Beitrag RV-Beitrag AV-Beitrag PV-Beitrag6 SV,MEDIUM
UNCLEAR,"Arrears/outstanding context exists, but no repayment is documented.",2024-05-08,,KKH,,,ARREARS_OR_ENFORCEMENT_NOTICE,00_INBOX - Входящи - Eingang/Accounting_Organized/13_Unknown_To_Review/10001_04-2024_DivAuswertungen_DivMitarbeiter_BZ1.pdf,eise zur Abrechnung Brutto-Bezüge Betrag Lohnart Bezeichnung Einheit Menge Faktor3 Prozentsatz St SV GB 4 4 5 Gesamt-Brutto Steuerrechtliche Abzüge Netto-Verdienst Betrag Auszahlungsbetrag SV-rechtliche Abzüge Steuer/Sozialversicherung Netto-Bezüge/Netto-Abzüge St Steuer-Brutto Lohnsteuer Kirchensteuer Solidaritätszuschlag St4 SV4 KV-Brutto RV-Brutto AV-Brutto PV-Brutto KV-Beitrag RV-Beitrag AV-Beitrag PV-Beitrag6 SV,MEDIUM
UNCLEAR,"Arrears/outstanding context exists, but no repayment is documented.",2024-05-30,2024-05,AOK,,,ARREARS_OR_ENFORCEMENT_NOTICE,"00_INBOX - Входящи - Eingang/Accounting/accountings042024/42108 - Rechnung 240498_2024 vom 30.05.2024, Aufträge 21_24, 31_24, 32_24, 33_24, 34_24, Mandant 42303.pdf","ichtung von Lohnkonten und Aufnahme der Stammdaten 25,00 EUR AN April/2024 1 15,00 EUR Abmeldung eines Arbeitnehmers nach § 25 DEÜV 15,00 EUR AN April/2024 2 15,00 EUR Pfändungen Garnishment 30,00 EUR AN April/2024 1 25,00 EUR Arbeitsbescheinigung nach §312 SGB III (Bogdanov) 25,00 EUR AN April/2024 Seite 1 Übertrag 1.469,20 EUR [[page 2]] Mandantennummer: 42303 Rechnungsnummer: 240498 Rechnungsjahr: 2024 Übertrag 1.",MEDIUM
UNCLEAR,"Arrears/outstanding context exists, but no repayment is documented.",2024-05-30,2024-05,AOK,,,ARREARS_OR_ENFORCEMENT_NOTICE,"00_INBOX - Входящи - Eingang/Accounting_Organized/01_Accountant_Emails/42108 - Rechnung 240498_2024 vom 30.05.2024, Aufträge 21_24, 31_24, 32_24, 33_24, 34_24, Mandant 42303.pdf","ichtung von Lohnkonten und Aufnahme der Stammdaten 25,00 EUR AN April/2024 1 15,00 EUR Abmeldung eines Arbeitnehmers nach § 25 DEÜV 15,00 EUR AN April/2024 2 15,00 EUR Pfändungen Garnishment 30,00 EUR AN April/2024 1 25,00 EUR Arbeitsbescheinigung nach §312 SGB III (Bogdanov) 25,00 EUR AN April/2024 Seite 1 Übertrag 1.469,20 EUR [[page 2]] Mandantennummer: 42303 Rechnungsnummer: 240498 Rechnungsjahr: 2024 Übertrag 1.",MEDIUM
UNCLEAR,"Arrears/outstanding context exists, but no repayment is documented.",2024-05-30,2024-05,AOK,,,ARREARS_OR_ENFORCEMENT_NOTICE,"00_INBOX - Входящи - Eingang/Accounting_Organized/08_Operating_Costs/42108 - Rechnung 240498_2024 vom 30.05.2024, Aufträge 21_24, 31_24, 32_24, 33_24, 34_24, Mandant 42303.pdf","ichtung von Lohnkonten und Aufnahme der Stammdaten 25,00 EUR AN April/2024 1 15,00 EUR Abmeldung eines Arbeitnehmers nach § 25 DEÜV 15,00 EUR AN April/2024 2 15,00 EUR Pfändungen Garnishment 30,00 EUR AN April/2024 1 25,00 EUR Arbeitsbescheinigung nach §312 SGB III (Bogdanov) 25,00 EUR AN April/2024 Seite 1 Übertrag 1.469,20 EUR [[page 2]] Mandantennummer: 42303 Rechnungsnummer: 240498 Rechnungsjahr: 2024 Übertrag 1.",MEDIUM
UNCLEAR,"Arrears/outstanding context exists, but no repayment is documented.",2024-05-30,2024-05,AOK,,,ARREARS_OR_ENFORCEMENT_NOTICE,"00_INBOX - Входящи - Eingang/Accounting_Organized/08_Operating_Costs/42108 - Rechnung 240498_2024 vom 30.05.2024, Aufträge 21_24, 31_24, 32_24, 33_24, 34_24, Mandant 42303__copy2.pdf","ichtung von Lohnkonten und Aufnahme der Stammdaten 25,00 EUR AN April/2024 1 15,00 EUR Abmeldung eines Arbeitnehmers nach § 25 DEÜV 15,00 EUR AN April/2024 2 15,00 EUR Pfändungen Garnishment 30,00 EUR AN April/2024 1 25,00 EUR Arbeitsbescheinigung nach §312 SGB III (Bogdanov) 25,00 EUR AN April/2024 Seite 1 Übertrag 1.469,20 EUR [[page 2]] Mandantennummer: 42303 Rechnungsnummer: 240498 Rechnungsjahr: 2024 Übertrag 1.",MEDIUM
UNCLEAR,"Arrears/outstanding context exists, but no repayment is documented.",2024-06-10,,AOK Hessen,,,ARREARS_OR_ENFORCEMENT_NOTICE,00_INBOX - Входящи - Eingang/Accounting/10001_05-2024_DivAuswertungen_DivMitarbeiter_EZ1.pdf,eise zur Abrechnung Brutto-Bezüge Betrag Lohnart Bezeichnung Einheit Menge Faktor3 Prozentsatz St SV GB 4 4 5 Gesamt-Brutto Steuerrechtliche Abzüge Netto-Verdienst Betrag Auszahlungsbetrag SV-rechtliche Abzüge Steuer/Sozialversicherung Netto-Bezüge/Netto-Abzüge St Steuer-Brutto Lohnsteuer Kirchensteuer Solidaritätszuschlag St4 SV4 KV-Brutto RV-Brutto AV-Brutto PV-Brutto KV-Beitrag RV-Beitrag AV-Beitrag PV-Beitrag6 SV,MEDIUM
UNCLEAR,"Arrears/outstanding context exists, but no repayment is documented.",2024-06-10,,AOK Hessen,,,ARREARS_OR_ENFORCEMENT_NOTICE,00_INBOX - Входящи - Eingang/Accounting_Organized/02_Payroll/10001_05-2024_DivAuswertungen_DivMitarbeiter_EZ1.pdf,eise zur Abrechnung Brutto-Bezüge Betrag Lohnart Bezeichnung Einheit Menge Faktor3 Prozentsatz St SV GB 4 4 5 Gesamt-Brutto Steuerrechtliche Abzüge Netto-Verdienst Betrag Auszahlungsbetrag SV-rechtliche Abzüge Steuer/Sozialversicherung Netto-Bezüge/Netto-Abzüge St Steuer-Brutto Lohnsteuer Kirchensteuer Solidaritätszuschlag St4 SV4 KV-Brutto RV-Brutto AV-Brutto PV-Brutto KV-Beitrag RV-Beitrag AV-Beitrag PV-Beitrag6 SV,MEDIUM
UNCLEAR,"Arrears/outstanding context exists, but no repayment is documented.",2024-06-10,,AOK Hessen,,,ARREARS_OR_ENFORCEMENT_NOTICE,00_INBOX - Входящи - Eingang/Accounting_Organized/02_Payroll/10001_05-2024_DivAuswertungen_DivMitarbeiter_EZ1__copy2.pdf,eise zur Abrechnung Brutto-Bezüge Betrag Lohnart Bezeichnung Einheit Menge Faktor3 Prozentsatz St SV GB 4 4 5 Gesamt-Brutto Steuerrechtliche Abzüge Netto-Verdienst Betrag Auszahlungsbetrag SV-rechtliche Abzüge Steuer/Sozialversicherung Netto-Bezüge/Netto-Abzüge St Steuer-Brutto Lohnsteuer Kirchensteuer Solidaritätszuschlag St4 SV4 KV-Brutto RV-Brutto AV-Brutto PV-Brutto KV-Beitrag RV-Beitrag AV-Beitrag PV-Beitrag6 SV,MEDIUM
UNCLEAR,"Arrears/outstanding context exists, but no repayment is documented.",2024-06-10,,AOK Hessen,,,ARREARS_OR_ENFORCEMENT_NOTICE,00_INBOX - Входящи - Eingang/Accounting_Organized/13_Unknown_To_Review/10001_05-2024_DivAuswertungen_DivMitarbeiter_EZ1.pdf,eise zur Abrechnung Brutto-Bezüge Betrag Lohnart Bezeichnung Einheit Menge Faktor3 Prozentsatz St SV GB 4 4 5 Gesamt-Brutto Steuerrechtliche Abzüge Netto-Verdienst Betrag Auszahlungsbetrag SV-rechtliche Abzüge Steuer/Sozialversicherung Netto-Bezüge/Netto-Abzüge St Steuer-Brutto Lohnsteuer Kirchensteuer Solidaritätszuschlag St4 SV4 KV-Brutto RV-Brutto AV-Brutto PV-Brutto KV-Beitrag RV-Beitrag AV-Beitrag PV-Beitrag6 SV,MEDIUM
UNCLEAR,"Arrears/outstanding context exists, but no repayment is documented.",2024-06-10,,BKK,,,ARREARS_OR_ENFORCEMENT_NOTICE,00_INBOX - Входящи - Eingang/Accounting/10001_05-2024_DivAuswertungen_DivMitarbeiter_EZ1.pdf,eise zur Abrechnung Brutto-Bezüge Betrag Lohnart Bezeichnung Einheit Menge Faktor3 Prozentsatz St SV GB 4 4 5 Gesamt-Brutto Steuerrechtliche Abzüge Netto-Verdienst Betrag Auszahlungsbetrag SV-rechtliche Abzüge Steuer/Sozialversicherung Netto-Bezüge/Netto-Abzüge St Steuer-Brutto Lohnsteuer Kirchensteuer Solidaritätszuschlag St4 SV4 KV-Brutto RV-Brutto AV-Brutto PV-Brutto KV-Beitrag RV-Beitrag AV-Beitrag PV-Beitrag6 SV,MEDIUM
UNCLEAR,"Arrears/outstanding context exists, but no repayment is documented.",2024-06-10,,BKK,,,ARREARS_OR_ENFORCEMENT_NOTICE,00_INBOX - Входящи - Eingang/Accounting_Organized/02_Payroll/10001_05-2024_DivAuswertungen_DivMitarbeiter_EZ1.pdf,eise zur Abrechnung Brutto-Bezüge Betrag Lohnart Bezeichnung Einheit Menge Faktor3 Prozentsatz St SV GB 4 4 5 Gesamt-Brutto Steuerrechtliche Abzüge Netto-Verdienst Betrag Auszahlungsbetrag SV-rechtliche Abzüge Steuer/Sozialversicherung Netto-Bezüge/Netto-Abzüge St Steuer-Brutto Lohnsteuer Kirchensteuer Solidaritätszuschlag St4 SV4 KV-Brutto RV-Brutto AV-Brutto PV-Brutto KV-Beitrag RV-Beitrag AV-Beitrag PV-Beitrag6 SV,MEDIUM
UNCLEAR,"Arrears/outstanding context exists, but no repayment is documented.",2024-06-10,,BKK,,,ARREARS_OR_ENFORCEMENT_NOTICE,00_INBOX - Входящи - Eingang/Accounting_Organized/02_Payroll/10001_05-2024_DivAuswertungen_DivMitarbeiter_EZ1__copy2.pdf,eise zur Abrechnung Brutto-Bezüge Betrag Lohnart Bezeichnung Einheit Menge Faktor3 Prozentsatz St SV GB 4 4 5 Gesamt-Brutto Steuerrechtliche Abzüge Netto-Verdienst Betrag Auszahlungsbetrag SV-rechtliche Abzüge Steuer/Sozialversicherung Netto-Bezüge/Netto-Abzüge St Steuer-Brutto Lohnsteuer Kirchensteuer Solidaritätszuschlag St4 SV4 KV-Brutto RV-Brutto AV-Brutto PV-Brutto KV-Beitrag RV-Beitrag AV-Beitrag PV-Beitrag6 SV,MEDIUM
UNCLEAR,"Arrears/outstanding context exists, but no repayment is documented.",2024-06-10,,BKK,,,ARREARS_OR_ENFORCEMENT_NOTICE,00_INBOX - Входящи - Eingang/Accounting_Organized/13_Unknown_To_Review/10001_05-2024_DivAuswertungen_DivMitarbeiter_EZ1.pdf,eise zur Abrechnung Brutto-Bezüge Betrag Lohnart Bezeichnung Einheit Menge Faktor3 Prozentsatz St SV GB 4 4 5 Gesamt-Brutto Steuerrechtliche Abzüge Netto-Verdienst Betrag Auszahlungsbetrag SV-rechtliche Abzüge Steuer/Sozialversicherung Netto-Bezüge/Netto-Abzüge St Steuer-Brutto Lohnsteuer Kirchensteuer Solidaritätszuschlag St4 SV4 KV-Brutto RV-Brutto AV-Brutto PV-Brutto KV-Beitrag RV-Beitrag AV-Beitrag PV-Beitrag6 SV,MEDIUM
UNCLEAR,"Arrears/outstanding context exists, but no repayment is documented.",2024-06-10,,KKH,,,ARREARS_OR_ENFORCEMENT_NOTICE,00_INBOX - Входящи - Eingang/Accounting/10001_05-2024_DivAuswertungen_DivMitarbeiter_EZ1.pdf,eise zur Abrechnung Brutto-Bezüge Betrag Lohnart Bezeichnung Einheit Menge Faktor3 Prozentsatz St SV GB 4 4 5 Gesamt-Brutto Steuerrechtliche Abzüge Netto-Verdienst Betrag Auszahlungsbetrag SV-rechtliche Abzüge Steuer/Sozialversicherung Netto-Bezüge/Netto-Abzüge St Steuer-Brutto Lohnsteuer Kirchensteuer Solidaritätszuschlag St4 SV4 KV-Brutto RV-Brutto AV-Brutto PV-Brutto KV-Beitrag RV-Beitrag AV-Beitrag PV-Beitrag6 SV,MEDIUM
UNCLEAR,"Arrears/outstanding context exists, but no repayment is documented.",2024-06-10,,KKH,,,ARREARS_OR_ENFORCEMENT_NOTICE,00_INBOX - Входящи - Eingang/Accounting_Organized/02_Payroll/10001_05-2024_DivAuswertungen_DivMitarbeiter_EZ1.pdf,eise zur Abrechnung Brutto-Bezüge Betrag Lohnart Bezeichnung Einheit Menge Faktor3 Prozentsatz St SV GB 4 4 5 Gesamt-Brutto Steuerrechtliche Abzüge Netto-Verdienst Betrag Auszahlungsbetrag SV-rechtliche Abzüge Steuer/Sozialversicherung Netto-Bezüge/Netto-Abzüge St Steuer-Brutto Lohnsteuer Kirchensteuer Solidaritätszuschlag St4 SV4 KV-Brutto RV-Brutto AV-Brutto PV-Brutto KV-Beitrag RV-Beitrag AV-Beitrag PV-Beitrag6 SV,MEDIUM
UNCLEAR,"Arrears/outstanding context exists, but no repayment is documented.",2024-06-10,,KKH,,,ARREARS_OR_ENFORCEMENT_NOTICE,00_INBOX - Входящи - Eingang/Accounting_Organized/02_Payroll/10001_05-2024_DivAuswertungen_DivMitarbeiter_EZ1__copy2.pdf,eise zur Abrechnung Brutto-Bezüge Betrag Lohnart Bezeichnung Einheit Menge Faktor3 Prozentsatz St SV GB 4 4 5 Gesamt-Brutto Steuerrechtliche Abzüge Netto-Verdienst Betrag Auszahlungsbetrag SV-rechtliche Abzüge Steuer/Sozialversicherung Netto-Bezüge/Netto-Abzüge St Steuer-Brutto Lohnsteuer Kirchensteuer Solidaritätszuschlag St4 SV4 KV-Brutto RV-Brutto AV-Brutto PV-Brutto KV-Beitrag RV-Beitrag AV-Beitrag PV-Beitrag6 SV,MEDIUM
UNCLEAR,"Arrears/outstanding context exists, but no repayment is documented.",2024-06-10,,KKH,,,ARREARS_OR_ENFORCEMENT_NOTICE,00_INBOX - Входящи - Eingang/Accounting_Organized/13_Unknown_To_Review/10001_05-2024_DivAuswertungen_DivMitarbeiter_EZ1.pdf,eise zur Abrechnung Brutto-Bezüge Betrag Lohnart Bezeichnung Einheit Menge Faktor3 Prozentsatz St SV GB 4 4 5 Gesamt-Brutto Steuerrechtliche Abzüge Netto-Verdienst Betrag Auszahlungsbetrag SV-rechtliche Abzüge Steuer/Sozialversicherung Netto-Bezüge/Netto-Abzüge St Steuer-Brutto Lohnsteuer Kirchensteuer Solidaritätszuschlag St4 SV4 KV-Brutto RV-Brutto AV-Brutto PV-Brutto KV-Beitrag RV-Beitrag AV-Beitrag PV-Beitrag6 SV,MEDIUM
UNCLEAR,"Arrears/outstanding context exists, but no repayment is documented.",2024-06-12,2024-05,AOK,,,ARREARS_OR_ENFORCEMENT_NOTICE,00_INBOX - Входящи - Eingang/Accounting/2024/Entgeltbescheinigungen 05-2024.pdf,"Usti Nad Labem 27 1 09119 Chemnitz Übersicht Zahlungen im Mai 2024 Empfänger PLZ Ort Zahlart Verwendungszweck Betrag AOK Baden-Württemberg 70025 Stuttgart Überweisung 89878877 1.973,75 AOK Bayern Die Gesundheitsk 81739 München Überweisung 89878877 1.125,65 AOK Hessen 61281 Bad Homburg Überweisung 89878877",MEDIUM
UNCLEAR,"Arrears/outstanding context exists, but no repayment is documented.",2024-06-12,2024-05,AOK,,,ARREARS_OR_ENFORCEMENT_NOTICE,00_INBOX - Входящи - Eingang/Accounting/ihrelohnauswertungen(2)/Lohnauswertungen.pdf,"Usti Nad Labem 27 1 09119 Chemnitz Übersicht Zahlungen im Mai 2024 Empfänger PLZ Ort Zahlart Verwendungszweck Betrag AOK Baden-Württemberg 70025 Stuttgart Überweisung 89878877 1.973,75 AOK Bayern Die Gesundheitsk 81739 München Überweisung 89878877 1.125,65 AOK Hessen 61281 Bad Homburg Überweisung 89878877",MEDIUM
UNCLEAR,"Arrears/outstanding context exists, but no repayment is documented.",2024-06-12,2024-05,AOK,,,ARREARS_OR_ENFORCEMENT_NOTICE,00_INBOX - Входящи - Eingang/Accounting_Organized/03_Employee_Payslips/Entgeltbescheinigungen 05-2024.pdf,"Usti Nad Labem 27 1 09119 Chemnitz Übersicht Zahlungen im Mai 2024 Empfänger PLZ Ort Zahlart Verwendungszweck Betrag AOK Baden-Württemberg 70025 Stuttgart Überweisung 89878877 1.973,75 AOK Bayern Die Gesundheitsk 81739 München Überweisung 89878877 1.125,65 AOK Hessen 61281 Bad Homburg Überweisung 89878877",MEDIUM
UNCLEAR,"Arrears/outstanding context exists, but no repayment is documented.",2024-06-12,2024-05,AOK,,,ARREARS_OR_ENFORCEMENT_NOTICE,00_INBOX - Входящи - Eingang/Accounting_Organized/03_Employee_Payslips/Entgeltbescheinigungen 05-2024__copy2.pdf,"Usti Nad Labem 27 1 09119 Chemnitz Übersicht Zahlungen im Mai 2024 Empfänger PLZ Ort Zahlart Verwendungszweck Betrag AOK Baden-Württemberg 70025 Stuttgart Überweisung 89878877 1.973,75 AOK Bayern Die Gesundheitsk 81739 München Überweisung 89878877 1.125,65 AOK Hessen 61281 Bad Homburg Überweisung 89878877",MEDIUM
UNCLEAR,"Arrears/outstanding context exists, but no repayment is documented.",2024-06-12,2024-05,AOK,,,ARREARS_OR_ENFORCEMENT_NOTICE,00_INBOX - Входящи - Eingang/Accounting_Organized/03_Employee_Payslips/Entgeltbescheinigungen 05-2024__copy3.pdf,"Usti Nad Labem 27 1 09119 Chemnitz Übersicht Zahlungen im Mai 2024 Empfänger PLZ Ort Zahlart Verwendungszweck Betrag AOK Baden-Württemberg 70025 Stuttgart Überweisung 89878877 1.973,75 AOK Bayern Die Gesundheitsk 81739 München Überweisung 89878877 1.125,65 AOK Hessen 61281 Bad Homburg Überweisung 89878877",MEDIUM
UNCLEAR,"Arrears/outstanding context exists, but no repayment is documented.",2024-06-12,2024-05,AOK,,,ARREARS_OR_ENFORCEMENT_NOTICE,00_INBOX - Входящи - Eingang/Accounting_Organized/14_Duplicates/Lohnauswertungen__copy22.pdf,"Usti Nad Labem 27 1 09119 Chemnitz Übersicht Zahlungen im Mai 2024 Empfänger PLZ Ort Zahlart Verwendungszweck Betrag AOK Baden-Württemberg 70025 Stuttgart Überweisung 89878877 1.973,75 AOK Bayern Die Gesundheitsk 81739 München Überweisung 89878877 1.125,65 AOK Hessen 61281 Bad Homburg Überweisung 89878877",MEDIUM
UNCLEAR,"Arrears/outstanding context exists, but no repayment is documented.",2024-06-12,2024-05,AOK,,,ARREARS_OR_ENFORCEMENT_NOTICE,00_INBOX - Входящи - Eingang/Accounting_Organized/14_Duplicates/Lohnauswertungen__copy4.pdf,"Usti Nad Labem 27 1 09119 Chemnitz Übersicht Zahlungen im Mai 2024 Empfänger PLZ Ort Zahlart Verwendungszweck Betrag AOK Baden-Württemberg 70025 Stuttgart Überweisung 89878877 1.973,75 AOK Bayern Die Gesundheitsk 81739 München Überweisung 89878877 1.125,65 AOK Hessen 61281 Bad Homburg Überweisung 89878877",MEDIUM
UNCLEAR,"Arrears/outstanding context exists, but no repayment is documented.",2024-06-12,2024-05,AOK,,,ARREARS_OR_ENFORCEMENT_NOTICE,00_INBOX - Входящи - Eingang/Accounting_Organized/14_Duplicates/Lohnauswertungen__copy40.pdf,"Usti Nad Labem 27 1 09119 Chemnitz Übersicht Zahlungen im Mai 2024 Empfänger PLZ Ort Zahlart Verwendungszweck Betrag AOK Baden-Württemberg 70025 Stuttgart Überweisung 89878877 1.973,75 AOK Bayern Die Gesundheitsk 81739 München Überweisung 89878877 1.125,65 AOK Hessen 61281 Bad Homburg Überweisung 89878877",MEDIUM
UNCLEAR,"Arrears/outstanding context exists, but no repayment is documented.",2024-06-29,2024-06,AOK,,,ARREARS_OR_ENFORCEMENT_NOTICE,"00_INBOX - Входящи - Eingang/Accounting/42585 - Rechnung 240587_2024 vom 29.06.2024, Aufträge 31_24, 33_23, 33_24, 34_24, Mandant 42303-1.pdf","Einrichtung von Lohnkonten und Aufnahme der Stammdaten 50,00 EUR AN Mai/2024 2 15,00 EUR Abmeldung eines Arbeitnehmers nach § 25 DEÜV 30,00 EUR AN Mai/2024 2 15,00 EUR Pfändungen Garnishment 30,00 EUR AN Mai/2024 Seite 1 Übertrag 1.460,20 EUR [[page 2]] Mandantennummer: 42303 Rechnungsnummer: 240587 Rechnungsjahr: 2024 Übertrag 1.460,20 EUR Bezeichnung §, Abs., Nr. Zeitraum Gegenstandswert Satz Betrag Tab. § 16 StBVV",MEDIUM
UNCLEAR,"Arrears/outstanding context exists, but no repayment is documented.",2024-06-29,2024-06,AOK,,,ARREARS_OR_ENFORCEMENT_NOTICE,"00_INBOX - Входящи - Eingang/Accounting/42585 - Rechnung 240587_2024 vom 29.06.2024, Aufträge 31_24, 33_23, 33_24, 34_24, Mandant 42303.pdf","Einrichtung von Lohnkonten und Aufnahme der Stammdaten 50,00 EUR AN Mai/2024 2 15,00 EUR Abmeldung eines Arbeitnehmers nach § 25 DEÜV 30,00 EUR AN Mai/2024 2 15,00 EUR Pfändungen Garnishment 30,00 EUR AN Mai/2024 Seite 1 Übertrag 1.460,20 EUR [[page 2]] Mandantennummer: 42303 Rechnungsnummer: 240587 Rechnungsjahr: 2024 Übertrag 1.460,20 EUR Bezeichnung §, Abs., Nr. Zeitraum Gegenstandswert Satz Betrag Tab. § 16 StBVV",MEDIUM
UNCLEAR,"Arrears/outstanding context exists, but no repayment is documented.",2024-06-29,2024-06,AOK,,,ARREARS_OR_ENFORCEMENT_NOTICE,"00_INBOX - Входящи - Eingang/Accounting/accountings052024/42585 - Rechnung 240587_2024 vom 29.06.2024, Aufträge 31_24, 33_23, 33_24, 34_24, Mandant 42303.pdf","Einrichtung von Lohnkonten und Aufnahme der Stammdaten 50,00 EUR AN Mai/2024 2 15,00 EUR Abmeldung eines Arbeitnehmers nach § 25 DEÜV 30,00 EUR AN Mai/2024 2 15,00 EUR Pfändungen Garnishment 30,00 EUR AN Mai/2024 Seite 1 Übertrag 1.460,20 EUR [[page 2]] Mandantennummer: 42303 Rechnungsnummer: 240587 Rechnungsjahr: 2024 Übertrag 1.460,20 EUR Bezeichnung §, Abs., Nr. Zeitraum Gegenstandswert Satz Betrag Tab. § 16 StBVV",MEDIUM
UNCLEAR,"Arrears/outstanding context exists, but no repayment is documented.",2024-06-29,2024-06,AOK,,,ARREARS_OR_ENFORCEMENT_NOTICE,"00_INBOX - Входящи - Eingang/Accounting_Organized/01_Accountant_Emails/42585 - Rechnung 240587_2024 vom 29.06.2024, Aufträge 31_24, 33_23, 33_24, 34_24, Mandant 42303-1.pdf","Einrichtung von Lohnkonten und Aufnahme der Stammdaten 50,00 EUR AN Mai/2024 2 15,00 EUR Abmeldung eines Arbeitnehmers nach § 25 DEÜV 30,00 EUR AN Mai/2024 2 15,00 EUR Pfändungen Garnishment 30,00 EUR AN Mai/2024 Seite 1 Übertrag 1.460,20 EUR [[page 2]] Mandantennummer: 42303 Rechnungsnummer: 240587 Rechnungsjahr: 2024 Übertrag 1.460,20 EUR Bezeichnung §, Abs., Nr. Zeitraum Gegenstandswert Satz Betrag Tab. § 16 StBVV",MEDIUM
UNCLEAR,"Arrears/outstanding context exists, but no repayment is documented.",2024-06-29,2024-06,AOK,,,ARREARS_OR_ENFORCEMENT_NOTICE,"00_INBOX - Входящи - Eingang/Accounting_Organized/08_Operating_Costs/42585 - Rechnung 240587_2024 vom 29.06.2024, Aufträge 31_24, 33_23, 33_24, 34_24, Mandant 42303-1.pdf","Einrichtung von Lohnkonten und Aufnahme der Stammdaten 50,00 EUR AN Mai/2024 2 15,00 EUR Abmeldung eines Arbeitnehmers nach § 25 DEÜV 30,00 EUR AN Mai/2024 2 15,00 EUR Pfändungen Garnishment 30,00 EUR AN Mai/2024 Seite 1 Übertrag 1.460,20 EUR [[page 2]] Mandantennummer: 42303 Rechnungsnummer: 240587 Rechnungsjahr: 2024 Übertrag 1.460,20 EUR Bezeichnung §, Abs., Nr. Zeitraum Gegenstandswert Satz Betrag Tab. § 16 StBVV",MEDIUM
UNCLEAR,"Arrears/outstanding context exists, but no repayment is documented.",2024-06-29,2024-06,AOK,,,ARREARS_OR_ENFORCEMENT_NOTICE,"00_INBOX - Входящи - Eingang/Accounting_Organized/08_Operating_Costs/42585 - Rechnung 240587_2024 vom 29.06.2024, Aufträge 31_24, 33_23, 33_24, 34_24, Mandant 42303-1__copy2.pdf","Einrichtung von Lohnkonten und Aufnahme der Stammdaten 50,00 EUR AN Mai/2024 2 15,00 EUR Abmeldung eines Arbeitnehmers nach § 25 DEÜV 30,00 EUR AN Mai/2024 2 15,00 EUR Pfändungen Garnishment 30,00 EUR AN Mai/2024 Seite 1 Übertrag 1.460,20 EUR [[page 2]] Mandantennummer: 42303 Rechnungsnummer: 240587 Rechnungsjahr: 2024 Übertrag 1.460,20 EUR Bezeichnung §, Abs., Nr. Zeitraum Gegenstandswert Satz Betrag Tab. § 16 StBVV",MEDIUM
UNCLEAR,"Arrears/outstanding context exists, but no repayment is documented.",2024-06-29,2024-06,AOK,,,ARREARS_OR_ENFORCEMENT_NOTICE,"00_INBOX - Входящи - Eingang/Accounting_Organized/14_Duplicates/42585 - Rechnung 240587_2024 vom 29.06.2024, Aufträge 31_24, 33_23, 33_24, 34_24, Mandant 42303.pdf","Einrichtung von Lohnkonten und Aufnahme der Stammdaten 50,00 EUR AN Mai/2024 2 15,00 EUR Abmeldung eines Arbeitnehmers nach § 25 DEÜV 30,00 EUR AN Mai/2024 2 15,00 EUR Pfändungen Garnishment 30,00 EUR AN Mai/2024 Seite 1 Übertrag 1.460,20 EUR [[page 2]] Mandantennummer: 42303 Rechnungsnummer: 240587 Rechnungsjahr: 2024 Übertrag 1.460,20 EUR Bezeichnung §, Abs., Nr. Zeitraum Gegenstandswert Satz Betrag Tab. § 16 StBVV",MEDIUM
UNCLEAR,"Arrears/outstanding context exists, but no repayment is documented.",2024-06-29,2024-06,AOK,,,ARREARS_OR_ENFORCEMENT_NOTICE,"00_INBOX - Входящи - Eingang/Accounting_Organized/14_Duplicates/42585 - Rechnung 240587_2024 vom 29.06.2024, Aufträge 31_24, 33_23, 33_24, 34_24, Mandant 42303__copy2.pdf","Einrichtung von Lohnkonten und Aufnahme der Stammdaten 50,00 EUR AN Mai/2024 2 15,00 EUR Abmeldung eines Arbeitnehmers nach § 25 DEÜV 30,00 EUR AN Mai/2024 2 15,00 EUR Pfändungen Garnishment 30,00 EUR AN Mai/2024 Seite 1 Übertrag 1.460,20 EUR [[page 2]] Mandantennummer: 42303 Rechnungsnummer: 240587 Rechnungsjahr: 2024 Übertrag 1.460,20 EUR Bezeichnung §, Abs., Nr. Zeitraum Gegenstandswert Satz Betrag Tab. § 16 StBVV",MEDIUM
UNCLEAR,"Arrears/outstanding context exists, but no repayment is documented.",2024-06-29,2024-06,AOK,,,ARREARS_OR_ENFORCEMENT_NOTICE,"00_INBOX - Входящи - Eingang/Accounting_Organized/14_Duplicates/42585 - Rechnung 240587_2024 vom 29.06.2024, Aufträge 31_24, 33_23, 33_24, 34_24, Mandant 42303__copy3.pdf","Einrichtung von Lohnkonten und Aufnahme der Stammdaten 50,00 EUR AN Mai/2024 2 15,00 EUR Abmeldung eines Arbeitnehmers nach § 25 DEÜV 30,00 EUR AN Mai/2024 2 15,00 EUR Pfändungen Garnishment 30,00 EUR AN Mai/2024 Seite 1 Übertrag 1.460,20 EUR [[page 2]] Mandantennummer: 42303 Rechnungsnummer: 240587 Rechnungsjahr: 2024 Übertrag 1.460,20 EUR Bezeichnung §, Abs., Nr. Zeitraum Gegenstandswert Satz Betrag Tab. § 16 StBVV",MEDIUM
UNCLEAR,"Arrears/outstanding context exists, but no repayment is documented.",2024-06-29,2024-06,AOK,,,ARREARS_OR_ENFORCEMENT_NOTICE,"00_INBOX - Входящи - Eingang/Accounting_Organized/14_Duplicates/42585 - Rechnung 240587_2024 vom 29.06.2024, Aufträge 31_24, 33_23, 33_24, 34_24, Mandant 42303__copy4.pdf","Einrichtung von Lohnkonten und Aufnahme der Stammdaten 50,00 EUR AN Mai/2024 2 15,00 EUR Abmeldung eines Arbeitnehmers nach § 25 DEÜV 30,00 EUR AN Mai/2024 2 15,00 EUR Pfändungen Garnishment 30,00 EUR AN Mai/2024 Seite 1 Übertrag 1.460,20 EUR [[page 2]] Mandantennummer: 42303 Rechnungsnummer: 240587 Rechnungsjahr: 2024 Übertrag 1.460,20 EUR Bezeichnung §, Abs., Nr. Zeitraum Gegenstandswert Satz Betrag Tab. § 16 StBVV",MEDIUM
UNCLEAR,"Arrears/outstanding context exists, but no repayment is documented.",2024-06-29,2024-06,AOK,,,ARREARS_OR_ENFORCEMENT_NOTICE,"00_INBOX - Входящи - Eingang/Accounting_Organized/14_Duplicates/42585 - Rechnung 240587_2024 vom 29.06.2024, Aufträge 31_24, 33_23, 33_24, 34_24, Mandant 42303__copy5.pdf","Einrichtung von Lohnkonten und Aufnahme der Stammdaten 50,00 EUR AN Mai/2024 2 15,00 EUR Abmeldung eines Arbeitnehmers nach § 25 DEÜV 30,00 EUR AN Mai/2024 2 15,00 EUR Pfändungen Garnishment 30,00 EUR AN Mai/2024 Seite 1 Übertrag 1.460,20 EUR [[page 2]] Mandantennummer: 42303 Rechnungsnummer: 240587 Rechnungsjahr: 2024 Übertrag 1.460,20 EUR Bezeichnung §, Abs., Nr. Zeitraum Gegenstandswert Satz Betrag Tab. § 16 StBVV",MEDIUM
UNCLEAR,"Arrears/outstanding context exists, but no repayment is documented.",2024-06-29,2024-06,AOK,,,ARREARS_OR_ENFORCEMENT_NOTICE,"00_INBOX - Входящи - Eingang/Accounting_Organized/14_Duplicates/42585 - Rechnung 240587_2024 vom 29.06.2024, Aufträge 31_24, 33_23, 33_24, 34_24, Mandant 42303__copy6.pdf","Einrichtung von Lohnkonten und Aufnahme der Stammdaten 50,00 EUR AN Mai/2024 2 15,00 EUR Abmeldung eines Arbeitnehmers nach § 25 DEÜV 30,00 EUR AN Mai/2024 2 15,00 EUR Pfändungen Garnishment 30,00 EUR AN Mai/2024 Seite 1 Übertrag 1.460,20 EUR [[page 2]] Mandantennummer: 42303 Rechnungsnummer: 240587 Rechnungsjahr: 2024 Übertrag 1.460,20 EUR Bezeichnung §, Abs., Nr. Zeitraum Gegenstandswert Satz Betrag Tab. § 16 StBVV",MEDIUM
NORMAL_MONTHLY_PAYMENT,Payment amount exists but no arrears context is stated.,,2024-07,KKH,915.48,,HEALTH_INSURANCE_EXTRACTED_ROW,00_INBOX - Входящи - Eingang/Accounting_Organized/02_Payroll/Lohnauswertungen_Juli_2024.pdf,"bezahlter Urlaub 2000 Gehalt L L J 915,48",HIGH
UNCLEAR,"Arrears/outstanding context exists, but no repayment is documented.",2024-07-12,2024-06,AOK,,,ARREARS_OR_ENFORCEMENT_NOTICE,00_INBOX - Входящи - Eingang/Accounting/2024/Entgeltbescheinigungen 06-2024.pdf,"Usti Nad Labem 27 1 09119 Chemnitz Übersicht Zahlungen im Juni 2024 Empfänger PLZ Ort Zahlart Verwendungszweck Betrag AOK Baden-Württemberg 70025 Stuttgart Überweisung 89878877 253,34 AOK Bayern Die Gesundheitsk 81739 München Überweisung 89878877 1.125,65 AOK Hessen 61281 Bad Homburg Überweisung 89878877",MEDIUM
UNCLEAR,"Arrears/outstanding context exists, but no repayment is documented.",2024-07-12,2024-06,AOK,,,ARREARS_OR_ENFORCEMENT_NOTICE,00_INBOX - Входящи - Eingang/Accounting/ihrelohnauswertungen(1)222/Lohnauswertungen.pdf,"Usti Nad Labem 27 1 09119 Chemnitz Übersicht Zahlungen im Juni 2024 Empfänger PLZ Ort Zahlart Verwendungszweck Betrag AOK Baden-Württemberg 70025 Stuttgart Überweisung 89878877 253,34 AOK Bayern Die Gesundheitsk 81739 München Überweisung 89878877 1.125,65 AOK Hessen 61281 Bad Homburg Überweisung 89878877",MEDIUM
UNCLEAR,"Arrears/outstanding context exists, but no repayment is documented.",2024-07-12,2024-06,AOK,,,ARREARS_OR_ENFORCEMENT_NOTICE,00_INBOX - Входящи - Eingang/Accounting_Organized/03_Employee_Payslips/Entgeltbescheinigungen 06-2024.pdf,"Usti Nad Labem 27 1 09119 Chemnitz Übersicht Zahlungen im Juni 2024 Empfänger PLZ Ort Zahlart Verwendungszweck Betrag AOK Baden-Württemberg 70025 Stuttgart Überweisung 89878877 253,34 AOK Bayern Die Gesundheitsk 81739 München Überweisung 89878877 1.125,65 AOK Hessen 61281 Bad Homburg Überweisung 89878877",MEDIUM
UNCLEAR,"Arrears/outstanding context exists, but no repayment is documented.",2024-07-12,2024-06,AOK,,,ARREARS_OR_ENFORCEMENT_NOTICE,00_INBOX - Входящи - Eingang/Accounting_Organized/03_Employee_Payslips/Entgeltbescheinigungen 06-2024__copy2.pdf,"Usti Nad Labem 27 1 09119 Chemnitz Übersicht Zahlungen im Juni 2024 Empfänger PLZ Ort Zahlart Verwendungszweck Betrag AOK Baden-Württemberg 70025 Stuttgart Überweisung 89878877 253,34 AOK Bayern Die Gesundheitsk 81739 München Überweisung 89878877 1.125,65 AOK Hessen 61281 Bad Homburg Überweisung 89878877",MEDIUM
UNCLEAR,"Arrears/outstanding context exists, but no repayment is documented.",2024-07-12,2024-06,AOK,,,ARREARS_OR_ENFORCEMENT_NOTICE,00_INBOX - Входящи - Eingang/Accounting_Organized/03_Employee_Payslips/Entgeltbescheinigungen 06-2024__copy3.pdf,"Usti Nad Labem 27 1 09119 Chemnitz Übersicht Zahlungen im Juni 2024 Empfänger PLZ Ort Zahlart Verwendungszweck Betrag AOK Baden-Württemberg 70025 Stuttgart Überweisung 89878877 253,34 AOK Bayern Die Gesundheitsk 81739 München Überweisung 89878877 1.125,65 AOK Hessen 61281 Bad Homburg Überweisung 89878877",MEDIUM
UNCLEAR,"Arrears/outstanding context exists, but no repayment is documented.",2024-07-12,2024-06,AOK,,,ARREARS_OR_ENFORCEMENT_NOTICE,00_INBOX - Входящи - Eingang/Accounting_Organized/14_Duplicates/Lohnauswertungen__copy21.pdf,"Usti Nad Labem 27 1 09119 Chemnitz Übersicht Zahlungen im Juni 2024 Empfänger PLZ Ort Zahlart Verwendungszweck Betrag AOK Baden-Württemberg 70025 Stuttgart Überweisung 89878877 253,34 AOK Bayern Die Gesundheitsk 81739 München Überweisung 89878877 1.125,65 AOK Hessen 61281 Bad Homburg Überweisung 89878877",MEDIUM
UNCLEAR,"Arrears/outstanding context exists, but no repayment is documented.",2024-07-12,2024-06,AOK,,,ARREARS_OR_ENFORCEMENT_NOTICE,00_INBOX - Входящи - Eingang/Accounting_Organized/14_Duplicates/Lohnauswertungen__copy3.pdf,"Usti Nad Labem 27 1 09119 Chemnitz Übersicht Zahlungen im Juni 2024 Empfänger PLZ Ort Zahlart Verwendungszweck Betrag AOK Baden-Württemberg 70025 Stuttgart Überweisung 89878877 253,34 AOK Bayern Die Gesundheitsk 81739 München Überweisung 89878877 1.125,65 AOK Hessen 61281 Bad Homburg Überweisung 89878877",MEDIUM
UNCLEAR,"Arrears/outstanding context exists, but no repayment is documented.",2024-07-12,2024-06,AOK,,,ARREARS_OR_ENFORCEMENT_NOTICE,00_INBOX - Входящи - Eingang/Accounting_Organized/14_Duplicates/Lohnauswertungen__copy39.pdf,"Usti Nad Labem 27 1 09119 Chemnitz Übersicht Zahlungen im Juni 2024 Empfänger PLZ Ort Zahlart Verwendungszweck Betrag AOK Baden-Württemberg 70025 Stuttgart Überweisung 89878877 253,34 AOK Bayern Die Gesundheitsk 81739 München Überweisung 89878877 1.125,65 AOK Hessen 61281 Bad Homburg Überweisung 89878877",MEDIUM
UNCLEAR,"Arrears/outstanding context exists, but no repayment is documented.",2024-07-12,,AOK Hessen,,,ARREARS_OR_ENFORCEMENT_NOTICE,00_INBOX - Входящи - Eingang/Accounting/10001_06-2024_DivAuswertungen_DivMitarbeiter_HZ1.pdf,eise zur Abrechnung Brutto-Bezüge Betrag Lohnart Bezeichnung Einheit Menge Faktor3 Prozentsatz St SV GB 4 4 5 Gesamt-Brutto Steuerrechtliche Abzüge Netto-Verdienst Betrag Auszahlungsbetrag SV-rechtliche Abzüge Steuer/Sozialversicherung Netto-Bezüge/Netto-Abzüge St Steuer-Brutto Lohnsteuer Kirchensteuer Solidaritätszuschlag St4 SV4 KV-Brutto RV-Brutto AV-Brutto PV-Brutto KV-Beitrag RV-Beitrag AV-Beitrag PV-Beitrag6 SV,MEDIUM
UNCLEAR,"Arrears/outstanding context exists, but no repayment is documented.",2024-07-12,,AOK Hessen,,,ARREARS_OR_ENFORCEMENT_NOTICE,00_INBOX - Входящи - Eingang/Accounting_Organized/02_Payroll/10001_06-2024_DivAuswertungen_DivMitarbeiter_HZ1.pdf,eise zur Abrechnung Brutto-Bezüge Betrag Lohnart Bezeichnung Einheit Menge Faktor3 Prozentsatz St SV GB 4 4 5 Gesamt-Brutto Steuerrechtliche Abzüge Netto-Verdienst Betrag Auszahlungsbetrag SV-rechtliche Abzüge Steuer/Sozialversicherung Netto-Bezüge/Netto-Abzüge St Steuer-Brutto Lohnsteuer Kirchensteuer Solidaritätszuschlag St4 SV4 KV-Brutto RV-Brutto AV-Brutto PV-Brutto KV-Beitrag RV-Beitrag AV-Beitrag PV-Beitrag6 SV,MEDIUM
UNCLEAR,"Arrears/outstanding context exists, but no repayment is documented.",2024-07-12,,AOK Hessen,,,ARREARS_OR_ENFORCEMENT_NOTICE,00_INBOX - Входящи - Eingang/Accounting_Organized/02_Payroll/10001_06-2024_DivAuswertungen_DivMitarbeiter_HZ1__copy2.pdf,eise zur Abrechnung Brutto-Bezüge Betrag Lohnart Bezeichnung Einheit Menge Faktor3 Prozentsatz St SV GB 4 4 5 Gesamt-Brutto Steuerrechtliche Abzüge Netto-Verdienst Betrag Auszahlungsbetrag SV-rechtliche Abzüge Steuer/Sozialversicherung Netto-Bezüge/Netto-Abzüge St Steuer-Brutto Lohnsteuer Kirchensteuer Solidaritätszuschlag St4 SV4 KV-Brutto RV-Brutto AV-Brutto PV-Brutto KV-Beitrag RV-Beitrag AV-Beitrag PV-Beitrag6 SV,MEDIUM
UNCLEAR,"Arrears/outstanding context exists, but no repayment is documented.",2024-07-12,,AOK Hessen,,,ARREARS_OR_ENFORCEMENT_NOTICE,00_INBOX - Входящи - Eingang/Accounting_Organized/13_Unknown_To_Review/10001_06-2024_DivAuswertungen_DivMitarbeiter_HZ1.pdf,eise zur Abrechnung Brutto-Bezüge Betrag Lohnart Bezeichnung Einheit Menge Faktor3 Prozentsatz St SV GB 4 4 5 Gesamt-Brutto Steuerrechtliche Abzüge Netto-Verdienst Betrag Auszahlungsbetrag SV-rechtliche Abzüge Steuer/Sozialversicherung Netto-Bezüge/Netto-Abzüge St Steuer-Brutto Lohnsteuer Kirchensteuer Solidaritätszuschlag St4 SV4 KV-Brutto RV-Brutto AV-Brutto PV-Brutto KV-Beitrag RV-Beitrag AV-Beitrag PV-Beitrag6 SV,MEDIUM
UNCLEAR,"Arrears/outstanding context exists, but no repayment is documented.",2024-07-12,,BKK,,,ARREARS_OR_ENFORCEMENT_NOTICE,00_INBOX - Входящи - Eingang/Accounting/10001_06-2024_DivAuswertungen_DivMitarbeiter_HZ1.pdf,eise zur Abrechnung Brutto-Bezüge Betrag Lohnart Bezeichnung Einheit Menge Faktor3 Prozentsatz St SV GB 4 4 5 Gesamt-Brutto Steuerrechtliche Abzüge Netto-Verdienst Betrag Auszahlungsbetrag SV-rechtliche Abzüge Steuer/Sozialversicherung Netto-Bezüge/Netto-Abzüge St Steuer-Brutto Lohnsteuer Kirchensteuer Solidaritätszuschlag St4 SV4 KV-Brutto RV-Brutto AV-Brutto PV-Brutto KV-Beitrag RV-Beitrag AV-Beitrag PV-Beitrag6 SV,MEDIUM
UNCLEAR,"Arrears/outstanding context exists, but no repayment is documented.",2024-07-12,,BKK,,,ARREARS_OR_ENFORCEMENT_NOTICE,00_INBOX - Входящи - Eingang/Accounting_Organized/02_Payroll/10001_06-2024_DivAuswertungen_DivMitarbeiter_HZ1.pdf,eise zur Abrechnung Brutto-Bezüge Betrag Lohnart Bezeichnung Einheit Menge Faktor3 Prozentsatz St SV GB 4 4 5 Gesamt-Brutto Steuerrechtliche Abzüge Netto-Verdienst Betrag Auszahlungsbetrag SV-rechtliche Abzüge Steuer/Sozialversicherung Netto-Bezüge/Netto-Abzüge St Steuer-Brutto Lohnsteuer Kirchensteuer Solidaritätszuschlag St4 SV4 KV-Brutto RV-Brutto AV-Brutto PV-Brutto KV-Beitrag RV-Beitrag AV-Beitrag PV-Beitrag6 SV,MEDIUM
UNCLEAR,"Arrears/outstanding context exists, but no repayment is documented.",2024-07-12,,BKK,,,ARREARS_OR_ENFORCEMENT_NOTICE,00_INBOX - Входящи - Eingang/Accounting_Organized/02_Payroll/10001_06-2024_DivAuswertungen_DivMitarbeiter_HZ1__copy2.pdf,eise zur Abrechnung Brutto-Bezüge Betrag Lohnart Bezeichnung Einheit Menge Faktor3 Prozentsatz St SV GB 4 4 5 Gesamt-Brutto Steuerrechtliche Abzüge Netto-Verdienst Betrag Auszahlungsbetrag SV-rechtliche Abzüge Steuer/Sozialversicherung Netto-Bezüge/Netto-Abzüge St Steuer-Brutto Lohnsteuer Kirchensteuer Solidaritätszuschlag St4 SV4 KV-Brutto RV-Brutto AV-Brutto PV-Brutto KV-Beitrag RV-Beitrag AV-Beitrag PV-Beitrag6 SV,MEDIUM
UNCLEAR,"Arrears/outstanding context exists, but no repayment is documented.",2024-07-12,,BKK,,,ARREARS_OR_ENFORCEMENT_NOTICE,00_INBOX - Входящи - Eingang/Accounting_Organized/13_Unknown_To_Review/10001_06-2024_DivAuswertungen_DivMitarbeiter_HZ1.pdf,eise zur Abrechnung Brutto-Bezüge Betrag Lohnart Bezeichnung Einheit Menge Faktor3 Prozentsatz St SV GB 4 4 5 Gesamt-Brutto Steuerrechtliche Abzüge Netto-Verdienst Betrag Auszahlungsbetrag SV-rechtliche Abzüge Steuer/Sozialversicherung Netto-Bezüge/Netto-Abzüge St Steuer-Brutto Lohnsteuer Kirchensteuer Solidaritätszuschlag St4 SV4 KV-Brutto RV-Brutto AV-Brutto PV-Brutto KV-Beitrag RV-Beitrag AV-Beitrag PV-Beitrag6 SV,MEDIUM
UNCLEAR,"Arrears/outstanding context exists, but no repayment is documented.",2024-07-12,,KKH,,,ARREARS_OR_ENFORCEMENT_NOTICE,00_INBOX - Входящи - Eingang/Accounting/10001_06-2024_DivAuswertungen_DivMitarbeiter_HZ1.pdf,eise zur Abrechnung Brutto-Bezüge Betrag Lohnart Bezeichnung Einheit Menge Faktor3 Prozentsatz St SV GB 4 4 5 Gesamt-Brutto Steuerrechtliche Abzüge Netto-Verdienst Betrag Auszahlungsbetrag SV-rechtliche Abzüge Steuer/Sozialversicherung Netto-Bezüge/Netto-Abzüge St Steuer-Brutto Lohnsteuer Kirchensteuer Solidaritätszuschlag St4 SV4 KV-Brutto RV-Brutto AV-Brutto PV-Brutto KV-Beitrag RV-Beitrag AV-Beitrag PV-Beitrag6 SV,MEDIUM
UNCLEAR,"Arrears/outstanding context exists, but no repayment is documented.",2024-07-12,,KKH,,,ARREARS_OR_ENFORCEMENT_NOTICE,00_INBOX - Входящи - Eingang/Accounting_Organized/02_Payroll/10001_06-2024_DivAuswertungen_DivMitarbeiter_HZ1.pdf,eise zur Abrechnung Brutto-Bezüge Betrag Lohnart Bezeichnung Einheit Menge Faktor3 Prozentsatz St SV GB 4 4 5 Gesamt-Brutto Steuerrechtliche Abzüge Netto-Verdienst Betrag Auszahlungsbetrag SV-rechtliche Abzüge Steuer/Sozialversicherung Netto-Bezüge/Netto-Abzüge St Steuer-Brutto Lohnsteuer Kirchensteuer Solidaritätszuschlag St4 SV4 KV-Brutto RV-Brutto AV-Brutto PV-Brutto KV-Beitrag RV-Beitrag AV-Beitrag PV-Beitrag6 SV,MEDIUM
UNCLEAR,"Arrears/outstanding context exists, but no repayment is documented.",2024-07-12,,KKH,,,ARREARS_OR_ENFORCEMENT_NOTICE,00_INBOX - Входящи - Eingang/Accounting_Organized/02_Payroll/10001_06-2024_DivAuswertungen_DivMitarbeiter_HZ1__copy2.pdf,eise zur Abrechnung Brutto-Bezüge Betrag Lohnart Bezeichnung Einheit Menge Faktor3 Prozentsatz St SV GB 4 4 5 Gesamt-Brutto Steuerrechtliche Abzüge Netto-Verdienst Betrag Auszahlungsbetrag SV-rechtliche Abzüge Steuer/Sozialversicherung Netto-Bezüge/Netto-Abzüge St Steuer-Brutto Lohnsteuer Kirchensteuer Solidaritätszuschlag St4 SV4 KV-Brutto RV-Brutto AV-Brutto PV-Brutto KV-Beitrag RV-Beitrag AV-Beitrag PV-Beitrag6 SV,MEDIUM
UNCLEAR,"Arrears/outstanding context exists, but no repayment is documented.",2024-07-12,,KKH,,,ARREARS_OR_ENFORCEMENT_NOTICE,00_INBOX - Входящи - Eingang/Accounting_Organized/13_Unknown_To_Review/10001_06-2024_DivAuswertungen_DivMitarbeiter_HZ1.pdf,eise zur Abrechnung Brutto-Bezüge Betrag Lohnart Bezeichnung Einheit Menge Faktor3 Prozentsatz St SV GB 4 4 5 Gesamt-Brutto Steuerrechtliche Abzüge Netto-Verdienst Betrag Auszahlungsbetrag SV-rechtliche Abzüge Steuer/Sozialversicherung Netto-Bezüge/Netto-Abzüge St Steuer-Brutto Lohnsteuer Kirchensteuer Solidaritätszuschlag St4 SV4 KV-Brutto RV-Brutto AV-Brutto PV-Brutto KV-Beitrag RV-Beitrag AV-Beitrag PV-Beitrag6 SV,MEDIUM
UNCLEAR,"Arrears/outstanding context exists, but no repayment is documented.",2024-07-31,2024-07,AOK,,,ARREARS_OR_ENFORCEMENT_NOTICE,"00_INBOX - Входящи - Eingang/Accounting/accountings062024/43029 - Rechnung 240697_2024 vom 31.07.2024, Aufträge 21_23, 21_24, 31_22, 31_23, 31_24, 33_24, 34_24, Mandant 42303.pdf","nrichtung von Lohnkonten und Aufnahme der Stammdaten 25,00 EUR AN Juni/2024 3 15,00 EUR Abmeldung eines Arbeitnehmers nach § 25 DEÜV 45,00 EUR AN Juni/2024 1 15,00 EUR Pfändungen Garnishment 15,00 EUR AN Juni/2024 Seite 1 Übertrag 1.442,20 EUR [[page 2]] Mandantennummer: 42303 Rechnungsnummer: 240697 Rechnungsjahr: 2024 Übertrag 1.442,20 EUR Bezeichnung §, Abs., Nr. Zeitraum Gegenstandswert Satz Betrag Tab. § 16 StBV",MEDIUM
UNCLEAR,"Arrears/outstanding context exists, but no repayment is documented.",2024-07-31,2024-07,AOK,,,ARREARS_OR_ENFORCEMENT_NOTICE,"00_INBOX - Входящи - Eingang/Accounting_Organized/01_Accountant_Emails/43029 - Rechnung 240697_2024 vom 31.07.2024, Aufträge 21_23, 21_24, 31_22, 31_23, 31_24, 33_24, 34_24, Mandant 42303.pdf","nrichtung von Lohnkonten und Aufnahme der Stammdaten 25,00 EUR AN Juni/2024 3 15,00 EUR Abmeldung eines Arbeitnehmers nach § 25 DEÜV 45,00 EUR AN Juni/2024 1 15,00 EUR Pfändungen Garnishment 15,00 EUR AN Juni/2024 Seite 1 Übertrag 1.442,20 EUR [[page 2]] Mandantennummer: 42303 Rechnungsnummer: 240697 Rechnungsjahr: 2024 Übertrag 1.442,20 EUR Bezeichnung §, Abs., Nr. Zeitraum Gegenstandswert Satz Betrag Tab. § 16 StBV",MEDIUM
UNCLEAR,"Arrears/outstanding context exists, but no repayment is documented.",2024-07-31,2024-07,AOK,,,ARREARS_OR_ENFORCEMENT_NOTICE,"00_INBOX - Входящи - Eingang/Accounting_Organized/08_Operating_Costs/43029 - Rechnung 240697_2024 vom 31.07.2024, Aufträge 21_23, 21_24, 31_22, 31_23, 31_24, 33_24, 34_24, Mandant 42303.pdf","nrichtung von Lohnkonten und Aufnahme der Stammdaten 25,00 EUR AN Juni/2024 3 15,00 EUR Abmeldung eines Arbeitnehmers nach § 25 DEÜV 45,00 EUR AN Juni/2024 1 15,00 EUR Pfändungen Garnishment 15,00 EUR AN Juni/2024 Seite 1 Übertrag 1.442,20 EUR [[page 2]] Mandantennummer: 42303 Rechnungsnummer: 240697 Rechnungsjahr: 2024 Übertrag 1.442,20 EUR Bezeichnung §, Abs., Nr. Zeitraum Gegenstandswert Satz Betrag Tab. § 16 StBV",MEDIUM
UNCLEAR,"Arrears/outstanding context exists, but no repayment is documented.",2024-07-31,2024-07,AOK,,,ARREARS_OR_ENFORCEMENT_NOTICE,"00_INBOX - Входящи - Eingang/Accounting_Organized/08_Operating_Costs/43029 - Rechnung 240697_2024 vom 31.07.2024, Aufträge 21_23, 21_24, 31_22, 31_23, 31_24, 33_24, 34_24, Mandant 42303__copy2.pdf","nrichtung von Lohnkonten und Aufnahme der Stammdaten 25,00 EUR AN Juni/2024 3 15,00 EUR Abmeldung eines Arbeitnehmers nach § 25 DEÜV 45,00 EUR AN Juni/2024 1 15,00 EUR Pfändungen Garnishment 15,00 EUR AN Juni/2024 Seite 1 Übertrag 1.442,20 EUR [[page 2]] Mandantennummer: 42303 Rechnungsnummer: 240697 Rechnungsjahr: 2024 Übertrag 1.442,20 EUR Bezeichnung §, Abs., Nr. Zeitraum Gegenstandswert Satz Betrag Tab. § 16 StBV",MEDIUM
UNCLEAR,"Arrears/outstanding context exists, but no repayment is documented.",2024-08-09,2024-07,AOK,,,ARREARS_OR_ENFORCEMENT_NOTICE,00_INBOX - Входящи - Eingang/Accounting/2024/Entgeltbescheinigungen 07-2024.pdf,"Usti Nad Labem 27 1 09119 Chemnitz Übersicht Zahlungen im Juli 2024 Empfänger PLZ Ort Zahlart Verwendungszweck Betrag AOK Baden-Württemberg 70025 Stuttgart Überweisung 89878877 81,11 AOK Bayern Die Gesundheitsk 81739 München Überweisung 89878877 1.125,65 AOK Hessen 61281 Bad Homburg Überweisung 89878877",MEDIUM
UNCLEAR,"Arrears/outstanding context exists, but no repayment is documented.",2024-08-09,2024-07,AOK,,,ARREARS_OR_ENFORCEMENT_NOTICE,00_INBOX - Входящи - Eingang/Accounting/ihrelohnauswertungen3333/Lohnauswertungen.pdf,"Usti Nad Labem 27 1 09119 Chemnitz Übersicht Zahlungen im Juli 2024 Empfänger PLZ Ort Zahlart Verwendungszweck Betrag AOK Baden-Württemberg 70025 Stuttgart Überweisung 89878877 81,11 AOK Bayern Die Gesundheitsk 81739 München Überweisung 89878877 1.125,65 AOK Hessen 61281 Bad Homburg Überweisung 89878877",MEDIUM
UNCLEAR,"Arrears/outstanding context exists, but no repayment is documented.",2024-08-09,2024-07,AOK,,,ARREARS_OR_ENFORCEMENT_NOTICE,00_INBOX - Входящи - Eingang/Accounting_Organized/03_Employee_Payslips/Entgeltbescheinigungen 07-2024.pdf,"Usti Nad Labem 27 1 09119 Chemnitz Übersicht Zahlungen im Juli 2024 Empfänger PLZ Ort Zahlart Verwendungszweck Betrag AOK Baden-Württemberg 70025 Stuttgart Überweisung 89878877 81,11 AOK Bayern Die Gesundheitsk 81739 München Überweisung 89878877 1.125,65 AOK Hessen 61281 Bad Homburg Überweisung 89878877",MEDIUM
UNCLEAR,"Arrears/outstanding context exists, but no repayment is documented.",2024-08-09,2024-07,AOK,,,ARREARS_OR_ENFORCEMENT_NOTICE,00_INBOX - Входящи - Eingang/Accounting_Organized/03_Employee_Payslips/Entgeltbescheinigungen 07-2024__copy2.pdf,"Usti Nad Labem 27 1 09119 Chemnitz Übersicht Zahlungen im Juli 2024 Empfänger PLZ Ort Zahlart Verwendungszweck Betrag AOK Baden-Württemberg 70025 Stuttgart Überweisung 89878877 81,11 AOK Bayern Die Gesundheitsk 81739 München Überweisung 89878877 1.125,65 AOK Hessen 61281 Bad Homburg Überweisung 89878877",MEDIUM
UNCLEAR,"Arrears/outstanding context exists, but no repayment is documented.",2024-08-09,2024-07,AOK,,,ARREARS_OR_ENFORCEMENT_NOTICE,00_INBOX - Входящи - Eingang/Accounting_Organized/03_Employee_Payslips/Entgeltbescheinigungen 07-2024__copy3.pdf,"Usti Nad Labem 27 1 09119 Chemnitz Übersicht Zahlungen im Juli 2024 Empfänger PLZ Ort Zahlart Verwendungszweck Betrag AOK Baden-Württemberg 70025 Stuttgart Überweisung 89878877 81,11 AOK Bayern Die Gesundheitsk 81739 München Überweisung 89878877 1.125,65 AOK Hessen 61281 Bad Homburg Überweisung 89878877",MEDIUM
UNCLEAR,"Arrears/outstanding context exists, but no repayment is documented.",2024-08-09,2024-07,AOK,,,ARREARS_OR_ENFORCEMENT_NOTICE,00_INBOX - Входящи - Eingang/Accounting_Organized/14_Duplicates/Lohnauswertungen__copy27.pdf,"Usti Nad Labem 27 1 09119 Chemnitz Übersicht Zahlungen im Juli 2024 Empfänger PLZ Ort Zahlart Verwendungszweck Betrag AOK Baden-Württemberg 70025 Stuttgart Überweisung 89878877 81,11 AOK Bayern Die Gesundheitsk 81739 München Überweisung 89878877 1.125,65 AOK Hessen 61281 Bad Homburg Überweisung 89878877",MEDIUM
UNCLEAR,"Arrears/outstanding context exists, but no repayment is documented.",2024-08-09,2024-07,AOK,,,ARREARS_OR_ENFORCEMENT_NOTICE,00_INBOX - Входящи - Eingang/Accounting_Organized/14_Duplicates/Lohnauswertungen__copy45.pdf,"Usti Nad Labem 27 1 09119 Chemnitz Übersicht Zahlungen im Juli 2024 Empfänger PLZ Ort Zahlart Verwendungszweck Betrag AOK Baden-Württemberg 70025 Stuttgart Überweisung 89878877 81,11 AOK Bayern Die Gesundheitsk 81739 München Überweisung 89878877 1.125,65 AOK Hessen 61281 Bad Homburg Überweisung 89878877",MEDIUM
UNCLEAR,"Arrears/outstanding context exists, but no repayment is documented.",2024-08-09,2024-07,AOK,,,ARREARS_OR_ENFORCEMENT_NOTICE,00_INBOX - Входящи - Eingang/Accounting_Organized/14_Duplicates/Lohnauswertungen__copy9.pdf,"Usti Nad Labem 27 1 09119 Chemnitz Übersicht Zahlungen im Juli 2024 Empfänger PLZ Ort Zahlart Verwendungszweck Betrag AOK Baden-Württemberg 70025 Stuttgart Überweisung 89878877 81,11 AOK Bayern Die Gesundheitsk 81739 München Überweisung 89878877 1.125,65 AOK Hessen 61281 Bad Homburg Überweisung 89878877",MEDIUM
UNCLEAR,"Arrears/outstanding context exists, but no repayment is documented.",2024-08-09,,AOK Hessen,,,ARREARS_OR_ENFORCEMENT_NOTICE,00_INBOX - Входящи - Eingang/Accounting/10001_07-2024_DivAuswertungen_DivMitarbeiter_KZ1.pdf,eise zur Abrechnung Brutto-Bezüge Betrag Lohnart Bezeichnung Einheit Menge Faktor3 Prozentsatz St SV GB 4 4 5 Gesamt-Brutto Steuerrechtliche Abzüge Netto-Verdienst Betrag Auszahlungsbetrag SV-rechtliche Abzüge Steuer/Sozialversicherung Netto-Bezüge/Netto-Abzüge St Steuer-Brutto Lohnsteuer Kirchensteuer Solidaritätszuschlag St4 SV4 KV-Brutto RV-Brutto AV-Brutto PV-Brutto KV-Beitrag RV-Beitrag AV-Beitrag PV-Beitrag6 SV,MEDIUM
UNCLEAR,"Arrears/outstanding context exists, but no repayment is documented.",2024-08-09,,AOK Hessen,,,ARREARS_OR_ENFORCEMENT_NOTICE,00_INBOX - Входящи - Eingang/Accounting_Organized/02_Payroll/10001_07-2024_DivAuswertungen_DivMitarbeiter_KZ1.pdf,eise zur Abrechnung Brutto-Bezüge Betrag Lohnart Bezeichnung Einheit Menge Faktor3 Prozentsatz St SV GB 4 4 5 Gesamt-Brutto Steuerrechtliche Abzüge Netto-Verdienst Betrag Auszahlungsbetrag SV-rechtliche Abzüge Steuer/Sozialversicherung Netto-Bezüge/Netto-Abzüge St Steuer-Brutto Lohnsteuer Kirchensteuer Solidaritätszuschlag St4 SV4 KV-Brutto RV-Brutto AV-Brutto PV-Brutto KV-Beitrag RV-Beitrag AV-Beitrag PV-Beitrag6 SV,MEDIUM
UNCLEAR,"Arrears/outstanding context exists, but no repayment is documented.",2024-08-09,,AOK Hessen,,,ARREARS_OR_ENFORCEMENT_NOTICE,00_INBOX - Входящи - Eingang/Accounting_Organized/02_Payroll/10001_07-2024_DivAuswertungen_DivMitarbeiter_KZ1__copy2.pdf,eise zur Abrechnung Brutto-Bezüge Betrag Lohnart Bezeichnung Einheit Menge Faktor3 Prozentsatz St SV GB 4 4 5 Gesamt-Brutto Steuerrechtliche Abzüge Netto-Verdienst Betrag Auszahlungsbetrag SV-rechtliche Abzüge Steuer/Sozialversicherung Netto-Bezüge/Netto-Abzüge St Steuer-Brutto Lohnsteuer Kirchensteuer Solidaritätszuschlag St4 SV4 KV-Brutto RV-Brutto AV-Brutto PV-Brutto KV-Beitrag RV-Beitrag AV-Beitrag PV-Beitrag6 SV,MEDIUM
UNCLEAR,"Arrears/outstanding context exists, but no repayment is documented.",2024-08-09,,AOK Hessen,,,ARREARS_OR_ENFORCEMENT_NOTICE,00_INBOX - Входящи - Eingang/Accounting_Organized/13_Unknown_To_Review/10001_07-2024_DivAuswertungen_DivMitarbeiter_KZ1.pdf,eise zur Abrechnung Brutto-Bezüge Betrag Lohnart Bezeichnung Einheit Menge Faktor3 Prozentsatz St SV GB 4 4 5 Gesamt-Brutto Steuerrechtliche Abzüge Netto-Verdienst Betrag Auszahlungsbetrag SV-rechtliche Abzüge Steuer/Sozialversicherung Netto-Bezüge/Netto-Abzüge St Steuer-Brutto Lohnsteuer Kirchensteuer Solidaritätszuschlag St4 SV4 KV-Brutto RV-Brutto AV-Brutto PV-Brutto KV-Beitrag RV-Beitrag AV-Beitrag PV-Beitrag6 SV,MEDIUM
UNCLEAR,"Arrears/outstanding context exists, but no repayment is documented.",2024-08-09,,BKK,,,ARREARS_OR_ENFORCEMENT_NOTICE,00_INBOX - Входящи - Eingang/Accounting/10001_07-2024_DivAuswertungen_DivMitarbeiter_KZ1.pdf,eise zur Abrechnung Brutto-Bezüge Betrag Lohnart Bezeichnung Einheit Menge Faktor3 Prozentsatz St SV GB 4 4 5 Gesamt-Brutto Steuerrechtliche Abzüge Netto-Verdienst Betrag Auszahlungsbetrag SV-rechtliche Abzüge Steuer/Sozialversicherung Netto-Bezüge/Netto-Abzüge St Steuer-Brutto Lohnsteuer Kirchensteuer Solidaritätszuschlag St4 SV4 KV-Brutto RV-Brutto AV-Brutto PV-Brutto KV-Beitrag RV-Beitrag AV-Beitrag PV-Beitrag6 SV,MEDIUM
UNCLEAR,"Arrears/outstanding context exists, but no repayment is documented.",2024-08-09,,BKK,,,ARREARS_OR_ENFORCEMENT_NOTICE,00_INBOX - Входящи - Eingang/Accounting_Organized/02_Payroll/10001_07-2024_DivAuswertungen_DivMitarbeiter_KZ1.pdf,eise zur Abrechnung Brutto-Bezüge Betrag Lohnart Bezeichnung Einheit Menge Faktor3 Prozentsatz St SV GB 4 4 5 Gesamt-Brutto Steuerrechtliche Abzüge Netto-Verdienst Betrag Auszahlungsbetrag SV-rechtliche Abzüge Steuer/Sozialversicherung Netto-Bezüge/Netto-Abzüge St Steuer-Brutto Lohnsteuer Kirchensteuer Solidaritätszuschlag St4 SV4 KV-Brutto RV-Brutto AV-Brutto PV-Brutto KV-Beitrag RV-Beitrag AV-Beitrag PV-Beitrag6 SV,MEDIUM
UNCLEAR,"Arrears/outstanding context exists, but no repayment is documented.",2024-08-09,,BKK,,,ARREARS_OR_ENFORCEMENT_NOTICE,00_INBOX - Входящи - Eingang/Accounting_Organized/02_Payroll/10001_07-2024_DivAuswertungen_DivMitarbeiter_KZ1__copy2.pdf,eise zur Abrechnung Brutto-Bezüge Betrag Lohnart Bezeichnung Einheit Menge Faktor3 Prozentsatz St SV GB 4 4 5 Gesamt-Brutto Steuerrechtliche Abzüge Netto-Verdienst Betrag Auszahlungsbetrag SV-rechtliche Abzüge Steuer/Sozialversicherung Netto-Bezüge/Netto-Abzüge St Steuer-Brutto Lohnsteuer Kirchensteuer Solidaritätszuschlag St4 SV4 KV-Brutto RV-Brutto AV-Brutto PV-Brutto KV-Beitrag RV-Beitrag AV-Beitrag PV-Beitrag6 SV,MEDIUM
UNCLEAR,"Arrears/outstanding context exists, but no repayment is documented.",2024-08-09,,BKK,,,ARREARS_OR_ENFORCEMENT_NOTICE,00_INBOX - Входящи - Eingang/Accounting_Organized/13_Unknown_To_Review/10001_07-2024_DivAuswertungen_DivMitarbeiter_KZ1.pdf,eise zur Abrechnung Brutto-Bezüge Betrag Lohnart Bezeichnung Einheit Menge Faktor3 Prozentsatz St SV GB 4 4 5 Gesamt-Brutto Steuerrechtliche Abzüge Netto-Verdienst Betrag Auszahlungsbetrag SV-rechtliche Abzüge Steuer/Sozialversicherung Netto-Bezüge/Netto-Abzüge St Steuer-Brutto Lohnsteuer Kirchensteuer Solidaritätszuschlag St4 SV4 KV-Brutto RV-Brutto AV-Brutto PV-Brutto KV-Beitrag RV-Beitrag AV-Beitrag PV-Beitrag6 SV,MEDIUM
UNCLEAR,"Arrears/outstanding context exists, but no repayment is documented.",2024-08-09,,KKH,,,ARREARS_OR_ENFORCEMENT_NOTICE,00_INBOX - Входящи - Eingang/Accounting/10001_07-2024_DivAuswertungen_DivMitarbeiter_KZ1.pdf,eise zur Abrechnung Brutto-Bezüge Betrag Lohnart Bezeichnung Einheit Menge Faktor3 Prozentsatz St SV GB 4 4 5 Gesamt-Brutto Steuerrechtliche Abzüge Netto-Verdienst Betrag Auszahlungsbetrag SV-rechtliche Abzüge Steuer/Sozialversicherung Netto-Bezüge/Netto-Abzüge St Steuer-Brutto Lohnsteuer Kirchensteuer Solidaritätszuschlag St4 SV4 KV-Brutto RV-Brutto AV-Brutto PV-Brutto KV-Beitrag RV-Beitrag AV-Beitrag PV-Beitrag6 SV,MEDIUM
UNCLEAR,"Arrears/outstanding context exists, but no repayment is documented.",2024-08-09,,KKH,,,ARREARS_OR_ENFORCEMENT_NOTICE,00_INBOX - Входящи - Eingang/Accounting_Organized/02_Payroll/10001_07-2024_DivAuswertungen_DivMitarbeiter_KZ1.pdf,eise zur Abrechnung Brutto-Bezüge Betrag Lohnart Bezeichnung Einheit Menge Faktor3 Prozentsatz St SV GB 4 4 5 Gesamt-Brutto Steuerrechtliche Abzüge Netto-Verdienst Betrag Auszahlungsbetrag SV-rechtliche Abzüge Steuer/Sozialversicherung Netto-Bezüge/Netto-Abzüge St Steuer-Brutto Lohnsteuer Kirchensteuer Solidaritätszuschlag St4 SV4 KV-Brutto RV-Brutto AV-Brutto PV-Brutto KV-Beitrag RV-Beitrag AV-Beitrag PV-Beitrag6 SV,MEDIUM
UNCLEAR,"Arrears/outstanding context exists, but no repayment is documented.",2024-08-09,,KKH,,,ARREARS_OR_ENFORCEMENT_NOTICE,00_INBOX - Входящи - Eingang/Accounting_Organized/02_Payroll/10001_07-2024_DivAuswertungen_DivMitarbeiter_KZ1__copy2.pdf,eise zur Abrechnung Brutto-Bezüge Betrag Lohnart Bezeichnung Einheit Menge Faktor3 Prozentsatz St SV GB 4 4 5 Gesamt-Brutto Steuerrechtliche Abzüge Netto-Verdienst Betrag Auszahlungsbetrag SV-rechtliche Abzüge Steuer/Sozialversicherung Netto-Bezüge/Netto-Abzüge St Steuer-Brutto Lohnsteuer Kirchensteuer Solidaritätszuschlag St4 SV4 KV-Brutto RV-Brutto AV-Brutto PV-Brutto KV-Beitrag RV-Beitrag AV-Beitrag PV-Beitrag6 SV,MEDIUM
UNCLEAR,"Arrears/outstanding context exists, but no repayment is documented.",2024-08-09,,KKH,,,ARREARS_OR_ENFORCEMENT_NOTICE,00_INBOX - Входящи - Eingang/Accounting_Organized/13_Unknown_To_Review/10001_07-2024_DivAuswertungen_DivMitarbeiter_KZ1.pdf,eise zur Abrechnung Brutto-Bezüge Betrag Lohnart Bezeichnung Einheit Menge Faktor3 Prozentsatz St SV GB 4 4 5 Gesamt-Brutto Steuerrechtliche Abzüge Netto-Verdienst Betrag Auszahlungsbetrag SV-rechtliche Abzüge Steuer/Sozialversicherung Netto-Bezüge/Netto-Abzüge St Steuer-Brutto Lohnsteuer Kirchensteuer Solidaritätszuschlag St4 SV4 KV-Brutto RV-Brutto AV-Brutto PV-Brutto KV-Beitrag RV-Beitrag AV-Beitrag PV-Beitrag6 SV,MEDIUM
UNCLEAR,"Arrears/outstanding context exists, but no repayment is documented.",2024-08-30,2024-08,AOK,,,ARREARS_OR_ENFORCEMENT_NOTICE,"00_INBOX - Входящи - Eingang/Accounting/accountings072024/43617 - Rechnung 240857_2024 vom 30.08.2024, Aufträge 31_24, 32_24, 33_24, 34_24, Mandant 42303.pdf","richtung von Lohnkonten und Aufnahme der Stammdaten 100,00 EUR AN Juli/2024 1 15,00 EUR Abmeldung eines Arbeitnehmers nach § 25 DEÜV 15,00 EUR AN Juli/2024 1 15,00 EUR Pfändungen Garnishment 15,00 EUR AN Juli/2024 Seite 1 Übertrag 1.517,20 EUR [[page 2]] Mandantennummer: 42303 Rechnungsnummer: 240857 Rechnungsjahr: 2024 Übertrag 1.517,20 EUR Bezeichnung §, Abs., Nr. Zeitraum Gegenstandswert Satz Betrag Tab. § 16 StBV",MEDIUM
UNCLEAR,"Arrears/outstanding context exists, but no repayment is documented.",2024-08-30,2024-08,AOK,,,ARREARS_OR_ENFORCEMENT_NOTICE,"00_INBOX - Входящи - Eingang/Accounting_Organized/01_Accountant_Emails/43617 - Rechnung 240857_2024 vom 30.08.2024, Aufträge 31_24, 32_24, 33_24, 34_24, Mandant 42303.pdf","richtung von Lohnkonten und Aufnahme der Stammdaten 100,00 EUR AN Juli/2024 1 15,00 EUR Abmeldung eines Arbeitnehmers nach § 25 DEÜV 15,00 EUR AN Juli/2024 1 15,00 EUR Pfändungen Garnishment 15,00 EUR AN Juli/2024 Seite 1 Übertrag 1.517,20 EUR [[page 2]] Mandantennummer: 42303 Rechnungsnummer: 240857 Rechnungsjahr: 2024 Übertrag 1.517,20 EUR Bezeichnung §, Abs., Nr. Zeitraum Gegenstandswert Satz Betrag Tab. § 16 StBV",MEDIUM
UNCLEAR,"Arrears/outstanding context exists, but no repayment is documented.",2024-08-30,2024-08,AOK,,,ARREARS_OR_ENFORCEMENT_NOTICE,"00_INBOX - Входящи - Eingang/Accounting_Organized/08_Operating_Costs/43617 - Rechnung 240857_2024 vom 30.08.2024, Aufträge 31_24, 32_24, 33_24, 34_24, Mandant 42303.pdf","richtung von Lohnkonten und Aufnahme der Stammdaten 100,00 EUR AN Juli/2024 1 15,00 EUR Abmeldung eines Arbeitnehmers nach § 25 DEÜV 15,00 EUR AN Juli/2024 1 15,00 EUR Pfändungen Garnishment 15,00 EUR AN Juli/2024 Seite 1 Übertrag 1.517,20 EUR [[page 2]] Mandantennummer: 42303 Rechnungsnummer: 240857 Rechnungsjahr: 2024 Übertrag 1.517,20 EUR Bezeichnung §, Abs., Nr. Zeitraum Gegenstandswert Satz Betrag Tab. § 16 StBV",MEDIUM
UNCLEAR,"Arrears/outstanding context exists, but no repayment is documented.",2024-08-30,2024-08,AOK,,,ARREARS_OR_ENFORCEMENT_NOTICE,"00_INBOX - Входящи - Eingang/Accounting_Organized/08_Operating_Costs/43617 - Rechnung 240857_2024 vom 30.08.2024, Aufträge 31_24, 32_24, 33_24, 34_24, Mandant 42303__copy2.pdf","richtung von Lohnkonten und Aufnahme der Stammdaten 100,00 EUR AN Juli/2024 1 15,00 EUR Abmeldung eines Arbeitnehmers nach § 25 DEÜV 15,00 EUR AN Juli/2024 1 15,00 EUR Pfändungen Garnishment 15,00 EUR AN Juli/2024 Seite 1 Übertrag 1.517,20 EUR [[page 2]] Mandantennummer: 42303 Rechnungsnummer: 240857 Rechnungsjahr: 2024 Übertrag 1.517,20 EUR Bezeichnung §, Abs., Nr. Zeitraum Gegenstandswert Satz Betrag Tab. § 16 StBV",MEDIUM
NORMAL_MONTHLY_PAYMENT,Payment amount exists but no arrears context is stated.,2024-09-01,2024-09,AOK,479.20,,PAYMENT_EVIDENCE_OR_PAYMENT_LIST,00_INBOX - Входящи - Eingang/Accounting/Favorit MP Martin Zahariev _4025268_vom_01.09.2024.pdf,"Pro Monatliche Gebühren PRO 31 19 10,99 340,69 2 Wegfahrsperre All in Wegfahrsperre All in 31 19 2,00 62,00 402,69 Zwischensumme 19 % USt. auf € 402,69 76,51 Endbetrag 479,20 Per SEPA-Lastschrift wird der Rechnungsbetrag von 479,20 € zum Mandat 104670000001 zu der Gläubiger-Id DE45ZZZ00002191456 von Ihrem Konto DE95100100100925729109 bei der Postbank Ndl Deutsche Bank, PBNKDEFFXXX, zum Fälligkeitstag 13.09.2024 abgeb",HIGH
NORMAL_MONTHLY_PAYMENT,Payment amount exists but no arrears context is stated.,2024-09-01,2024-09,AOK,479.20,,PAYMENT_EVIDENCE_OR_PAYMENT_LIST,00_INBOX - Входящи - Eingang/Accounting_Organized/06_Bank_Payments/Favorit MP Martin Zahariev _4025268_vom_01.09.2024.pdf,"Pro Monatliche Gebühren PRO 31 19 10,99 340,69 2 Wegfahrsperre All in Wegfahrsperre All in 31 19 2,00 62,00 402,69 Zwischensumme 19 % USt. auf € 402,69 76,51 Endbetrag 479,20 Per SEPA-Lastschrift wird der Rechnungsbetrag von 479,20 € zum Mandat 104670000001 zu der Gläubiger-Id DE45ZZZ00002191456 von Ihrem Konto DE95100100100925729109 bei der Postbank Ndl Deutsche Bank, PBNKDEFFXXX, zum Fälligkeitstag 13.09.2024 abgeb",HIGH
NORMAL_MONTHLY_PAYMENT,Payment amount exists but no arrears context is stated.,2024-09-01,2024-09,AOK,479.20,,PAYMENT_EVIDENCE_OR_PAYMENT_LIST,00_INBOX - Входящи - Eingang/Accounting_Organized/06_Bank_Payments/Favorit MP Martin Zahariev _4025268_vom_01.09.2024__copy2.pdf,"Pro Monatliche Gebühren PRO 31 19 10,99 340,69 2 Wegfahrsperre All in Wegfahrsperre All in 31 19 2,00 62,00 402,69 Zwischensumme 19 % USt. auf € 402,69 76,51 Endbetrag 479,20 Per SEPA-Lastschrift wird der Rechnungsbetrag von 479,20 € zum Mandat 104670000001 zu der Gläubiger-Id DE45ZZZ00002191456 von Ihrem Konto DE95100100100925729109 bei der Postbank Ndl Deutsche Bank, PBNKDEFFXXX, zum Fälligkeitstag 13.09.2024 abgeb",HIGH
NORMAL_MONTHLY_PAYMENT,Payment amount exists but no arrears context is stated.,2024-09-01,2024-09,AOK,479.20,,PAYMENT_EVIDENCE_OR_PAYMENT_LIST,00_INBOX - Входящи - Eingang/Accounting_Organized/11_Contribution_Lists/Favorit MP Martin Zahariev _4025268_vom_01.09.2024.pdf,"Pro Monatliche Gebühren PRO 31 19 10,99 340,69 2 Wegfahrsperre All in Wegfahrsperre All in 31 19 2,00 62,00 402,69 Zwischensumme 19 % USt. auf € 402,69 76,51 Endbetrag 479,20 Per SEPA-Lastschrift wird der Rechnungsbetrag von 479,20 € zum Mandat 104670000001 zu der Gläubiger-Id DE45ZZZ00002191456 von Ihrem Konto DE95100100100925729109 bei der Postbank Ndl Deutsche Bank, PBNKDEFFXXX, zum Fälligkeitstag 13.09.2024 abgeb",HIGH
UNCLEAR,"Arrears/outstanding context exists, but no repayment is documented.",2024-09-12,,AOK,,,ARREARS_OR_ENFORCEMENT_NOTICE,00_INBOX - Входящи - Eingang/Accounting/testpayslip/10001_08-2024_Brutto_NettoProbe_00098_NZ1.pdf,eise zur Abrechnung Brutto-Bezüge Betrag Lohnart Bezeichnung Einheit Menge Faktor3 Prozentsatz St SV GB 4 4 5 Gesamt-Brutto Steuerrechtliche Abzüge Netto-Verdienst Betrag Auszahlungsbetrag SV-rechtliche Abzüge Steuer/Sozialversicherung Netto-Bezüge/Netto-Abzüge St Steuer-Brutto Lohnsteuer Kirchensteuer Solidaritätszuschlag St4 SV4 KV-Brutto RV-Brutto AV-Brutto PV-Brutto KV-Beitrag RV-Beitrag AV-Beitrag PV-Beitrag6 SV,MEDIUM
UNCLEAR,"Arrears/outstanding context exists, but no repayment is documented.",2024-09-12,,AOK,,,ARREARS_OR_ENFORCEMENT_NOTICE,00_INBOX - Входящи - Eingang/Accounting_Organized/02_Payroll/10001_08-2024_Brutto_NettoProbe_00098_NZ1.pdf,eise zur Abrechnung Brutto-Bezüge Betrag Lohnart Bezeichnung Einheit Menge Faktor3 Prozentsatz St SV GB 4 4 5 Gesamt-Brutto Steuerrechtliche Abzüge Netto-Verdienst Betrag Auszahlungsbetrag SV-rechtliche Abzüge Steuer/Sozialversicherung Netto-Bezüge/Netto-Abzüge St Steuer-Brutto Lohnsteuer Kirchensteuer Solidaritätszuschlag St4 SV4 KV-Brutto RV-Brutto AV-Brutto PV-Brutto KV-Beitrag RV-Beitrag AV-Beitrag PV-Beitrag6 SV,MEDIUM
UNCLEAR,"Arrears/outstanding context exists, but no repayment is documented.",2024-09-12,,AOK,,,ARREARS_OR_ENFORCEMENT_NOTICE,00_INBOX - Входящи - Eingang/Accounting_Organized/02_Payroll/10001_08-2024_Brutto_NettoProbe_00098_NZ1__copy2.pdf,eise zur Abrechnung Brutto-Bezüge Betrag Lohnart Bezeichnung Einheit Menge Faktor3 Prozentsatz St SV GB 4 4 5 Gesamt-Brutto Steuerrechtliche Abzüge Netto-Verdienst Betrag Auszahlungsbetrag SV-rechtliche Abzüge Steuer/Sozialversicherung Netto-Bezüge/Netto-Abzüge St Steuer-Brutto Lohnsteuer Kirchensteuer Solidaritätszuschlag St4 SV4 KV-Brutto RV-Brutto AV-Brutto PV-Brutto KV-Beitrag RV-Beitrag AV-Beitrag PV-Beitrag6 SV,MEDIUM
UNCLEAR,"Arrears/outstanding context exists, but no repayment is documented.",2024-09-12,,AOK,,,ARREARS_OR_ENFORCEMENT_NOTICE,00_INBOX - Входящи - Eingang/Accounting_Organized/13_Unknown_To_Review/10001_08-2024_Brutto_NettoProbe_00098_NZ1.pdf,eise zur Abrechnung Brutto-Bezüge Betrag Lohnart Bezeichnung Einheit Menge Faktor3 Prozentsatz St SV GB 4 4 5 Gesamt-Brutto Steuerrechtliche Abzüge Netto-Verdienst Betrag Auszahlungsbetrag SV-rechtliche Abzüge Steuer/Sozialversicherung Netto-Bezüge/Netto-Abzüge St Steuer-Brutto Lohnsteuer Kirchensteuer Solidaritätszuschlag St4 SV4 KV-Brutto RV-Brutto AV-Brutto PV-Brutto KV-Beitrag RV-Beitrag AV-Beitrag PV-Beitrag6 SV,MEDIUM
UNCLEAR,"Arrears/outstanding context exists, but no repayment is documented.",2024-09-12,,Barmer,,,ARREARS_OR_ENFORCEMENT_NOTICE,00_INBOX - Входящи - Eingang/Accounting/testpayslip/10001_08-2024_Brutto_NettoProbe_00098_NZ1.pdf,eise zur Abrechnung Brutto-Bezüge Betrag Lohnart Bezeichnung Einheit Menge Faktor3 Prozentsatz St SV GB 4 4 5 Gesamt-Brutto Steuerrechtliche Abzüge Netto-Verdienst Betrag Auszahlungsbetrag SV-rechtliche Abzüge Steuer/Sozialversicherung Netto-Bezüge/Netto-Abzüge St Steuer-Brutto Lohnsteuer Kirchensteuer Solidaritätszuschlag St4 SV4 KV-Brutto RV-Brutto AV-Brutto PV-Brutto KV-Beitrag RV-Beitrag AV-Beitrag PV-Beitrag6 SV,MEDIUM
UNCLEAR,"Arrears/outstanding context exists, but no repayment is documented.",2024-09-12,,Barmer,,,ARREARS_OR_ENFORCEMENT_NOTICE,00_INBOX - Входящи - Eingang/Accounting_Organized/02_Payroll/10001_08-2024_Brutto_NettoProbe_00098_NZ1.pdf,eise zur Abrechnung Brutto-Bezüge Betrag Lohnart Bezeichnung Einheit Menge Faktor3 Prozentsatz St SV GB 4 4 5 Gesamt-Brutto Steuerrechtliche Abzüge Netto-Verdienst Betrag Auszahlungsbetrag SV-rechtliche Abzüge Steuer/Sozialversicherung Netto-Bezüge/Netto-Abzüge St Steuer-Brutto Lohnsteuer Kirchensteuer Solidaritätszuschlag St4 SV4 KV-Brutto RV-Brutto AV-Brutto PV-Brutto KV-Beitrag RV-Beitrag AV-Beitrag PV-Beitrag6 SV,MEDIUM
UNCLEAR,"Arrears/outstanding context exists, but no repayment is documented.",2024-09-12,,Barmer,,,ARREARS_OR_ENFORCEMENT_NOTICE,00_INBOX - Входящи - Eingang/Accounting_Organized/02_Payroll/10001_08-2024_Brutto_NettoProbe_00098_NZ1__copy2.pdf,eise zur Abrechnung Brutto-Bezüge Betrag Lohnart Bezeichnung Einheit Menge Faktor3 Prozentsatz St SV GB 4 4 5 Gesamt-Brutto Steuerrechtliche Abzüge Netto-Verdienst Betrag Auszahlungsbetrag SV-rechtliche Abzüge Steuer/Sozialversicherung Netto-Bezüge/Netto-Abzüge St Steuer-Brutto Lohnsteuer Kirchensteuer Solidaritätszuschlag St4 SV4 KV-Brutto RV-Brutto AV-Brutto PV-Brutto KV-Beitrag RV-Beitrag AV-Beitrag PV-Beitrag6 SV,MEDIUM
UNCLEAR,"Arrears/outstanding context exists, but no repayment is documented.",2024-09-12,,Barmer,,,ARREARS_OR_ENFORCEMENT_NOTICE,00_INBOX - Входящи - Eingang/Accounting_Organized/13_Unknown_To_Review/10001_08-2024_Brutto_NettoProbe_00098_NZ1.pdf,eise zur Abrechnung Brutto-Bezüge Betrag Lohnart Bezeichnung Einheit Menge Faktor3 Prozentsatz St SV GB 4 4 5 Gesamt-Brutto Steuerrechtliche Abzüge Netto-Verdienst Betrag Auszahlungsbetrag SV-rechtliche Abzüge Steuer/Sozialversicherung Netto-Bezüge/Netto-Abzüge St Steuer-Brutto Lohnsteuer Kirchensteuer Solidaritätszuschlag St4 SV4 KV-Brutto RV-Brutto AV-Brutto PV-Brutto KV-Beitrag RV-Beitrag AV-Beitrag PV-Beitrag6 SV,MEDIUM
UNCLEAR,"Arrears/outstanding context exists, but no repayment is documented.",2024-09-13,,AOK,,,ARREARS_OR_ENFORCEMENT_NOTICE,00_INBOX - Входящи - Eingang/Accounting/10001_08-2024_Brutto_NettoProbe_00074_NZ1.pdf,eise zur Abrechnung Brutto-Bezüge Betrag Lohnart Bezeichnung Einheit Menge Faktor3 Prozentsatz St SV GB 4 4 5 Gesamt-Brutto Steuerrechtliche Abzüge Netto-Verdienst Betrag Auszahlungsbetrag SV-rechtliche Abzüge Steuer/Sozialversicherung Netto-Bezüge/Netto-Abzüge St Steuer-Brutto Lohnsteuer Kirchensteuer Solidaritätszuschlag St4 SV4 KV-Brutto RV-Brutto AV-Brutto PV-Brutto KV-Beitrag RV-Beitrag AV-Beitrag PV-Beitrag6 SV,MEDIUM
UNCLEAR,"Arrears/outstanding context exists, but no repayment is documented.",2024-09-13,2024-08,AOK,,,ARREARS_OR_ENFORCEMENT_NOTICE,00_INBOX - Входящи - Eingang/Accounting/2024/Entgeltbescheinigungen 08-2024.pdf,"Usti Nad Labem 27 1 09119 Chemnitz Übersicht Zahlungen im August 2024 Empfänger PLZ Ort Zahlart Verwendungszweck Betrag AOK Bayern Die Gesundheitsk 81739 München Überweisung 89878877 472,01 AOK Hessen 61281 Bad Homburg Überweisung 89878877 1.244,22 AOK Nordost 14456 Potsdam Keine Überw. 89878877",MEDIUM
UNCLEAR,"Arrears/outstanding context exists, but no repayment is documented.",2024-09-13,2024-08,AOK,,,ARREARS_OR_ENFORCEMENT_NOTICE,00_INBOX - Входящи - Eingang/Accounting/payroll082024/Lohnauswertungen.pdf,"Usti Nad Labem 27 1 09119 Chemnitz Übersicht Zahlungen im August 2024 Empfänger PLZ Ort Zahlart Verwendungszweck Betrag AOK Bayern Die Gesundheitsk 81739 München Überweisung 89878877 472,01 AOK Hessen 61281 Bad Homburg Überweisung 89878877 1.244,22 AOK Nordost 14456 Potsdam Keine Überw. 89878877",MEDIUM
UNCLEAR,"Arrears/outstanding context exists, but no repayment is documented.",2024-09-13,,AOK,,,ARREARS_OR_ENFORCEMENT_NOTICE,00_INBOX - Входящи - Eingang/Accounting_Organized/02_Payroll/10001_08-2024_Brutto_NettoProbe_00074_NZ1.pdf,eise zur Abrechnung Brutto-Bezüge Betrag Lohnart Bezeichnung Einheit Menge Faktor3 Prozentsatz St SV GB 4 4 5 Gesamt-Brutto Steuerrechtliche Abzüge Netto-Verdienst Betrag Auszahlungsbetrag SV-rechtliche Abzüge Steuer/Sozialversicherung Netto-Bezüge/Netto-Abzüge St Steuer-Brutto Lohnsteuer Kirchensteuer Solidaritätszuschlag St4 SV4 KV-Brutto RV-Brutto AV-Brutto PV-Brutto KV-Beitrag RV-Beitrag AV-Beitrag PV-Beitrag6 SV,MEDIUM
UNCLEAR,"Arrears/outstanding context exists, but no repayment is documented.",2024-09-13,,AOK,,,ARREARS_OR_ENFORCEMENT_NOTICE,00_INBOX - Входящи - Eingang/Accounting_Organized/02_Payroll/10001_08-2024_Brutto_NettoProbe_00074_NZ1__copy2.pdf,eise zur Abrechnung Brutto-Bezüge Betrag Lohnart Bezeichnung Einheit Menge Faktor3 Prozentsatz St SV GB 4 4 5 Gesamt-Brutto Steuerrechtliche Abzüge Netto-Verdienst Betrag Auszahlungsbetrag SV-rechtliche Abzüge Steuer/Sozialversicherung Netto-Bezüge/Netto-Abzüge St Steuer-Brutto Lohnsteuer Kirchensteuer Solidaritätszuschlag St4 SV4 KV-Brutto RV-Brutto AV-Brutto PV-Brutto KV-Beitrag RV-Beitrag AV-Beitrag PV-Beitrag6 SV,MEDIUM
UNCLEAR,"Arrears/outstanding context exists, but no repayment is documented.",2024-09-13,2024-08,AOK,,,ARREARS_OR_ENFORCEMENT_NOTICE,00_INBOX - Входящи - Eingang/Accounting_Organized/03_Employee_Payslips/Entgeltbescheinigungen 08-2024.pdf,"Usti Nad Labem 27 1 09119 Chemnitz Übersicht Zahlungen im August 2024 Empfänger PLZ Ort Zahlart Verwendungszweck Betrag AOK Bayern Die Gesundheitsk 81739 München Überweisung 89878877 472,01 AOK Hessen 61281 Bad Homburg Überweisung 89878877 1.244,22 AOK Nordost 14456 Potsdam Keine Überw. 89878877",MEDIUM
UNCLEAR,"Arrears/outstanding context exists, but no repayment is documented.",2024-09-13,2024-08,AOK,,,ARREARS_OR_ENFORCEMENT_NOTICE,00_INBOX - Входящи - Eingang/Accounting_Organized/03_Employee_Payslips/Entgeltbescheinigungen 08-2024__copy2.pdf,"Usti Nad Labem 27 1 09119 Chemnitz Übersicht Zahlungen im August 2024 Empfänger PLZ Ort Zahlart Verwendungszweck Betrag AOK Bayern Die Gesundheitsk 81739 München Überweisung 89878877 472,01 AOK Hessen 61281 Bad Homburg Überweisung 89878877 1.244,22 AOK Nordost 14456 Potsdam Keine Überw. 89878877",MEDIUM
UNCLEAR,"Arrears/outstanding context exists, but no repayment is documented.",2024-09-13,2024-08,AOK,,,ARREARS_OR_ENFORCEMENT_NOTICE,00_INBOX - Входящи - Eingang/Accounting_Organized/03_Employee_Payslips/Entgeltbescheinigungen 08-2024__copy3.pdf,"Usti Nad Labem 27 1 09119 Chemnitz Übersicht Zahlungen im August 2024 Empfänger PLZ Ort Zahlart Verwendungszweck Betrag AOK Bayern Die Gesundheitsk 81739 München Überweisung 89878877 472,01 AOK Hessen 61281 Bad Homburg Überweisung 89878877 1.244,22 AOK Nordost 14456 Potsdam Keine Überw. 89878877",MEDIUM
UNCLEAR,"Arrears/outstanding context exists, but no repayment is documented.",2024-09-13,,AOK,,,ARREARS_OR_ENFORCEMENT_NOTICE,00_INBOX - Входящи - Eingang/Accounting_Organized/13_Unknown_To_Review/10001_08-2024_Brutto_NettoProbe_00074_NZ1.pdf,eise zur Abrechnung Brutto-Bezüge Betrag Lohnart Bezeichnung Einheit Menge Faktor3 Prozentsatz St SV GB 4 4 5 Gesamt-Brutto Steuerrechtliche Abzüge Netto-Verdienst Betrag Auszahlungsbetrag SV-rechtliche Abzüge Steuer/Sozialversicherung Netto-Bezüge/Netto-Abzüge St Steuer-Brutto Lohnsteuer Kirchensteuer Solidaritätszuschlag St4 SV4 KV-Brutto RV-Brutto AV-Brutto PV-Brutto KV-Beitrag RV-Beitrag AV-Beitrag PV-Beitrag6 SV,MEDIUM
UNCLEAR,"Arrears/outstanding context exists, but no repayment is documented.",2024-09-13,2024-08,AOK,,,ARREARS_OR_ENFORCEMENT_NOTICE,00_INBOX - Входящи - Eingang/Accounting_Organized/14_Duplicates/Lohnauswertungen__copy17.pdf,"Usti Nad Labem 27 1 09119 Chemnitz Übersicht Zahlungen im August 2024 Empfänger PLZ Ort Zahlart Verwendungszweck Betrag AOK Bayern Die Gesundheitsk 81739 München Überweisung 89878877 472,01 AOK Hessen 61281 Bad Homburg Überweisung 89878877 1.244,22 AOK Nordost 14456 Potsdam Keine Überw. 89878877",MEDIUM
UNCLEAR,"Arrears/outstanding context exists, but no repayment is documented.",2024-09-13,2024-08,AOK,,,ARREARS_OR_ENFORCEMENT_NOTICE,00_INBOX - Входящи - Eingang/Accounting_Organized/14_Duplicates/Lohnauswertungen__copy35.pdf,"Usti Nad Labem 27 1 09119 Chemnitz Übersicht Zahlungen im August 2024 Empfänger PLZ Ort Zahlart Verwendungszweck Betrag AOK Bayern Die Gesundheitsk 81739 München Überweisung 89878877 472,01 AOK Hessen 61281 Bad Homburg Überweisung 89878877 1.244,22 AOK Nordost 14456 Potsdam Keine Überw. 89878877",MEDIUM
UNCLEAR,"Arrears/outstanding context exists, but no repayment is documented.",2024-09-13,2024-08,AOK,,,ARREARS_OR_ENFORCEMENT_NOTICE,00_INBOX - Входящи - Eingang/Accounting_Organized/14_Duplicates/Lohnauswertungen__copy53.pdf,"Usti Nad Labem 27 1 09119 Chemnitz Übersicht Zahlungen im August 2024 Empfänger PLZ Ort Zahlart Verwendungszweck Betrag AOK Bayern Die Gesundheitsk 81739 München Überweisung 89878877 472,01 AOK Hessen 61281 Bad Homburg Überweisung 89878877 1.244,22 AOK Nordost 14456 Potsdam Keine Überw. 89878877",MEDIUM
UNCLEAR,"Arrears/outstanding context exists, but no repayment is documented.",2024-09-13,,BKK,,,ARREARS_OR_ENFORCEMENT_NOTICE,00_INBOX - Входящи - Eingang/Accounting/10001_08-2024_Brutto_NettoProbe_00074_NZ1.pdf,eise zur Abrechnung Brutto-Bezüge Betrag Lohnart Bezeichnung Einheit Menge Faktor3 Prozentsatz St SV GB 4 4 5 Gesamt-Brutto Steuerrechtliche Abzüge Netto-Verdienst Betrag Auszahlungsbetrag SV-rechtliche Abzüge Steuer/Sozialversicherung Netto-Bezüge/Netto-Abzüge St Steuer-Brutto Lohnsteuer Kirchensteuer Solidaritätszuschlag St4 SV4 KV-Brutto RV-Brutto AV-Brutto PV-Brutto KV-Beitrag RV-Beitrag AV-Beitrag PV-Beitrag6 SV,MEDIUM
UNCLEAR,"Arrears/outstanding context exists, but no repayment is documented.",2024-09-13,,BKK,,,ARREARS_OR_ENFORCEMENT_NOTICE,00_INBOX - Входящи - Eingang/Accounting_Organized/02_Payroll/10001_08-2024_Brutto_NettoProbe_00074_NZ1.pdf,eise zur Abrechnung Brutto-Bezüge Betrag Lohnart Bezeichnung Einheit Menge Faktor3 Prozentsatz St SV GB 4 4 5 Gesamt-Brutto Steuerrechtliche Abzüge Netto-Verdienst Betrag Auszahlungsbetrag SV-rechtliche Abzüge Steuer/Sozialversicherung Netto-Bezüge/Netto-Abzüge St Steuer-Brutto Lohnsteuer Kirchensteuer Solidaritätszuschlag St4 SV4 KV-Brutto RV-Brutto AV-Brutto PV-Brutto KV-Beitrag RV-Beitrag AV-Beitrag PV-Beitrag6 SV,MEDIUM
UNCLEAR,"Arrears/outstanding context exists, but no repayment is documented.",2024-09-13,,BKK,,,ARREARS_OR_ENFORCEMENT_NOTICE,00_INBOX - Входящи - Eingang/Accounting_Organized/02_Payroll/10001_08-2024_Brutto_NettoProbe_00074_NZ1__copy2.pdf,eise zur Abrechnung Brutto-Bezüge Betrag Lohnart Bezeichnung Einheit Menge Faktor3 Prozentsatz St SV GB 4 4 5 Gesamt-Brutto Steuerrechtliche Abzüge Netto-Verdienst Betrag Auszahlungsbetrag SV-rechtliche Abzüge Steuer/Sozialversicherung Netto-Bezüge/Netto-Abzüge St Steuer-Brutto Lohnsteuer Kirchensteuer Solidaritätszuschlag St4 SV4 KV-Brutto RV-Brutto AV-Brutto PV-Brutto KV-Beitrag RV-Beitrag AV-Beitrag PV-Beitrag6 SV,MEDIUM
UNCLEAR,"Arrears/outstanding context exists, but no repayment is documented.",2024-09-13,,BKK,,,ARREARS_OR_ENFORCEMENT_NOTICE,00_INBOX - Входящи - Eingang/Accounting_Organized/13_Unknown_To_Review/10001_08-2024_Brutto_NettoProbe_00074_NZ1.pdf,eise zur Abrechnung Brutto-Bezüge Betrag Lohnart Bezeichnung Einheit Menge Faktor3 Prozentsatz St SV GB 4 4 5 Gesamt-Brutto Steuerrechtliche Abzüge Netto-Verdienst Betrag Auszahlungsbetrag SV-rechtliche Abzüge Steuer/Sozialversicherung Netto-Bezüge/Netto-Abzüge St Steuer-Brutto Lohnsteuer Kirchensteuer Solidaritätszuschlag St4 SV4 KV-Brutto RV-Brutto AV-Brutto PV-Brutto KV-Beitrag RV-Beitrag AV-Beitrag PV-Beitrag6 SV,MEDIUM
UNCLEAR,"Arrears/outstanding context exists, but no repayment is documented.",2024-09-13,,SBK,,,ARREARS_OR_ENFORCEMENT_NOTICE,00_INBOX - Входящи - Eingang/Accounting/10001_08-2024_Brutto_NettoProbe_00074_NZ1.pdf,eise zur Abrechnung Brutto-Bezüge Betrag Lohnart Bezeichnung Einheit Menge Faktor3 Prozentsatz St SV GB 4 4 5 Gesamt-Brutto Steuerrechtliche Abzüge Netto-Verdienst Betrag Auszahlungsbetrag SV-rechtliche Abzüge Steuer/Sozialversicherung Netto-Bezüge/Netto-Abzüge St Steuer-Brutto Lohnsteuer Kirchensteuer Solidaritätszuschlag St4 SV4 KV-Brutto RV-Brutto AV-Brutto PV-Brutto KV-Beitrag RV-Beitrag AV-Beitrag PV-Beitrag6 SV,MEDIUM
UNCLEAR,"Arrears/outstanding context exists, but no repayment is documented.",2024-09-13,,SBK,,,ARREARS_OR_ENFORCEMENT_NOTICE,00_INBOX - Входящи - Eingang/Accounting_Organized/02_Payroll/10001_08-2024_Brutto_NettoProbe_00074_NZ1.pdf,eise zur Abrechnung Brutto-Bezüge Betrag Lohnart Bezeichnung Einheit Menge Faktor3 Prozentsatz St SV GB 4 4 5 Gesamt-Brutto Steuerrechtliche Abzüge Netto-Verdienst Betrag Auszahlungsbetrag SV-rechtliche Abzüge Steuer/Sozialversicherung Netto-Bezüge/Netto-Abzüge St Steuer-Brutto Lohnsteuer Kirchensteuer Solidaritätszuschlag St4 SV4 KV-Brutto RV-Brutto AV-Brutto PV-Brutto KV-Beitrag RV-Beitrag AV-Beitrag PV-Beitrag6 SV,MEDIUM
UNCLEAR,"Arrears/outstanding context exists, but no repayment is documented.",2024-09-13,,SBK,,,ARREARS_OR_ENFORCEMENT_NOTICE,00_INBOX - Входящи - Eingang/Accounting_Organized/02_Payroll/10001_08-2024_Brutto_NettoProbe_00074_NZ1__copy2.pdf,eise zur Abrechnung Brutto-Bezüge Betrag Lohnart Bezeichnung Einheit Menge Faktor3 Prozentsatz St SV GB 4 4 5 Gesamt-Brutto Steuerrechtliche Abzüge Netto-Verdienst Betrag Auszahlungsbetrag SV-rechtliche Abzüge Steuer/Sozialversicherung Netto-Bezüge/Netto-Abzüge St Steuer-Brutto Lohnsteuer Kirchensteuer Solidaritätszuschlag St4 SV4 KV-Brutto RV-Brutto AV-Brutto PV-Brutto KV-Beitrag RV-Beitrag AV-Beitrag PV-Beitrag6 SV,MEDIUM
UNCLEAR,"Arrears/outstanding context exists, but no repayment is documented.",2024-09-13,,SBK,,,ARREARS_OR_ENFORCEMENT_NOTICE,00_INBOX - Входящи - Eingang/Accounting_Organized/13_Unknown_To_Review/10001_08-2024_Brutto_NettoProbe_00074_NZ1.pdf,eise zur Abrechnung Brutto-Bezüge Betrag Lohnart Bezeichnung Einheit Menge Faktor3 Prozentsatz St SV GB 4 4 5 Gesamt-Brutto Steuerrechtliche Abzüge Netto-Verdienst Betrag Auszahlungsbetrag SV-rechtliche Abzüge Steuer/Sozialversicherung Netto-Bezüge/Netto-Abzüge St Steuer-Brutto Lohnsteuer Kirchensteuer Solidaritätszuschlag St4 SV4 KV-Brutto RV-Brutto AV-Brutto PV-Brutto KV-Beitrag RV-Beitrag AV-Beitrag PV-Beitrag6 SV,MEDIUM
UNCLEAR,"Arrears/outstanding context exists, but no repayment is documented.",2024-09-18,,AOK,,,ARREARS_OR_ENFORCEMENT_NOTICE,00_INBOX - Входящи - Eingang/Accounting/10001_09-2024_Brutto_NettoProbe_00051_QZ1.pdf,ise zur Abrechnung Brutto-Bezüge Betrag Lohnart Bezeichnung Einheit Menge Faktor 3 Prozentsatz St SV GB 4 4 5 Gesamt-Brutto Steuerrechtliche Abzüge Netto-Verdienst Betrag Auszahlungsbetrag SV-rechtliche Abzüge Steuer/Sozialversicherung Netto-Bezüge/Netto-Abzüge St Steuer-Brutto Lohnsteuer Kirchensteuer Solidaritätszuschlag St4 SV4 KV-Brutto RV-Brutto AV-Brutto PV-Brutto KV-Beitrag RV-Beitrag AV-Beitrag PV-Beitrag6 SV,MEDIUM
UNCLEAR,"Arrears/outstanding context exists, but no repayment is documented.",2024-09-18,2024-09,AOK,,,ARREARS_OR_ENFORCEMENT_NOTICE,00_INBOX - Входящи - Eingang/Accounting/CarlundCarla_RG424005125.pdf,"kilometer 19% 0,20 € 20,00 € 80 darüber hinaus gefahrene Kilometer 19% 0,20 € 16,00 € Gesamtbetrag 214,00 € enthaltene USt. 19% 34,17 € Nettobetrag 179,83 € Abschlagsbetrag gezahlt am 18.09.2024 -198,00 € Forderungsbetrag 16,00 € Bitte zahle den Forderungsbetrag in Höhe von 16,00 € über folgenden Zahlungslink: https://buchung.carlundcarla.de/buchungbezahlen?n=8a7a8a4d-d793-4c07-8c13-707140e8bbd4 Der Forderungsbetrag ",MEDIUM
UNCLEAR,"Arrears/outstanding context exists, but no repayment is documented.",2024-09-18,,AOK,,,ARREARS_OR_ENFORCEMENT_NOTICE,00_INBOX - Входящи - Eingang/Accounting_Organized/02_Payroll/10001_09-2024_Brutto_NettoProbe_00051_QZ1.pdf,ise zur Abrechnung Brutto-Bezüge Betrag Lohnart Bezeichnung Einheit Menge Faktor 3 Prozentsatz St SV GB 4 4 5 Gesamt-Brutto Steuerrechtliche Abzüge Netto-Verdienst Betrag Auszahlungsbetrag SV-rechtliche Abzüge Steuer/Sozialversicherung Netto-Bezüge/Netto-Abzüge St Steuer-Brutto Lohnsteuer Kirchensteuer Solidaritätszuschlag St4 SV4 KV-Brutto RV-Brutto AV-Brutto PV-Brutto KV-Beitrag RV-Beitrag AV-Beitrag PV-Beitrag6 SV,MEDIUM
UNCLEAR,"Arrears/outstanding context exists, but no repayment is documented.",2024-09-18,,AOK,,,ARREARS_OR_ENFORCEMENT_NOTICE,00_INBOX - Входящи - Eingang/Accounting_Organized/04_Health_Insurance/10001_09-2024_Brutto_NettoProbe_00051_QZ1.pdf,ise zur Abrechnung Brutto-Bezüge Betrag Lohnart Bezeichnung Einheit Menge Faktor 3 Prozentsatz St SV GB 4 4 5 Gesamt-Brutto Steuerrechtliche Abzüge Netto-Verdienst Betrag Auszahlungsbetrag SV-rechtliche Abzüge Steuer/Sozialversicherung Netto-Bezüge/Netto-Abzüge St Steuer-Brutto Lohnsteuer Kirchensteuer Solidaritätszuschlag St4 SV4 KV-Brutto RV-Brutto AV-Brutto PV-Brutto KV-Beitrag RV-Beitrag AV-Beitrag PV-Beitrag6 SV,MEDIUM
UNCLEAR,"Arrears/outstanding context exists, but no repayment is documented.",2024-09-18,,AOK,,,ARREARS_OR_ENFORCEMENT_NOTICE,00_INBOX - Входящи - Eingang/Accounting_Organized/04_Health_Insurance/10001_09-2024_Brutto_NettoProbe_00051_QZ1__copy2.pdf,ise zur Abrechnung Brutto-Bezüge Betrag Lohnart Bezeichnung Einheit Menge Faktor 3 Prozentsatz St SV GB 4 4 5 Gesamt-Brutto Steuerrechtliche Abzüge Netto-Verdienst Betrag Auszahlungsbetrag SV-rechtliche Abzüge Steuer/Sozialversicherung Netto-Bezüge/Netto-Abzüge St Steuer-Brutto Lohnsteuer Kirchensteuer Solidaritätszuschlag St4 SV4 KV-Brutto RV-Brutto AV-Brutto PV-Brutto KV-Beitrag RV-Beitrag AV-Beitrag PV-Beitrag6 SV,MEDIUM
UNCLEAR,"Arrears/outstanding context exists, but no repayment is documented.",2024-09-18,2024-09,AOK,,,ARREARS_OR_ENFORCEMENT_NOTICE,00_INBOX - Входящи - Eingang/Accounting_Organized/08_Operating_Costs/CarlundCarla_RG424005125.pdf,"kilometer 19% 0,20 € 20,00 € 80 darüber hinaus gefahrene Kilometer 19% 0,20 € 16,00 € Gesamtbetrag 214,00 € enthaltene USt. 19% 34,17 € Nettobetrag 179,83 € Abschlagsbetrag gezahlt am 18.09.2024 -198,00 € Forderungsbetrag 16,00 € Bitte zahle den Forderungsbetrag in Höhe von 16,00 € über folgenden Zahlungslink: https://buchung.carlundcarla.de/buchungbezahlen?n=8a7a8a4d-d793-4c07-8c13-707140e8bbd4 Der Forderungsbetrag ",MEDIUM
UNCLEAR,"Arrears/outstanding context exists, but no repayment is documented.",2024-09-18,2024-09,AOK,,,ARREARS_OR_ENFORCEMENT_NOTICE,00_INBOX - Входящи - Eingang/Accounting_Organized/08_Operating_Costs/CarlundCarla_RG424005125__copy2.pdf,"kilometer 19% 0,20 € 20,00 € 80 darüber hinaus gefahrene Kilometer 19% 0,20 € 16,00 € Gesamtbetrag 214,00 € enthaltene USt. 19% 34,17 € Nettobetrag 179,83 € Abschlagsbetrag gezahlt am 18.09.2024 -198,00 € Forderungsbetrag 16,00 € Bitte zahle den Forderungsbetrag in Höhe von 16,00 € über folgenden Zahlungslink: https://buchung.carlundcarla.de/buchungbezahlen?n=8a7a8a4d-d793-4c07-8c13-707140e8bbd4 Der Forderungsbetrag ",MEDIUM
UNCLEAR,"Arrears/outstanding context exists, but no repayment is documented.",2024-09-18,2024-09,AOK,,,ARREARS_OR_ENFORCEMENT_NOTICE,00_INBOX - Входящи - Eingang/Accounting_Organized/08_Operating_Costs/CarlundCarla_RG424005125__copy3.pdf,"kilometer 19% 0,20 € 20,00 € 80 darüber hinaus gefahrene Kilometer 19% 0,20 € 16,00 € Gesamtbetrag 214,00 € enthaltene USt. 19% 34,17 € Nettobetrag 179,83 € Abschlagsbetrag gezahlt am 18.09.2024 -198,00 € Forderungsbetrag 16,00 € Bitte zahle den Forderungsbetrag in Höhe von 16,00 € über folgenden Zahlungslink: https://buchung.carlundcarla.de/buchungbezahlen?n=8a7a8a4d-d793-4c07-8c13-707140e8bbd4 Der Forderungsbetrag ",MEDIUM
UNCLEAR,"Arrears/outstanding context exists, but no repayment is documented.",2024-09-18,,KKH,,,ARREARS_OR_ENFORCEMENT_NOTICE,00_INBOX - Входящи - Eingang/Accounting/10001_09-2024_Brutto_NettoProbe_00051_QZ1.pdf,ise zur Abrechnung Brutto-Bezüge Betrag Lohnart Bezeichnung Einheit Menge Faktor 3 Prozentsatz St SV GB 4 4 5 Gesamt-Brutto Steuerrechtliche Abzüge Netto-Verdienst Betrag Auszahlungsbetrag SV-rechtliche Abzüge Steuer/Sozialversicherung Netto-Bezüge/Netto-Abzüge St Steuer-Brutto Lohnsteuer Kirchensteuer Solidaritätszuschlag St4 SV4 KV-Brutto RV-Brutto AV-Brutto PV-Brutto KV-Beitrag RV-Beitrag AV-Beitrag PV-Beitrag6 SV,MEDIUM
UNCLEAR,"Arrears/outstanding context exists, but no repayment is documented.",2024-09-18,,KKH,,,ARREARS_OR_ENFORCEMENT_NOTICE,00_INBOX - Входящи - Eingang/Accounting_Organized/02_Payroll/10001_09-2024_Brutto_NettoProbe_00051_QZ1.pdf,ise zur Abrechnung Brutto-Bezüge Betrag Lohnart Bezeichnung Einheit Menge Faktor 3 Prozentsatz St SV GB 4 4 5 Gesamt-Brutto Steuerrechtliche Abzüge Netto-Verdienst Betrag Auszahlungsbetrag SV-rechtliche Abzüge Steuer/Sozialversicherung Netto-Bezüge/Netto-Abzüge St Steuer-Brutto Lohnsteuer Kirchensteuer Solidaritätszuschlag St4 SV4 KV-Brutto RV-Brutto AV-Brutto PV-Brutto KV-Beitrag RV-Beitrag AV-Beitrag PV-Beitrag6 SV,MEDIUM
UNCLEAR,"Arrears/outstanding context exists, but no repayment is documented.",2024-09-18,,KKH,,,ARREARS_OR_ENFORCEMENT_NOTICE,00_INBOX - Входящи - Eingang/Accounting_Organized/04_Health_Insurance/10001_09-2024_Brutto_NettoProbe_00051_QZ1.pdf,ise zur Abrechnung Brutto-Bezüge Betrag Lohnart Bezeichnung Einheit Menge Faktor 3 Prozentsatz St SV GB 4 4 5 Gesamt-Brutto Steuerrechtliche Abzüge Netto-Verdienst Betrag Auszahlungsbetrag SV-rechtliche Abzüge Steuer/Sozialversicherung Netto-Bezüge/Netto-Abzüge St Steuer-Brutto Lohnsteuer Kirchensteuer Solidaritätszuschlag St4 SV4 KV-Brutto RV-Brutto AV-Brutto PV-Brutto KV-Beitrag RV-Beitrag AV-Beitrag PV-Beitrag6 SV,MEDIUM
UNCLEAR,"Arrears/outstanding context exists, but no repayment is documented.",2024-09-18,,KKH,,,ARREARS_OR_ENFORCEMENT_NOTICE,00_INBOX - Входящи - Eingang/Accounting_Organized/04_Health_Insurance/10001_09-2024_Brutto_NettoProbe_00051_QZ1__copy2.pdf,ise zur Abrechnung Brutto-Bezüge Betrag Lohnart Bezeichnung Einheit Menge Faktor 3 Prozentsatz St SV GB 4 4 5 Gesamt-Brutto Steuerrechtliche Abzüge Netto-Verdienst Betrag Auszahlungsbetrag SV-rechtliche Abzüge Steuer/Sozialversicherung Netto-Bezüge/Netto-Abzüge St Steuer-Brutto Lohnsteuer Kirchensteuer Solidaritätszuschlag St4 SV4 KV-Brutto RV-Brutto AV-Brutto PV-Brutto KV-Beitrag RV-Beitrag AV-Beitrag PV-Beitrag6 SV,MEDIUM
UNCLEAR,"Arrears/outstanding context exists, but no repayment is documented.",2024-09-19,2024-09,AOK,,99.00,ARREARS_OR_ENFORCEMENT_NOTICE,00_INBOX - Входящи - Eingang/Accounting/CarlundCarla_RG424005157.pdf,"hte Zusatzkilometer 19% 0,20 € 10,00 € -50 zuviel gebuchte Kilometer 19% 0,20 € -10,00 € Gesamtbetrag 89,00 € enthaltene USt. 19% 14,21 € Nettobetrag 74,79 € Abschlagsbetrag gezahlt am 19.09.2024 -99,00 € Forderungsbetrag -10,00 € Der Restbetrag wird innerhalb der nächsten 7 Tage erstattet. Bei Fragen zu deinen Rechnungen wendest du dich einfach via E-Mail an rechnung@carlundcarla.de. Freundliche Grüße CarlundCarla.d",HIGH
UNCLEAR,"Arrears/outstanding context exists, but no repayment is documented.",2024-09-19,2024-09,AOK,,99.00,ARREARS_OR_ENFORCEMENT_NOTICE,00_INBOX - Входящи - Eingang/Accounting_Organized/08_Operating_Costs/CarlundCarla_RG424005157.pdf,"hte Zusatzkilometer 19% 0,20 € 10,00 € -50 zuviel gebuchte Kilometer 19% 0,20 € -10,00 € Gesamtbetrag 89,00 € enthaltene USt. 19% 14,21 € Nettobetrag 74,79 € Abschlagsbetrag gezahlt am 19.09.2024 -99,00 € Forderungsbetrag -10,00 € Der Restbetrag wird innerhalb der nächsten 7 Tage erstattet. Bei Fragen zu deinen Rechnungen wendest du dich einfach via E-Mail an rechnung@carlundcarla.de. Freundliche Grüße CarlundCarla.d",HIGH
UNCLEAR,"Arrears/outstanding context exists, but no repayment is documented.",2024-09-19,2024-09,AOK,,99.00,ARREARS_OR_ENFORCEMENT_NOTICE,00_INBOX - Входящи - Eingang/Accounting_Organized/08_Operating_Costs/CarlundCarla_RG424005157__copy2.pdf,"hte Zusatzkilometer 19% 0,20 € 10,00 € -50 zuviel gebuchte Kilometer 19% 0,20 € -10,00 € Gesamtbetrag 89,00 € enthaltene USt. 19% 14,21 € Nettobetrag 74,79 € Abschlagsbetrag gezahlt am 19.09.2024 -99,00 € Forderungsbetrag -10,00 € Der Restbetrag wird innerhalb der nächsten 7 Tage erstattet. Bei Fragen zu deinen Rechnungen wendest du dich einfach via E-Mail an rechnung@carlundcarla.de. Freundliche Grüße CarlundCarla.d",HIGH
UNCLEAR,"Arrears/outstanding context exists, but no repayment is documented.",2024-09-19,2024-09,AOK,,99.00,ARREARS_OR_ENFORCEMENT_NOTICE,00_INBOX - Входящи - Eingang/Accounting_Organized/08_Operating_Costs/CarlundCarla_RG424005157__copy3.pdf,"hte Zusatzkilometer 19% 0,20 € 10,00 € -50 zuviel gebuchte Kilometer 19% 0,20 € -10,00 € Gesamtbetrag 89,00 € enthaltene USt. 19% 14,21 € Nettobetrag 74,79 € Abschlagsbetrag gezahlt am 19.09.2024 -99,00 € Forderungsbetrag -10,00 € Der Restbetrag wird innerhalb der nächsten 7 Tage erstattet. Bei Fragen zu deinen Rechnungen wendest du dich einfach via E-Mail an rechnung@carlundcarla.de. Freundliche Grüße CarlundCarla.d",HIGH
UNCLEAR,"Arrears/outstanding context exists, but no repayment is documented.",2024-10-09,,AOK Hessen,,,ARREARS_OR_ENFORCEMENT_NOTICE,00_INBOX - Входящи - Eingang/Accounting/10001_09-2024_DivAuswertungen_DivMitarbeiter_QZ1.pdf,eise zur Abrechnung Brutto-Bezüge Betrag Lohnart Bezeichnung Einheit Menge Faktor3 Prozentsatz St SV GB 4 4 5 Gesamt-Brutto Steuerrechtliche Abzüge Netto-Verdienst Betrag Auszahlungsbetrag SV-rechtliche Abzüge Steuer/Sozialversicherung Netto-Bezüge/Netto-Abzüge St Steuer-Brutto Lohnsteuer Kirchensteuer Solidaritätszuschlag St4 SV4 KV-Brutto RV-Brutto AV-Brutto PV-Brutto KV-Beitrag RV-Beitrag AV-Beitrag PV-Beitrag6 SV,MEDIUM
UNCLEAR,"Arrears/outstanding context exists, but no repayment is documented.",2024-10-09,,AOK Hessen,,,ARREARS_OR_ENFORCEMENT_NOTICE,00_INBOX - Входящи - Eingang/Accounting_Organized/02_Payroll/10001_09-2024_DivAuswertungen_DivMitarbeiter_QZ1.pdf,eise zur Abrechnung Brutto-Bezüge Betrag Lohnart Bezeichnung Einheit Menge Faktor3 Prozentsatz St SV GB 4 4 5 Gesamt-Brutto Steuerrechtliche Abzüge Netto-Verdienst Betrag Auszahlungsbetrag SV-rechtliche Abzüge Steuer/Sozialversicherung Netto-Bezüge/Netto-Abzüge St Steuer-Brutto Lohnsteuer Kirchensteuer Solidaritätszuschlag St4 SV4 KV-Brutto RV-Brutto AV-Brutto PV-Brutto KV-Beitrag RV-Beitrag AV-Beitrag PV-Beitrag6 SV,MEDIUM
UNCLEAR,"Arrears/outstanding context exists, but no repayment is documented.",2024-10-09,,AOK Hessen,,,ARREARS_OR_ENFORCEMENT_NOTICE,00_INBOX - Входящи - Eingang/Accounting_Organized/02_Payroll/10001_09-2024_DivAuswertungen_DivMitarbeiter_QZ1__copy2.pdf,eise zur Abrechnung Brutto-Bezüge Betrag Lohnart Bezeichnung Einheit Menge Faktor3 Prozentsatz St SV GB 4 4 5 Gesamt-Brutto Steuerrechtliche Abzüge Netto-Verdienst Betrag Auszahlungsbetrag SV-rechtliche Abzüge Steuer/Sozialversicherung Netto-Bezüge/Netto-Abzüge St Steuer-Brutto Lohnsteuer Kirchensteuer Solidaritätszuschlag St4 SV4 KV-Brutto RV-Brutto AV-Brutto PV-Brutto KV-Beitrag RV-Beitrag AV-Beitrag PV-Beitrag6 SV,MEDIUM
UNCLEAR,"Arrears/outstanding context exists, but no repayment is documented.",2024-10-09,,AOK Hessen,,,ARREARS_OR_ENFORCEMENT_NOTICE,00_INBOX - Входящи - Eingang/Accounting_Organized/13_Unknown_To_Review/10001_09-2024_DivAuswertungen_DivMitarbeiter_QZ1.pdf,eise zur Abrechnung Brutto-Bezüge Betrag Lohnart Bezeichnung Einheit Menge Faktor3 Prozentsatz St SV GB 4 4 5 Gesamt-Brutto Steuerrechtliche Abzüge Netto-Verdienst Betrag Auszahlungsbetrag SV-rechtliche Abzüge Steuer/Sozialversicherung Netto-Bezüge/Netto-Abzüge St Steuer-Brutto Lohnsteuer Kirchensteuer Solidaritätszuschlag St4 SV4 KV-Brutto RV-Brutto AV-Brutto PV-Brutto KV-Beitrag RV-Beitrag AV-Beitrag PV-Beitrag6 SV,MEDIUM
UNCLEAR,"Arrears/outstanding context exists, but no repayment is documented.",2024-10-09,,KKH,,,ARREARS_OR_ENFORCEMENT_NOTICE,00_INBOX - Входящи - Eingang/Accounting/10001_09-2024_DivAuswertungen_DivMitarbeiter_QZ1.pdf,eise zur Abrechnung Brutto-Bezüge Betrag Lohnart Bezeichnung Einheit Menge Faktor3 Prozentsatz St SV GB 4 4 5 Gesamt-Brutto Steuerrechtliche Abzüge Netto-Verdienst Betrag Auszahlungsbetrag SV-rechtliche Abzüge Steuer/Sozialversicherung Netto-Bezüge/Netto-Abzüge St Steuer-Brutto Lohnsteuer Kirchensteuer Solidaritätszuschlag St4 SV4 KV-Brutto RV-Brutto AV-Brutto PV-Brutto KV-Beitrag RV-Beitrag AV-Beitrag PV-Beitrag6 SV,MEDIUM
UNCLEAR,"Arrears/outstanding context exists, but no repayment is documented.",2024-10-09,,KKH,,,ARREARS_OR_ENFORCEMENT_NOTICE,00_INBOX - Входящи - Eingang/Accounting_Organized/02_Payroll/10001_09-2024_DivAuswertungen_DivMitarbeiter_QZ1.pdf,eise zur Abrechnung Brutto-Bezüge Betrag Lohnart Bezeichnung Einheit Menge Faktor3 Prozentsatz St SV GB 4 4 5 Gesamt-Brutto Steuerrechtliche Abzüge Netto-Verdienst Betrag Auszahlungsbetrag SV-rechtliche Abzüge Steuer/Sozialversicherung Netto-Bezüge/Netto-Abzüge St Steuer-Brutto Lohnsteuer Kirchensteuer Solidaritätszuschlag St4 SV4 KV-Brutto RV-Brutto AV-Brutto PV-Brutto KV-Beitrag RV-Beitrag AV-Beitrag PV-Beitrag6 SV,MEDIUM
UNCLEAR,"Arrears/outstanding context exists, but no repayment is documented.",2024-10-09,,KKH,,,ARREARS_OR_ENFORCEMENT_NOTICE,00_INBOX - Входящи - Eingang/Accounting_Organized/02_Payroll/10001_09-2024_DivAuswertungen_DivMitarbeiter_QZ1__copy2.pdf,eise zur Abrechnung Brutto-Bezüge Betrag Lohnart Bezeichnung Einheit Menge Faktor3 Prozentsatz St SV GB 4 4 5 Gesamt-Brutto Steuerrechtliche Abzüge Netto-Verdienst Betrag Auszahlungsbetrag SV-rechtliche Abzüge Steuer/Sozialversicherung Netto-Bezüge/Netto-Abzüge St Steuer-Brutto Lohnsteuer Kirchensteuer Solidaritätszuschlag St4 SV4 KV-Brutto RV-Brutto AV-Brutto PV-Brutto KV-Beitrag RV-Beitrag AV-Beitrag PV-Beitrag6 SV,MEDIUM
UNCLEAR,"Arrears/outstanding context exists, but no repayment is documented.",2024-10-09,,KKH,,,ARREARS_OR_ENFORCEMENT_NOTICE,00_INBOX - Входящи - Eingang/Accounting_Organized/13_Unknown_To_Review/10001_09-2024_DivAuswertungen_DivMitarbeiter_QZ1.pdf,eise zur Abrechnung Brutto-Bezüge Betrag Lohnart Bezeichnung Einheit Menge Faktor3 Prozentsatz St SV GB 4 4 5 Gesamt-Brutto Steuerrechtliche Abzüge Netto-Verdienst Betrag Auszahlungsbetrag SV-rechtliche Abzüge Steuer/Sozialversicherung Netto-Bezüge/Netto-Abzüge St Steuer-Brutto Lohnsteuer Kirchensteuer Solidaritätszuschlag St4 SV4 KV-Brutto RV-Brutto AV-Brutto PV-Brutto KV-Beitrag RV-Beitrag AV-Beitrag PV-Beitrag6 SV,MEDIUM
UNCLEAR,"Arrears/outstanding context exists, but no repayment is documented.",2024-10-10,,AOK,,,ARREARS_OR_ENFORCEMENT_NOTICE,00_INBOX - Входящи - Eingang/Accounting/10001_09-2024_Brutto_NettoProbe_00107_QZ1.pdf,ise zur Abrechnung Brutto-Bezüge Betrag Lohnart Bezeichnung Einheit Menge Faktor 3 Prozentsatz St SV GB 4 4 5 Gesamt-Brutto Steuerrechtliche Abzüge Netto-Verdienst Betrag Auszahlungsbetrag SV-rechtliche Abzüge Steuer/Sozialversicherung Netto-Bezüge/Netto-Abzüge St Steuer-Brutto Lohnsteuer Kirchensteuer Solidaritätszuschlag St4 SV4 KV-Brutto RV-Brutto AV-Brutto PV-Brutto KV-Beitrag RV-Beitrag AV-Beitrag PV-Beitrag6 SV,MEDIUM
UNCLEAR,"Arrears/outstanding context exists, but no repayment is documented.",2024-10-10,,AOK,,,ARREARS_OR_ENFORCEMENT_NOTICE,00_INBOX - Входящи - Eingang/Accounting_Organized/02_Payroll/10001_09-2024_Brutto_NettoProbe_00107_QZ1.pdf,ise zur Abrechnung Brutto-Bezüge Betrag Lohnart Bezeichnung Einheit Menge Faktor 3 Prozentsatz St SV GB 4 4 5 Gesamt-Brutto Steuerrechtliche Abzüge Netto-Verdienst Betrag Auszahlungsbetrag SV-rechtliche Abzüge Steuer/Sozialversicherung Netto-Bezüge/Netto-Abzüge St Steuer-Brutto Lohnsteuer Kirchensteuer Solidaritätszuschlag St4 SV4 KV-Brutto RV-Brutto AV-Brutto PV-Brutto KV-Beitrag RV-Beitrag AV-Beitrag PV-Beitrag6 SV,MEDIUM
UNCLEAR,"Arrears/outstanding context exists, but no repayment is documented.",2024-10-10,,AOK,,,ARREARS_OR_ENFORCEMENT_NOTICE,00_INBOX - Входящи - Eingang/Accounting_Organized/04_Health_Insurance/10001_09-2024_Brutto_NettoProbe_00107_QZ1.pdf,ise zur Abrechnung Brutto-Bezüge Betrag Lohnart Bezeichnung Einheit Menge Faktor 3 Prozentsatz St SV GB 4 4 5 Gesamt-Brutto Steuerrechtliche Abzüge Netto-Verdienst Betrag Auszahlungsbetrag SV-rechtliche Abzüge Steuer/Sozialversicherung Netto-Bezüge/Netto-Abzüge St Steuer-Brutto Lohnsteuer Kirchensteuer Solidaritätszuschlag St4 SV4 KV-Brutto RV-Brutto AV-Brutto PV-Brutto KV-Beitrag RV-Beitrag AV-Beitrag PV-Beitrag6 SV,MEDIUM
UNCLEAR,"Arrears/outstanding context exists, but no repayment is documented.",2024-10-10,,AOK,,,ARREARS_OR_ENFORCEMENT_NOTICE,00_INBOX - Входящи - Eingang/Accounting_Organized/04_Health_Insurance/10001_09-2024_Brutto_NettoProbe_00107_QZ1__copy2.pdf,ise zur Abrechnung Brutto-Bezüge Betrag Lohnart Bezeichnung Einheit Menge Faktor 3 Prozentsatz St SV GB 4 4 5 Gesamt-Brutto Steuerrechtliche Abzüge Netto-Verdienst Betrag Auszahlungsbetrag SV-rechtliche Abzüge Steuer/Sozialversicherung Netto-Bezüge/Netto-Abzüge St Steuer-Brutto Lohnsteuer Kirchensteuer Solidaritätszuschlag St4 SV4 KV-Brutto RV-Brutto AV-Brutto PV-Brutto KV-Beitrag RV-Beitrag AV-Beitrag PV-Beitrag6 SV,MEDIUM
UNCLEAR,"Arrears/outstanding context exists, but no repayment is documented.",2024-10-10,2024-09,AOK,,877798.83,PAYMENT_EVIDENCE_OR_PAYMENT_LIST,00_INBOX - Входящи - Eingang/Accounting/2024/Entgeltbescheinigungen 09-2024.pdf,"Usti Nad Labem 27 1 09119 Chemnitz Übersicht Zahlungen im September 2024 Empfänger PLZ Ort Zahlart Verwendungszweck Betrag AOK Bayern Die Gesundheitsk 81739 München Keine Überw. 89878877 798,83- AOK Hessen 61281 Bad Homburg Überweisung 89878877 1.244,22 AOK PLUS 01058 Dresden Bar/Einzug 89878877",HIGH
UNCLEAR,"Arrears/outstanding context exists, but no repayment is documented.",2024-10-10,2024-09,AOK,,877798.83,PAYMENT_EVIDENCE_OR_PAYMENT_LIST,00_INBOX - Входящи - Eingang/Accounting/ihrelohnauswertungen(1)/Lohnauswertungen.pdf,"Usti Nad Labem 27 1 09119 Chemnitz Übersicht Zahlungen im September 2024 Empfänger PLZ Ort Zahlart Verwendungszweck Betrag AOK Bayern Die Gesundheitsk 81739 München Keine Überw. 89878877 798,83- AOK Hessen 61281 Bad Homburg Überweisung 89878877 1.244,22 AOK PLUS 01058 Dresden Bar/Einzug 89878877",HIGH
UNCLEAR,"Arrears/outstanding context exists, but no repayment is documented.",2024-10-10,2024-09,AOK,,877798.83,PAYMENT_EVIDENCE_OR_PAYMENT_LIST,00_INBOX - Входящи - Eingang/Accounting_Organized/03_Employee_Payslips/Entgeltbescheinigungen 09-2024.pdf,"Usti Nad Labem 27 1 09119 Chemnitz Übersicht Zahlungen im September 2024 Empfänger PLZ Ort Zahlart Verwendungszweck Betrag AOK Bayern Die Gesundheitsk 81739 München Keine Überw. 89878877 798,83- AOK Hessen 61281 Bad Homburg Überweisung 89878877 1.244,22 AOK PLUS 01058 Dresden Bar/Einzug 89878877",HIGH
UNCLEAR,"Arrears/outstanding context exists, but no repayment is documented.",2024-10-10,2024-09,AOK,,877798.83,PAYMENT_EVIDENCE_OR_PAYMENT_LIST,00_INBOX - Входящи - Eingang/Accounting_Organized/03_Employee_Payslips/Entgeltbescheinigungen 09-2024__copy2.pdf,"Usti Nad Labem 27 1 09119 Chemnitz Übersicht Zahlungen im September 2024 Empfänger PLZ Ort Zahlart Verwendungszweck Betrag AOK Bayern Die Gesundheitsk 81739 München Keine Überw. 89878877 798,83- AOK Hessen 61281 Bad Homburg Überweisung 89878877 1.244,22 AOK PLUS 01058 Dresden Bar/Einzug 89878877",HIGH
UNCLEAR,"Arrears/outstanding context exists, but no repayment is documented.",2024-10-10,2024-09,AOK,,877798.83,PAYMENT_EVIDENCE_OR_PAYMENT_LIST,00_INBOX - Входящи - Eingang/Accounting_Organized/03_Employee_Payslips/Entgeltbescheinigungen 09-2024__copy3.pdf,"Usti Nad Labem 27 1 09119 Chemnitz Übersicht Zahlungen im September 2024 Empfänger PLZ Ort Zahlart Verwendungszweck Betrag AOK Bayern Die Gesundheitsk 81739 München Keine Überw. 89878877 798,83- AOK Hessen 61281 Bad Homburg Überweisung 89878877 1.244,22 AOK PLUS 01058 Dresden Bar/Einzug 89878877",HIGH
UNCLEAR,"Arrears/outstanding context exists, but no repayment is documented.",2024-10-10,2024-09,AOK,,877798.83,PAYMENT_EVIDENCE_OR_PAYMENT_LIST,00_INBOX - Входящи - Eingang/Accounting_Organized/14_Duplicates/Lohnauswertungen__copy2.pdf,"Usti Nad Labem 27 1 09119 Chemnitz Übersicht Zahlungen im September 2024 Empfänger PLZ Ort Zahlart Verwendungszweck Betrag AOK Bayern Die Gesundheitsk 81739 München Keine Überw. 89878877 798,83- AOK Hessen 61281 Bad Homburg Überweisung 89878877 1.244,22 AOK PLUS 01058 Dresden Bar/Einzug 89878877",HIGH
UNCLEAR,"Arrears/outstanding context exists, but no repayment is documented.",2024-10-10,2024-09,AOK,,877798.83,PAYMENT_EVIDENCE_OR_PAYMENT_LIST,00_INBOX - Входящи - Eingang/Accounting_Organized/14_Duplicates/Lohnauswertungen__copy20.pdf,"Usti Nad Labem 27 1 09119 Chemnitz Übersicht Zahlungen im September 2024 Empfänger PLZ Ort Zahlart Verwendungszweck Betrag AOK Bayern Die Gesundheitsk 81739 München Keine Überw. 89878877 798,83- AOK Hessen 61281 Bad Homburg Überweisung 89878877 1.244,22 AOK PLUS 01058 Dresden Bar/Einzug 89878877",HIGH
UNCLEAR,"Arrears/outstanding context exists, but no repayment is documented.",2024-10-10,2024-09,AOK,,877798.83,PAYMENT_EVIDENCE_OR_PAYMENT_LIST,00_INBOX - Входящи - Eingang/Accounting_Organized/14_Duplicates/Lohnauswertungen__copy38.pdf,"Usti Nad Labem 27 1 09119 Chemnitz Übersicht Zahlungen im September 2024 Empfänger PLZ Ort Zahlart Verwendungszweck Betrag AOK Bayern Die Gesundheitsk 81739 München Keine Überw. 89878877 798,83- AOK Hessen 61281 Bad Homburg Überweisung 89878877 1.244,22 AOK PLUS 01058 Dresden Bar/Einzug 89878877",HIGH
UNCLEAR,"Arrears/outstanding context exists, but no repayment is documented.",2024-10-10,,KKH,,,ARREARS_OR_ENFORCEMENT_NOTICE,00_INBOX - Входящи - Eingang/Accounting/10001_09-2024_Brutto_NettoProbe_00107_QZ1.pdf,ise zur Abrechnung Brutto-Bezüge Betrag Lohnart Bezeichnung Einheit Menge Faktor 3 Prozentsatz St SV GB 4 4 5 Gesamt-Brutto Steuerrechtliche Abzüge Netto-Verdienst Betrag Auszahlungsbetrag SV-rechtliche Abzüge Steuer/Sozialversicherung Netto-Bezüge/Netto-Abzüge St Steuer-Brutto Lohnsteuer Kirchensteuer Solidaritätszuschlag St4 SV4 KV-Brutto RV-Brutto AV-Brutto PV-Brutto KV-Beitrag RV-Beitrag AV-Beitrag PV-Beitrag6 SV,MEDIUM
UNCLEAR,"Arrears/outstanding context exists, but no repayment is documented.",2024-10-10,,KKH,,,ARREARS_OR_ENFORCEMENT_NOTICE,00_INBOX - Входящи - Eingang/Accounting_Organized/02_Payroll/10001_09-2024_Brutto_NettoProbe_00107_QZ1.pdf,ise zur Abrechnung Brutto-Bezüge Betrag Lohnart Bezeichnung Einheit Menge Faktor 3 Prozentsatz St SV GB 4 4 5 Gesamt-Brutto Steuerrechtliche Abzüge Netto-Verdienst Betrag Auszahlungsbetrag SV-rechtliche Abzüge Steuer/Sozialversicherung Netto-Bezüge/Netto-Abzüge St Steuer-Brutto Lohnsteuer Kirchensteuer Solidaritätszuschlag St4 SV4 KV-Brutto RV-Brutto AV-Brutto PV-Brutto KV-Beitrag RV-Beitrag AV-Beitrag PV-Beitrag6 SV,MEDIUM
UNCLEAR,"Arrears/outstanding context exists, but no repayment is documented.",2024-10-10,,KKH,,,ARREARS_OR_ENFORCEMENT_NOTICE,00_INBOX - Входящи - Eingang/Accounting_Organized/04_Health_Insurance/10001_09-2024_Brutto_NettoProbe_00107_QZ1.pdf,ise zur Abrechnung Brutto-Bezüge Betrag Lohnart Bezeichnung Einheit Menge Faktor 3 Prozentsatz St SV GB 4 4 5 Gesamt-Brutto Steuerrechtliche Abzüge Netto-Verdienst Betrag Auszahlungsbetrag SV-rechtliche Abzüge Steuer/Sozialversicherung Netto-Bezüge/Netto-Abzüge St Steuer-Brutto Lohnsteuer Kirchensteuer Solidaritätszuschlag St4 SV4 KV-Brutto RV-Brutto AV-Brutto PV-Brutto KV-Beitrag RV-Beitrag AV-Beitrag PV-Beitrag6 SV,MEDIUM
UNCLEAR,"Arrears/outstanding context exists, but no repayment is documented.",2024-10-10,,KKH,,,ARREARS_OR_ENFORCEMENT_NOTICE,00_INBOX - Входящи - Eingang/Accounting_Organized/04_Health_Insurance/10001_09-2024_Brutto_NettoProbe_00107_QZ1__copy2.pdf,ise zur Abrechnung Brutto-Bezüge Betrag Lohnart Bezeichnung Einheit Menge Faktor 3 Prozentsatz St SV GB 4 4 5 Gesamt-Brutto Steuerrechtliche Abzüge Netto-Verdienst Betrag Auszahlungsbetrag SV-rechtliche Abzüge Steuer/Sozialversicherung Netto-Bezüge/Netto-Abzüge St Steuer-Brutto Lohnsteuer Kirchensteuer Solidaritätszuschlag St4 SV4 KV-Brutto RV-Brutto AV-Brutto PV-Brutto KV-Beitrag RV-Beitrag AV-Beitrag PV-Beitrag6 SV,MEDIUM
UNCLEAR,"Arrears/outstanding context exists, but no repayment is documented.",2024-10-30,2024-10,AOK,,,ARREARS_OR_ENFORCEMENT_NOTICE,"00_INBOX - Входящи - Eingang/Accounting/accountings092024/44458 - Rechnung 241068_2024 vom 30.10.2024, Aufträge 31_24, 33_24, 34_24, Mandant 42303.pdf","daten 175,00 EUR AN September/2024 7 15,00 EUR Abmeldung eines Arbeitnehmers nach § 25 DEÜV 105,00 EUR AN September/2024 5 15,00 EUR Erstellen eines Antrags auf Lohnfortzahlungserstattung Requests of reimbursement of wages for the health insurances 75,00 EUR AN September/2024 Seite 1 Übertrag 1.942,20 EUR [[page 2]] Mandantennummer: 42303 Rechnungsnummer: 241068 Rechnungsjahr: 2024 Übertrag 1.942,20 EUR Bezeichnung §",MEDIUM
UNCLEAR,"Arrears/outstanding context exists, but no repayment is documented.",2024-10-30,2024-10,AOK,,,ARREARS_OR_ENFORCEMENT_NOTICE,"00_INBOX - Входящи - Eingang/Accounting_Organized/01_Accountant_Emails/44458 - Rechnung 241068_2024 vom 30.10.2024, Aufträge 31_24, 33_24, 34_24, Mandant 42303.pdf","daten 175,00 EUR AN September/2024 7 15,00 EUR Abmeldung eines Arbeitnehmers nach § 25 DEÜV 105,00 EUR AN September/2024 5 15,00 EUR Erstellen eines Antrags auf Lohnfortzahlungserstattung Requests of reimbursement of wages for the health insurances 75,00 EUR AN September/2024 Seite 1 Übertrag 1.942,20 EUR [[page 2]] Mandantennummer: 42303 Rechnungsnummer: 241068 Rechnungsjahr: 2024 Übertrag 1.942,20 EUR Bezeichnung §",MEDIUM
UNCLEAR,"Arrears/outstanding context exists, but no repayment is documented.",2024-10-30,2024-10,AOK,,,ARREARS_OR_ENFORCEMENT_NOTICE,"00_INBOX - Входящи - Eingang/Accounting_Organized/08_Operating_Costs/44458 - Rechnung 241068_2024 vom 30.10.2024, Aufträge 31_24, 33_24, 34_24, Mandant 42303.pdf","daten 175,00 EUR AN September/2024 7 15,00 EUR Abmeldung eines Arbeitnehmers nach § 25 DEÜV 105,00 EUR AN September/2024 5 15,00 EUR Erstellen eines Antrags auf Lohnfortzahlungserstattung Requests of reimbursement of wages for the health insurances 75,00 EUR AN September/2024 Seite 1 Übertrag 1.942,20 EUR [[page 2]] Mandantennummer: 42303 Rechnungsnummer: 241068 Rechnungsjahr: 2024 Übertrag 1.942,20 EUR Bezeichnung §",MEDIUM
UNCLEAR,"Arrears/outstanding context exists, but no repayment is documented.",2024-10-30,2024-10,AOK,,,ARREARS_OR_ENFORCEMENT_NOTICE,"00_INBOX - Входящи - Eingang/Accounting_Organized/08_Operating_Costs/44458 - Rechnung 241068_2024 vom 30.10.2024, Aufträge 31_24, 33_24, 34_24, Mandant 42303__copy2.pdf","daten 175,00 EUR AN September/2024 7 15,00 EUR Abmeldung eines Arbeitnehmers nach § 25 DEÜV 105,00 EUR AN September/2024 5 15,00 EUR Erstellen eines Antrags auf Lohnfortzahlungserstattung Requests of reimbursement of wages for the health insurances 75,00 EUR AN September/2024 Seite 1 Übertrag 1.942,20 EUR [[page 2]] Mandantennummer: 42303 Rechnungsnummer: 241068 Rechnungsjahr: 2024 Übertrag 1.942,20 EUR Bezeichnung §",MEDIUM
NORMAL_MONTHLY_PAYMENT,Payment amount exists but no arrears context is stated.,,2024-11,AOK Plus,1165.16,,HEALTH_INSURANCE_EXTRACTED_ROW,00_INBOX - Входящи - Eingang/Accounting_Organized/02_Payroll/Lohnauswertungen_Oktober_2024.pdf,"bezahlter Urlaub 2000 Gehalt L L J 1.165,16",HIGH
NORMAL_MONTHLY_PAYMENT,Payment amount exists but no arrears context is stated.,2024-11-01,2024-11,AOK,510.12,,PAYMENT_EVIDENCE_OR_PAYMENT_LIST,00_INBOX - Входящи - Eingang/Accounting/Favorit MP Martin Zahariev _4026904_vom_01.11.2024.pdf,"Pro Monatliche Gebühren PRO 33 19 10,99 362,67 2 Wegfahrsperre All in Wegfahrsperre All in 33 19 2,00 66,00 428,67 Zwischensumme 19 % USt. auf € 428,67 81,45 Endbetrag 510,12 Per SEPA-Lastschrift wird der Rechnungsbetrag von 510,12 € zum Mandat 104670000001 zu der Gläubiger-Id DE45ZZZ00002191456 von Ihrem Konto DE95100100100925729109 bei der Postbank Ndl Deutsche Bank, PBNKDEFFXXX, zum Fälligkeitstag 15.11.2024 abgeb",HIGH
NORMAL_MONTHLY_PAYMENT,Payment amount exists but no arrears context is stated.,2024-11-01,2024-11,AOK,510.12,,PAYMENT_EVIDENCE_OR_PAYMENT_LIST,00_INBOX - Входящи - Eingang/Accounting_Organized/06_Bank_Payments/Favorit MP Martin Zahariev _4026904_vom_01.11.2024.pdf,"Pro Monatliche Gebühren PRO 33 19 10,99 362,67 2 Wegfahrsperre All in Wegfahrsperre All in 33 19 2,00 66,00 428,67 Zwischensumme 19 % USt. auf € 428,67 81,45 Endbetrag 510,12 Per SEPA-Lastschrift wird der Rechnungsbetrag von 510,12 € zum Mandat 104670000001 zu der Gläubiger-Id DE45ZZZ00002191456 von Ihrem Konto DE95100100100925729109 bei der Postbank Ndl Deutsche Bank, PBNKDEFFXXX, zum Fälligkeitstag 15.11.2024 abgeb",HIGH
NORMAL_MONTHLY_PAYMENT,Payment amount exists but no arrears context is stated.,2024-11-01,2024-11,AOK,510.12,,PAYMENT_EVIDENCE_OR_PAYMENT_LIST,00_INBOX - Входящи - Eingang/Accounting_Organized/06_Bank_Payments/Favorit MP Martin Zahariev _4026904_vom_01.11.2024__copy2.pdf,"Pro Monatliche Gebühren PRO 33 19 10,99 362,67 2 Wegfahrsperre All in Wegfahrsperre All in 33 19 2,00 66,00 428,67 Zwischensumme 19 % USt. auf € 428,67 81,45 Endbetrag 510,12 Per SEPA-Lastschrift wird der Rechnungsbetrag von 510,12 € zum Mandat 104670000001 zu der Gläubiger-Id DE45ZZZ00002191456 von Ihrem Konto DE95100100100925729109 bei der Postbank Ndl Deutsche Bank, PBNKDEFFXXX, zum Fälligkeitstag 15.11.2024 abgeb",HIGH
NORMAL_MONTHLY_PAYMENT,Payment amount exists but no arrears context is stated.,2024-11-01,2024-11,AOK,510.12,,PAYMENT_EVIDENCE_OR_PAYMENT_LIST,00_INBOX - Входящи - Eingang/Accounting_Organized/11_Contribution_Lists/Favorit MP Martin Zahariev _4026904_vom_01.11.2024.pdf,"Pro Monatliche Gebühren PRO 33 19 10,99 362,67 2 Wegfahrsperre All in Wegfahrsperre All in 33 19 2,00 66,00 428,67 Zwischensumme 19 % USt. auf € 428,67 81,45 Endbetrag 510,12 Per SEPA-Lastschrift wird der Rechnungsbetrag von 510,12 € zum Mandat 104670000001 zu der Gläubiger-Id DE45ZZZ00002191456 von Ihrem Konto DE95100100100925729109 bei der Postbank Ndl Deutsche Bank, PBNKDEFFXXX, zum Fälligkeitstag 15.11.2024 abgeb",HIGH
UNCLEAR,"Arrears/outstanding context exists, but no repayment is documented.",2024-11-07,2024-10,AOK Hessen,,,ARREARS_OR_ENFORCEMENT_NOTICE,00_INBOX - Входящи - Eingang/Accounting/Lohnauswertungen_Oktober_2024.pdf,"9798/10001/00006 für Oktober 2024 07.11.2024 1 00006 101077 1 30 12101077S175 AOK Hessen 162 101 1111 1 30 021018 92316524205 AZK-Std. 2000 Gehalt L L J 2.829,06 2.829,06 L 2.82906 28216 282,16 L 2.82906 2.82906 2.82906 2.82906 22",MEDIUM
UNCLEAR,"Arrears/outstanding context exists, but no repayment is documented.",2024-11-07,2024-10,AOK Hessen,,,ARREARS_OR_ENFORCEMENT_NOTICE,00_INBOX - Входящи - Eingang/Accounting_Organized/02_Payroll/Lohnauswertungen_Oktober_2024.pdf,"9798/10001/00006 für Oktober 2024 07.11.2024 1 00006 101077 1 30 12101077S175 AOK Hessen 162 101 1111 1 30 021018 92316524205 AZK-Std. 2000 Gehalt L L J 2.829,06 2.829,06 L 2.82906 28216 282,16 L 2.82906 2.82906 2.82906 2.82906 22",MEDIUM
UNCLEAR,"Arrears/outstanding context exists, but no repayment is documented.",2024-11-07,2024-10,AOK Hessen,,,ARREARS_OR_ENFORCEMENT_NOTICE,00_INBOX - Входящи - Eingang/Accounting_Organized/02_Payroll/Lohnauswertungen_Oktober_2024__copy2.pdf,"9798/10001/00006 für Oktober 2024 07.11.2024 1 00006 101077 1 30 12101077S175 AOK Hessen 162 101 1111 1 30 021018 92316524205 AZK-Std. 2000 Gehalt L L J 2.829,06 2.829,06 L 2.82906 28216 282,16 L 2.82906 2.82906 2.82906 2.82906 22",MEDIUM
UNCLEAR,"Arrears/outstanding context exists, but no repayment is documented.",2024-11-07,2024-10,AOK Hessen,,,ARREARS_OR_ENFORCEMENT_NOTICE,00_INBOX - Входящи - Eingang/Accounting_Organized/13_Unknown_To_Review/Lohnauswertungen_Oktober_2024.pdf,"9798/10001/00006 für Oktober 2024 07.11.2024 1 00006 101077 1 30 12101077S175 AOK Hessen 162 101 1111 1 30 021018 92316524205 AZK-Std. 2000 Gehalt L L J 2.829,06 2.829,06 L 2.82906 28216 282,16 L 2.82906 2.82906 2.82906 2.82906 22",MEDIUM
UNCLEAR,"Arrears/outstanding context exists, but no repayment is documented.",2024-11-07,2024-10,BKK Linde,,,ARREARS_OR_ENFORCEMENT_NOTICE,00_INBOX - Входящи - Eingang/Accounting/Lohnauswertungen_Oktober_2024.pdf,"9798/10001/00006 für Oktober 2024 07.11.2024 1 00006 101077 1 30 12101077S175 AOK Hessen 162 101 1111 1 30 021018 92316524205 AZK-Std. 2000 Gehalt L L J 2.829,06 2.829,06 L 2.82906 28216 282,16 L 2.82906 2.82906 2.82906 2.82906 22",MEDIUM
UNCLEAR,"Arrears/outstanding context exists, but no repayment is documented.",2024-11-07,2024-10,BKK Linde,,,ARREARS_OR_ENFORCEMENT_NOTICE,00_INBOX - Входящи - Eingang/Accounting_Organized/02_Payroll/Lohnauswertungen_Oktober_2024.pdf,"9798/10001/00006 für Oktober 2024 07.11.2024 1 00006 101077 1 30 12101077S175 AOK Hessen 162 101 1111 1 30 021018 92316524205 AZK-Std. 2000 Gehalt L L J 2.829,06 2.829,06 L 2.82906 28216 282,16 L 2.82906 2.82906 2.82906 2.82906 22",MEDIUM
UNCLEAR,"Arrears/outstanding context exists, but no repayment is documented.",2024-11-07,2024-10,BKK Linde,,,ARREARS_OR_ENFORCEMENT_NOTICE,00_INBOX - Входящи - Eingang/Accounting_Organized/02_Payroll/Lohnauswertungen_Oktober_2024__copy2.pdf,"9798/10001/00006 für Oktober 2024 07.11.2024 1 00006 101077 1 30 12101077S175 AOK Hessen 162 101 1111 1 30 021018 92316524205 AZK-Std. 2000 Gehalt L L J 2.829,06 2.829,06 L 2.82906 28216 282,16 L 2.82906 2.82906 2.82906 2.82906 22",MEDIUM
UNCLEAR,"Arrears/outstanding context exists, but no repayment is documented.",2024-11-07,2024-10,BKK Linde,,,ARREARS_OR_ENFORCEMENT_NOTICE,00_INBOX - Входящи - Eingang/Accounting_Organized/13_Unknown_To_Review/Lohnauswertungen_Oktober_2024.pdf,"9798/10001/00006 für Oktober 2024 07.11.2024 1 00006 101077 1 30 12101077S175 AOK Hessen 162 101 1111 1 30 021018 92316524205 AZK-Std. 2000 Gehalt L L J 2.829,06 2.829,06 L 2.82906 28216 282,16 L 2.82906 2.82906 2.82906 2.82906 22",MEDIUM
UNCLEAR,"Arrears/outstanding context exists, but no repayment is documented.",2024-11-07,2024-10,KKH,,,ARREARS_OR_ENFORCEMENT_NOTICE,00_INBOX - Входящи - Eingang/Accounting/Lohnauswertungen_Oktober_2024.pdf,"9798/10001/00006 für Oktober 2024 07.11.2024 1 00006 101077 1 30 12101077S175 AOK Hessen 162 101 1111 1 30 021018 92316524205 AZK-Std. 2000 Gehalt L L J 2.829,06 2.829,06 L 2.82906 28216 282,16 L 2.82906 2.82906 2.82906 2.82906 22",MEDIUM
UNCLEAR,"Arrears/outstanding context exists, but no repayment is documented.",2024-11-07,2024-10,KKH,,,ARREARS_OR_ENFORCEMENT_NOTICE,00_INBOX - Входящи - Eingang/Accounting_Organized/02_Payroll/Lohnauswertungen_Oktober_2024.pdf,"9798/10001/00006 für Oktober 2024 07.11.2024 1 00006 101077 1 30 12101077S175 AOK Hessen 162 101 1111 1 30 021018 92316524205 AZK-Std. 2000 Gehalt L L J 2.829,06 2.829,06 L 2.82906 28216 282,16 L 2.82906 2.82906 2.82906 2.82906 22",MEDIUM
UNCLEAR,"Arrears/outstanding context exists, but no repayment is documented.",2024-11-07,2024-10,KKH,,,ARREARS_OR_ENFORCEMENT_NOTICE,00_INBOX - Входящи - Eingang/Accounting_Organized/02_Payroll/Lohnauswertungen_Oktober_2024__copy2.pdf,"9798/10001/00006 für Oktober 2024 07.11.2024 1 00006 101077 1 30 12101077S175 AOK Hessen 162 101 1111 1 30 021018 92316524205 AZK-Std. 2000 Gehalt L L J 2.829,06 2.829,06 L 2.82906 28216 282,16 L 2.82906 2.82906 2.82906 2.82906 22",MEDIUM
UNCLEAR,"Arrears/outstanding context exists, but no repayment is documented.",2024-11-07,2024-10,KKH,,,ARREARS_OR_ENFORCEMENT_NOTICE,00_INBOX - Входящи - Eingang/Accounting_Organized/13_Unknown_To_Review/Lohnauswertungen_Oktober_2024.pdf,"9798/10001/00006 für Oktober 2024 07.11.2024 1 00006 101077 1 30 12101077S175 AOK Hessen 162 101 1111 1 30 021018 92316524205 AZK-Std. 2000 Gehalt L L J 2.829,06 2.829,06 L 2.82906 28216 282,16 L 2.82906 2.82906 2.82906 2.82906 22",MEDIUM
UNCLEAR,"Arrears/outstanding context exists, but no repayment is documented.",2024-11-07,2024-10,VIACTIV,,,ARREARS_OR_ENFORCEMENT_NOTICE,00_INBOX - Входящи - Eingang/Accounting/Lohnauswertungen_Oktober_2024.pdf,"9798/10001/00006 für Oktober 2024 07.11.2024 1 00006 101077 1 30 12101077S175 AOK Hessen 162 101 1111 1 30 021018 92316524205 AZK-Std. 2000 Gehalt L L J 2.829,06 2.829,06 L 2.82906 28216 282,16 L 2.82906 2.82906 2.82906 2.82906 22",MEDIUM
UNCLEAR,"Arrears/outstanding context exists, but no repayment is documented.",2024-11-07,2024-10,VIACTIV,,,ARREARS_OR_ENFORCEMENT_NOTICE,00_INBOX - Входящи - Eingang/Accounting_Organized/02_Payroll/Lohnauswertungen_Oktober_2024.pdf,"9798/10001/00006 für Oktober 2024 07.11.2024 1 00006 101077 1 30 12101077S175 AOK Hessen 162 101 1111 1 30 021018 92316524205 AZK-Std. 2000 Gehalt L L J 2.829,06 2.829,06 L 2.82906 28216 282,16 L 2.82906 2.82906 2.82906 2.82906 22",MEDIUM
UNCLEAR,"Arrears/outstanding context exists, but no repayment is documented.",2024-11-07,2024-10,VIACTIV,,,ARREARS_OR_ENFORCEMENT_NOTICE,00_INBOX - Входящи - Eingang/Accounting_Organized/02_Payroll/Lohnauswertungen_Oktober_2024__copy2.pdf,"9798/10001/00006 für Oktober 2024 07.11.2024 1 00006 101077 1 30 12101077S175 AOK Hessen 162 101 1111 1 30 021018 92316524205 AZK-Std. 2000 Gehalt L L J 2.829,06 2.829,06 L 2.82906 28216 282,16 L 2.82906 2.82906 2.82906 2.82906 22",MEDIUM
UNCLEAR,"Arrears/outstanding context exists, but no repayment is documented.",2024-11-07,2024-10,VIACTIV,,,ARREARS_OR_ENFORCEMENT_NOTICE,00_INBOX - Входящи - Eingang/Accounting_Organized/13_Unknown_To_Review/Lohnauswertungen_Oktober_2024.pdf,"9798/10001/00006 für Oktober 2024 07.11.2024 1 00006 101077 1 30 12101077S175 AOK Hessen 162 101 1111 1 30 021018 92316524205 AZK-Std. 2000 Gehalt L L J 2.829,06 2.829,06 L 2.82906 28216 282,16 L 2.82906 2.82906 2.82906 2.82906 22",MEDIUM
UNCLEAR,"Arrears/outstanding context exists, but no repayment is documented.",2024-11-11,2024-10,AOK,,,ARREARS_OR_ENFORCEMENT_NOTICE,00_INBOX - Входящи - Eingang/Accounting/2024/Entgeltbescheinigungen 10-2024.pdf,"Usti Nad Labem 27 1 09119 Chemnitz Übersicht Zahlungen im Oktober 2024 Empfänger PLZ Ort Zahlart Verwendungszweck Betrag AOK Hessen 61281 Bad Homburg Überweisung 89878877 1.244,22 AOK PLUS 01058 Dresden Bar/Einzug 89878877 15.451,27 BKK Linde 65030 Wiesbaden Überweisung 89878877",MEDIUM
UNCLEAR,"Arrears/outstanding context exists, but no repayment is documented.",2024-11-11,2024-10,AOK,,,ARREARS_OR_ENFORCEMENT_NOTICE,00_INBOX - Входящи - Eingang/Accounting/payroll102024/Lohnauswertungen.pdf,"Usti Nad Labem 27 1 09119 Chemnitz Übersicht Zahlungen im Oktober 2024 Empfänger PLZ Ort Zahlart Verwendungszweck Betrag AOK Hessen 61281 Bad Homburg Überweisung 89878877 1.244,22 AOK PLUS 01058 Dresden Bar/Einzug 89878877 15.451,27 BKK Linde 65030 Wiesbaden Überweisung 89878877",MEDIUM
UNCLEAR,"Arrears/outstanding context exists, but no repayment is documented.",2024-11-11,2024-10,AOK,,,ARREARS_OR_ENFORCEMENT_NOTICE,00_INBOX - Входящи - Eingang/Accounting_Organized/03_Employee_Payslips/Entgeltbescheinigungen 10-2024.pdf,"Usti Nad Labem 27 1 09119 Chemnitz Übersicht Zahlungen im Oktober 2024 Empfänger PLZ Ort Zahlart Verwendungszweck Betrag AOK Hessen 61281 Bad Homburg Überweisung 89878877 1.244,22 AOK PLUS 01058 Dresden Bar/Einzug 89878877 15.451,27 BKK Linde 65030 Wiesbaden Überweisung 89878877",MEDIUM
UNCLEAR,"Arrears/outstanding context exists, but no repayment is documented.",2024-11-11,2024-10,AOK,,,ARREARS_OR_ENFORCEMENT_NOTICE,00_INBOX - Входящи - Eingang/Accounting_Organized/03_Employee_Payslips/Entgeltbescheinigungen 10-2024__copy2.pdf,"Usti Nad Labem 27 1 09119 Chemnitz Übersicht Zahlungen im Oktober 2024 Empfänger PLZ Ort Zahlart Verwendungszweck Betrag AOK Hessen 61281 Bad Homburg Überweisung 89878877 1.244,22 AOK PLUS 01058 Dresden Bar/Einzug 89878877 15.451,27 BKK Linde 65030 Wiesbaden Überweisung 89878877",MEDIUM
UNCLEAR,"Arrears/outstanding context exists, but no repayment is documented.",2024-11-11,2024-10,AOK,,,ARREARS_OR_ENFORCEMENT_NOTICE,00_INBOX - Входящи - Eingang/Accounting_Organized/03_Employee_Payslips/Entgeltbescheinigungen 10-2024__copy3.pdf,"Usti Nad Labem 27 1 09119 Chemnitz Übersicht Zahlungen im Oktober 2024 Empfänger PLZ Ort Zahlart Verwendungszweck Betrag AOK Hessen 61281 Bad Homburg Überweisung 89878877 1.244,22 AOK PLUS 01058 Dresden Bar/Einzug 89878877 15.451,27 BKK Linde 65030 Wiesbaden Überweisung 89878877",MEDIUM
UNCLEAR,"Arrears/outstanding context exists, but no repayment is documented.",2024-11-11,2024-10,AOK,,,ARREARS_OR_ENFORCEMENT_NOTICE,00_INBOX - Входящи - Eingang/Accounting_Organized/14_Duplicates/Lohnauswertungen__copy18.pdf,"Usti Nad Labem 27 1 09119 Chemnitz Übersicht Zahlungen im Oktober 2024 Empfänger PLZ Ort Zahlart Verwendungszweck Betrag AOK Hessen 61281 Bad Homburg Überweisung 89878877 1.244,22 AOK PLUS 01058 Dresden Bar/Einzug 89878877 15.451,27 BKK Linde 65030 Wiesbaden Überweisung 89878877",MEDIUM
UNCLEAR,"Arrears/outstanding context exists, but no repayment is documented.",2024-11-11,2024-10,AOK,,,ARREARS_OR_ENFORCEMENT_NOTICE,00_INBOX - Входящи - Eingang/Accounting_Organized/14_Duplicates/Lohnauswertungen__copy36.pdf,"Usti Nad Labem 27 1 09119 Chemnitz Übersicht Zahlungen im Oktober 2024 Empfänger PLZ Ort Zahlart Verwendungszweck Betrag AOK Hessen 61281 Bad Homburg Überweisung 89878877 1.244,22 AOK PLUS 01058 Dresden Bar/Einzug 89878877 15.451,27 BKK Linde 65030 Wiesbaden Überweisung 89878877",MEDIUM
UNCLEAR,"Arrears/outstanding context exists, but no repayment is documented.",2024-11-11,2024-10,AOK,,,ARREARS_OR_ENFORCEMENT_NOTICE,00_INBOX - Входящи - Eingang/Accounting_Organized/14_Duplicates/Lohnauswertungen__copy54.pdf,"Usti Nad Labem 27 1 09119 Chemnitz Übersicht Zahlungen im Oktober 2024 Empfänger PLZ Ort Zahlart Verwendungszweck Betrag AOK Hessen 61281 Bad Homburg Überweisung 89878877 1.244,22 AOK PLUS 01058 Dresden Bar/Einzug 89878877 15.451,27 BKK Linde 65030 Wiesbaden Überweisung 89878877",MEDIUM
UNCLEAR,"Arrears/outstanding context exists, but no repayment is documented.",2024-11-11,2024-11,AOK PLUS,,,ARREARS_OR_ENFORCEMENT_NOTICE,00_INBOX - Входящи - Eingang/Accounting/payroll102024/SEPA - Pfändungen.pdf,[[page 1]] Abstimmliste Seite 1 von 1 - Langfassung - Lohn und Gehalt 11.11.2024 SEPA-Überweisung Individuelle Zahlungen 10/2024 Berater-Nr. / Mandanten-Nr.: Referenznummer: 2411112104 659798 / 10001 Empfangendes Institut: Postbank Ndl Deutsche Bank BIC: IBAN: DE95 1001 0010 0925 7291 09 PBNKDEFFXXX Auftraggeber: Martin Zahariev Usti Nad Labem 27 09119 Chemnitz Ausführungsdatum: Betrag in Euro Z.-Nr. IBAN Empfänger B,MEDIUM
UNCLEAR,"Arrears/outstanding context exists, but no repayment is documented.",2024-11-11,2024-11,AOK PLUS,,,ARREARS_OR_ENFORCEMENT_NOTICE,00_INBOX - Входящи - Eingang/Accounting_Organized/06_Bank_Payments/SEPA - Pfändungen.pdf,[[page 1]] Abstimmliste Seite 1 von 1 - Langfassung - Lohn und Gehalt 11.11.2024 SEPA-Überweisung Individuelle Zahlungen 10/2024 Berater-Nr. / Mandanten-Nr.: Referenznummer: 2411112104 659798 / 10001 Empfangendes Institut: Postbank Ndl Deutsche Bank BIC: IBAN: DE95 1001 0010 0925 7291 09 PBNKDEFFXXX Auftraggeber: Martin Zahariev Usti Nad Labem 27 09119 Chemnitz Ausführungsdatum: Betrag in Euro Z.-Nr. IBAN Empfänger B,MEDIUM
UNCLEAR,"Arrears/outstanding context exists, but no repayment is documented.",2024-11-11,2024-11,AOK PLUS,,,ARREARS_OR_ENFORCEMENT_NOTICE,00_INBOX - Входящи - Eingang/Accounting_Organized/06_Bank_Payments/SEPA - Pfändungen__copy2.pdf,[[page 1]] Abstimmliste Seite 1 von 1 - Langfassung - Lohn und Gehalt 11.11.2024 SEPA-Überweisung Individuelle Zahlungen 10/2024 Berater-Nr. / Mandanten-Nr.: Referenznummer: 2411112104 659798 / 10001 Empfangendes Institut: Postbank Ndl Deutsche Bank BIC: IBAN: DE95 1001 0010 0925 7291 09 PBNKDEFFXXX Auftraggeber: Martin Zahariev Usti Nad Labem 27 09119 Chemnitz Ausführungsdatum: Betrag in Euro Z.-Nr. IBAN Empfänger B,MEDIUM
UNCLEAR,"Arrears/outstanding context exists, but no repayment is documented.",2024-11-11,2024-11,AOK PLUS,,,ARREARS_OR_ENFORCEMENT_NOTICE,00_INBOX - Входящи - Eingang/Accounting_Organized/13_Unknown_To_Review/SEPA - Pfändungen.pdf,[[page 1]] Abstimmliste Seite 1 von 1 - Langfassung - Lohn und Gehalt 11.11.2024 SEPA-Überweisung Individuelle Zahlungen 10/2024 Berater-Nr. / Mandanten-Nr.: Referenznummer: 2411112104 659798 / 10001 Empfangendes Institut: Postbank Ndl Deutsche Bank BIC: IBAN: DE95 1001 0010 0925 7291 09 PBNKDEFFXXX Auftraggeber: Martin Zahariev Usti Nad Labem 27 09119 Chemnitz Ausführungsdatum: Betrag in Euro Z.-Nr. IBAN Empfänger B,MEDIUM
UNCLEAR,"Arrears/outstanding context exists, but no repayment is documented.",2024-11-11,2024-11,Hauptzollamt / Krankenkasse,,,ARREARS_OR_ENFORCEMENT_NOTICE,00_INBOX - Входящи - Eingang/Accounting/payroll102024/SEPA - Pfändungen.pdf,[[page 1]] Abstimmliste Seite 1 von 1 - Langfassung - Lohn und Gehalt 11.11.2024 SEPA-Überweisung Individuelle Zahlungen 10/2024 Berater-Nr. / Mandanten-Nr.: Referenznummer: 2411112104 659798 / 10001 Empfangendes Institut: Postbank Ndl Deutsche Bank BIC: IBAN: DE95 1001 0010 0925 7291 09 PBNKDEFFXXX Auftraggeber: Martin Zahariev Usti Nad Labem 27 09119 Chemnitz Ausführungsdatum: Betrag in Euro Z.-Nr. IBAN Empfänger B,MEDIUM
UNCLEAR,"Arrears/outstanding context exists, but no repayment is documented.",2024-11-11,2024-11,Hauptzollamt / Krankenkasse,,,ARREARS_OR_ENFORCEMENT_NOTICE,00_INBOX - Входящи - Eingang/Accounting_Organized/06_Bank_Payments/SEPA - Pfändungen.pdf,[[page 1]] Abstimmliste Seite 1 von 1 - Langfassung - Lohn und Gehalt 11.11.2024 SEPA-Überweisung Individuelle Zahlungen 10/2024 Berater-Nr. / Mandanten-Nr.: Referenznummer: 2411112104 659798 / 10001 Empfangendes Institut: Postbank Ndl Deutsche Bank BIC: IBAN: DE95 1001 0010 0925 7291 09 PBNKDEFFXXX Auftraggeber: Martin Zahariev Usti Nad Labem 27 09119 Chemnitz Ausführungsdatum: Betrag in Euro Z.-Nr. IBAN Empfänger B,MEDIUM
UNCLEAR,"Arrears/outstanding context exists, but no repayment is documented.",2024-11-11,2024-11,Hauptzollamt / Krankenkasse,,,ARREARS_OR_ENFORCEMENT_NOTICE,00_INBOX - Входящи - Eingang/Accounting_Organized/06_Bank_Payments/SEPA - Pfändungen__copy2.pdf,[[page 1]] Abstimmliste Seite 1 von 1 - Langfassung - Lohn und Gehalt 11.11.2024 SEPA-Überweisung Individuelle Zahlungen 10/2024 Berater-Nr. / Mandanten-Nr.: Referenznummer: 2411112104 659798 / 10001 Empfangendes Institut: Postbank Ndl Deutsche Bank BIC: IBAN: DE95 1001 0010 0925 7291 09 PBNKDEFFXXX Auftraggeber: Martin Zahariev Usti Nad Labem 27 09119 Chemnitz Ausführungsdatum: Betrag in Euro Z.-Nr. IBAN Empfänger B,MEDIUM
UNCLEAR,"Arrears/outstanding context exists, but no repayment is documented.",2024-11-11,2024-11,Hauptzollamt / Krankenkasse,,,ARREARS_OR_ENFORCEMENT_NOTICE,00_INBOX - Входящи - Eingang/Accounting_Organized/13_Unknown_To_Review/SEPA - Pfändungen.pdf,[[page 1]] Abstimmliste Seite 1 von 1 - Langfassung - Lohn und Gehalt 11.11.2024 SEPA-Überweisung Individuelle Zahlungen 10/2024 Berater-Nr. / Mandanten-Nr.: Referenznummer: 2411112104 659798 / 10001 Empfangendes Institut: Postbank Ndl Deutsche Bank BIC: IBAN: DE95 1001 0010 0925 7291 09 PBNKDEFFXXX Auftraggeber: Martin Zahariev Usti Nad Labem 27 09119 Chemnitz Ausführungsdatum: Betrag in Euro Z.-Nr. IBAN Empfänger B,MEDIUM
UNCLEAR,"Arrears/outstanding context exists, but no repayment is documented.",2024-11-29,2024-11,AOK,,,ARREARS_OR_ENFORCEMENT_NOTICE,"00_INBOX - Входящи - Eingang/Accounting/accountings102024/45027 - Rechnung 241185_2024 vom 29.11.2024, Aufträge 31_24, 33_24, 34_24, Mandant 42303.pdf","Stammdaten 50,00 EUR AN Oktober/2024 1 15,00 EUR Abmeldung eines Arbeitnehmers nach § 25 DEÜV 15,00 EUR AN Oktober/2024 5 15,00 EUR Erstellen eines Antrags auf Lohnfortzahlungserstattung Requests of reimbursement of wages for the health insurances 75,00 EUR AN Oktober/2024 Seite 1 Übertrag 1.592,20 EUR [[page 2]] Mandantennummer: 42303 Rechnungsnummer: 241185 Rechnungsjahr: 2024 Übertrag 1.592,20 EUR Bezeichnung §, A",MEDIUM
UNCLEAR,"Arrears/outstanding context exists, but no repayment is documented.",2024-11-29,2024-11,AOK,,,ARREARS_OR_ENFORCEMENT_NOTICE,"00_INBOX - Входящи - Eingang/Accounting_Organized/01_Accountant_Emails/45027 - Rechnung 241185_2024 vom 29.11.2024, Aufträge 31_24, 33_24, 34_24, Mandant 42303.pdf","Stammdaten 50,00 EUR AN Oktober/2024 1 15,00 EUR Abmeldung eines Arbeitnehmers nach § 25 DEÜV 15,00 EUR AN Oktober/2024 5 15,00 EUR Erstellen eines Antrags auf Lohnfortzahlungserstattung Requests of reimbursement of wages for the health insurances 75,00 EUR AN Oktober/2024 Seite 1 Übertrag 1.592,20 EUR [[page 2]] Mandantennummer: 42303 Rechnungsnummer: 241185 Rechnungsjahr: 2024 Übertrag 1.592,20 EUR Bezeichnung §, A",MEDIUM
UNCLEAR,"Arrears/outstanding context exists, but no repayment is documented.",2024-11-29,2024-11,AOK,,,ARREARS_OR_ENFORCEMENT_NOTICE,"00_INBOX - Входящи - Eingang/Accounting_Organized/08_Operating_Costs/45027 - Rechnung 241185_2024 vom 29.11.2024, Aufträge 31_24, 33_24, 34_24, Mandant 42303.pdf","Stammdaten 50,00 EUR AN Oktober/2024 1 15,00 EUR Abmeldung eines Arbeitnehmers nach § 25 DEÜV 15,00 EUR AN Oktober/2024 5 15,00 EUR Erstellen eines Antrags auf Lohnfortzahlungserstattung Requests of reimbursement of wages for the health insurances 75,00 EUR AN Oktober/2024 Seite 1 Übertrag 1.592,20 EUR [[page 2]] Mandantennummer: 42303 Rechnungsnummer: 241185 Rechnungsjahr: 2024 Übertrag 1.592,20 EUR Bezeichnung §, A",MEDIUM
UNCLEAR,"Arrears/outstanding context exists, but no repayment is documented.",2024-11-29,2024-11,AOK,,,ARREARS_OR_ENFORCEMENT_NOTICE,"00_INBOX - Входящи - Eingang/Accounting_Organized/08_Operating_Costs/45027 - Rechnung 241185_2024 vom 29.11.2024, Aufträge 31_24, 33_24, 34_24, Mandant 42303__copy2.pdf","Stammdaten 50,00 EUR AN Oktober/2024 1 15,00 EUR Abmeldung eines Arbeitnehmers nach § 25 DEÜV 15,00 EUR AN Oktober/2024 5 15,00 EUR Erstellen eines Antrags auf Lohnfortzahlungserstattung Requests of reimbursement of wages for the health insurances 75,00 EUR AN Oktober/2024 Seite 1 Übertrag 1.592,20 EUR [[page 2]] Mandantennummer: 42303 Rechnungsnummer: 241185 Rechnungsjahr: 2024 Übertrag 1.592,20 EUR Bezeichnung §, A",MEDIUM
UNCLEAR,"Arrears/outstanding context exists, but no repayment is documented.",2024-12-10,2024-11,AOK,,,ARREARS_OR_ENFORCEMENT_NOTICE,00_INBOX - Входящи - Eingang/Accounting/2024/Entgeltbescheinigungen 11-2024.pdf,"Usti Nad Labem 27 1 09119 Chemnitz Übersicht Zahlungen im November 2024 Empfänger PLZ Ort Zahlart Verwendungszweck Betrag AOK Hessen 61281 Bad Homburg Überweisung 89878877 1.244,22 AOK PLUS 01058 Dresden Überweisung 89878877 15.042,95 BKK Linde 65030 Wiesbaden Überweisung 89878877",MEDIUM
UNCLEAR,"Arrears/outstanding context exists, but no repayment is documented.",2024-12-10,2024-11,AOK,,,ARREARS_OR_ENFORCEMENT_NOTICE,00_INBOX - Входящи - Eingang/Accounting/ihrelohnauswertungen2/Lohnauswertungen.pdf,"Usti Nad Labem 27 1 09119 Chemnitz Übersicht Zahlungen im November 2024 Empfänger PLZ Ort Zahlart Verwendungszweck Betrag AOK Hessen 61281 Bad Homburg Überweisung 89878877 1.244,22 AOK PLUS 01058 Dresden Überweisung 89878877 15.042,95 BKK Linde 65030 Wiesbaden Überweisung 89878877",MEDIUM
UNCLEAR,"Arrears/outstanding context exists, but no repayment is documented.",2024-12-10,2024-11,AOK,,,ARREARS_OR_ENFORCEMENT_NOTICE,00_INBOX - Входящи - Eingang/Accounting_Organized/03_Employee_Payslips/Entgeltbescheinigungen 11-2024.pdf,"Usti Nad Labem 27 1 09119 Chemnitz Übersicht Zahlungen im November 2024 Empfänger PLZ Ort Zahlart Verwendungszweck Betrag AOK Hessen 61281 Bad Homburg Überweisung 89878877 1.244,22 AOK PLUS 01058 Dresden Überweisung 89878877 15.042,95 BKK Linde 65030 Wiesbaden Überweisung 89878877",MEDIUM
UNCLEAR,"Arrears/outstanding context exists, but no repayment is documented.",2024-12-10,2024-11,AOK,,,ARREARS_OR_ENFORCEMENT_NOTICE,00_INBOX - Входящи - Eingang/Accounting_Organized/03_Employee_Payslips/Entgeltbescheinigungen 11-2024__copy2.pdf,"Usti Nad Labem 27 1 09119 Chemnitz Übersicht Zahlungen im November 2024 Empfänger PLZ Ort Zahlart Verwendungszweck Betrag AOK Hessen 61281 Bad Homburg Überweisung 89878877 1.244,22 AOK PLUS 01058 Dresden Überweisung 89878877 15.042,95 BKK Linde 65030 Wiesbaden Überweisung 89878877",MEDIUM
UNCLEAR,"Arrears/outstanding context exists, but no repayment is documented.",2024-12-10,2024-11,AOK,,,ARREARS_OR_ENFORCEMENT_NOTICE,00_INBOX - Входящи - Eingang/Accounting_Organized/03_Employee_Payslips/Entgeltbescheinigungen 11-2024__copy3.pdf,"Usti Nad Labem 27 1 09119 Chemnitz Übersicht Zahlungen im November 2024 Empfänger PLZ Ort Zahlart Verwendungszweck Betrag AOK Hessen 61281 Bad Homburg Überweisung 89878877 1.244,22 AOK PLUS 01058 Dresden Überweisung 89878877 15.042,95 BKK Linde 65030 Wiesbaden Überweisung 89878877",MEDIUM
UNCLEAR,"Arrears/outstanding context exists, but no repayment is documented.",2024-12-10,2024-11,AOK,,,ARREARS_OR_ENFORCEMENT_NOTICE,00_INBOX - Входящи - Eingang/Accounting_Organized/14_Duplicates/Lohnauswertungen__copy25.pdf,"Usti Nad Labem 27 1 09119 Chemnitz Übersicht Zahlungen im November 2024 Empfänger PLZ Ort Zahlart Verwendungszweck Betrag AOK Hessen 61281 Bad Homburg Überweisung 89878877 1.244,22 AOK PLUS 01058 Dresden Überweisung 89878877 15.042,95 BKK Linde 65030 Wiesbaden Überweisung 89878877",MEDIUM
UNCLEAR,"Arrears/outstanding context exists, but no repayment is documented.",2024-12-10,2024-11,AOK,,,ARREARS_OR_ENFORCEMENT_NOTICE,00_INBOX - Входящи - Eingang/Accounting_Organized/14_Duplicates/Lohnauswertungen__copy43.pdf,"Usti Nad Labem 27 1 09119 Chemnitz Übersicht Zahlungen im November 2024 Empfänger PLZ Ort Zahlart Verwendungszweck Betrag AOK Hessen 61281 Bad Homburg Überweisung 89878877 1.244,22 AOK PLUS 01058 Dresden Überweisung 89878877 15.042,95 BKK Linde 65030 Wiesbaden Überweisung 89878877",MEDIUM
UNCLEAR,"Arrears/outstanding context exists, but no repayment is documented.",2024-12-10,2024-11,AOK,,,ARREARS_OR_ENFORCEMENT_NOTICE,00_INBOX - Входящи - Eingang/Accounting_Organized/14_Duplicates/Lohnauswertungen__copy7.pdf,"Usti Nad Labem 27 1 09119 Chemnitz Übersicht Zahlungen im November 2024 Empfänger PLZ Ort Zahlart Verwendungszweck Betrag AOK Hessen 61281 Bad Homburg Überweisung 89878877 1.244,22 AOK PLUS 01058 Dresden Überweisung 89878877 15.042,95 BKK Linde 65030 Wiesbaden Überweisung 89878877",MEDIUM
UNCLEAR,"Arrears/outstanding context exists, but no repayment is documented.",2024-12-27,2024-12,AOK,,,ARREARS_OR_ENFORCEMENT_NOTICE,"00_INBOX - Входящи - Eingang/Accounting/accountings112024/45474 - Rechnung 241289_2024 vom 27.12.2024, Aufträge 21_24, 31_24, 32_24, 33_24, 34_24, 35_21, 35_24, 50_24, 98_24, Mandant 42303.pdf","g von Lohnkonten und Aufnahme der Stammdaten 50,00 EUR AN November/2024 1 15,00 EUR Abmeldung eines Arbeitnehmers nach § 25 DEÜV 15,00 EUR AN November/2024 1 15,00 EUR Pfändungen Garnishment 15,00 EUR AN November/2024 Seite 1 Übertrag 1.525,20 EUR [[page 2]] Mandantennummer: 42303 Rechnungsnummer: 241289 Rechnungsjahr: 2024 Übertrag 1.525,20 EUR Bezeichnung §, Abs., Nr. Zeitraum Gegenstandswert Satz Betrag Tab. § 16 ",MEDIUM
UNCLEAR,"Arrears/outstanding context exists, but no repayment is documented.",2024-12-27,2024-12,AOK,,,ARREARS_OR_ENFORCEMENT_NOTICE,"00_INBOX - Входящи - Eingang/Accounting_Organized/01_Accountant_Emails/45474 - Rechnung 241289_2024 vom 27.12.2024, Aufträge 21_24, 31_24, 32_24, 33_24, 34_24, 35_21, 35_24, 50_24, 98_24, Mandant 42303.pdf","g von Lohnkonten und Aufnahme der Stammdaten 50,00 EUR AN November/2024 1 15,00 EUR Abmeldung eines Arbeitnehmers nach § 25 DEÜV 15,00 EUR AN November/2024 1 15,00 EUR Pfändungen Garnishment 15,00 EUR AN November/2024 Seite 1 Übertrag 1.525,20 EUR [[page 2]] Mandantennummer: 42303 Rechnungsnummer: 241289 Rechnungsjahr: 2024 Übertrag 1.525,20 EUR Bezeichnung §, Abs., Nr. Zeitraum Gegenstandswert Satz Betrag Tab. § 16 ",MEDIUM
UNCLEAR,"Arrears/outstanding context exists, but no repayment is documented.",2024-12-27,2024-12,AOK,,,ARREARS_OR_ENFORCEMENT_NOTICE,"00_INBOX - Входящи - Eingang/Accounting_Organized/08_Operating_Costs/45474 - Rechnung 241289_2024 vom 27.12.2024, Aufträge 21_24, 31_24, 32_24, 33_24, 34_24, 35_21, 35_24, 50_24, 98_24, Mandant 42303.pdf","g von Lohnkonten und Aufnahme der Stammdaten 50,00 EUR AN November/2024 1 15,00 EUR Abmeldung eines Arbeitnehmers nach § 25 DEÜV 15,00 EUR AN November/2024 1 15,00 EUR Pfändungen Garnishment 15,00 EUR AN November/2024 Seite 1 Übertrag 1.525,20 EUR [[page 2]] Mandantennummer: 42303 Rechnungsnummer: 241289 Rechnungsjahr: 2024 Übertrag 1.525,20 EUR Bezeichnung §, Abs., Nr. Zeitraum Gegenstandswert Satz Betrag Tab. § 16 ",MEDIUM
UNCLEAR,"Arrears/outstanding context exists, but no repayment is documented.",2024-12-27,2024-12,AOK,,,ARREARS_OR_ENFORCEMENT_NOTICE,"00_INBOX - Входящи - Eingang/Accounting_Organized/08_Operating_Costs/45474 - Rechnung 241289_2024 vom 27.12.2024, Aufträge 21_24, 31_24, 32_24, 33_24, 34_24, 35_21, 35_24, 50_24, 98_24, Mandant 42303__copy2.pdf","g von Lohnkonten und Aufnahme der Stammdaten 50,00 EUR AN November/2024 1 15,00 EUR Abmeldung eines Arbeitnehmers nach § 25 DEÜV 15,00 EUR AN November/2024 1 15,00 EUR Pfändungen Garnishment 15,00 EUR AN November/2024 Seite 1 Übertrag 1.525,20 EUR [[page 2]] Mandantennummer: 42303 Rechnungsnummer: 241289 Rechnungsjahr: 2024 Übertrag 1.525,20 EUR Bezeichnung §, Abs., Nr. Zeitraum Gegenstandswert Satz Betrag Tab. § 16 ",MEDIUM
UNCLEAR,"Arrears/outstanding context exists, but no repayment is documented.",,2025-01,AOK,,,ARREARS_OR_ENFORCEMENT_NOTICE,00_INBOX - Входящи - Eingang/Accounting/Mahnung Finanzamt.eml,"Date: Mon, 06 Jan 2025 12:21:44 +0000 From: ""Brunettin, Marco"" <marco@brunettin.de> To: ""'martin.zahariev@gmail.com'"" <martin.zahariev@gmail.com> Subject: Mahnung Finanzamt Please pay in the next days the following: Finanzamt Chemnitz-Mitte Bank: Filiale der Deutschen Bundesbank IBAN: DE02 8700 0000 0087 0015 02 BIC: MARKDEF1870 Amount: EUR 12.413,50 Reason: 215/291/01497, ESt-VZ 4.Q 2024 Mit freundlichen Grüßen Marc",MEDIUM
UNCLEAR,"Arrears/outstanding context exists, but no repayment is documented.",,2025-01,AOK,,,ARREARS_OR_ENFORCEMENT_NOTICE,00_INBOX - Входящи - Eingang/Accounting_Organized/01_Accountant_Emails/Mahnung Finanzamt.eml,"Date: Mon, 06 Jan 2025 12:21:44 +0000 From: ""Brunettin, Marco"" <marco@brunettin.de> To: ""'martin.zahariev@gmail.com'"" <martin.zahariev@gmail.com> Subject: Mahnung Finanzamt Please pay in the next days the following: Finanzamt Chemnitz-Mitte Bank: Filiale der Deutschen Bundesbank IBAN: DE02 8700 0000 0087 0015 02 BIC: MARKDEF1870 Amount: EUR 12.413,50 Reason: 215/291/01497, ESt-VZ 4.Q 2024 Mit freundlichen Grüßen Marc",MEDIUM
UNCLEAR,"Arrears/outstanding context exists, but no repayment is documented.",,2025-01,AOK,,,ARREARS_OR_ENFORCEMENT_NOTICE,00_INBOX - Входящи - Eingang/Accounting_Organized/01_Accountant_Emails/Mahnung Finanzamt__copy2.eml,"Date: Mon, 06 Jan 2025 12:21:44 +0000 From: ""Brunettin, Marco"" <marco@brunettin.de> To: ""'martin.zahariev@gmail.com'"" <martin.zahariev@gmail.com> Subject: Mahnung Finanzamt Please pay in the next days the following: Finanzamt Chemnitz-Mitte Bank: Filiale der Deutschen Bundesbank IBAN: DE02 8700 0000 0087 0015 02 BIC: MARKDEF1870 Amount: EUR 12.413,50 Reason: 215/291/01497, ESt-VZ 4.Q 2024 Mit freundlichen Grüßen Marc",MEDIUM
UNCLEAR,"Arrears/outstanding context exists, but no repayment is documented.",,2025-01,AOK,,,ARREARS_OR_ENFORCEMENT_NOTICE,00_INBOX - Входящи - Eingang/Accounting_Organized/01_Accountant_Emails/Mahnung Finanzamt__copy3.eml,"Date: Mon, 06 Jan 2025 12:21:44 +0000 From: ""Brunettin, Marco"" <marco@brunettin.de> To: ""'martin.zahariev@gmail.com'"" <martin.zahariev@gmail.com> Subject: Mahnung Finanzamt Please pay in the next days the following: Finanzamt Chemnitz-Mitte Bank: Filiale der Deutschen Bundesbank IBAN: DE02 8700 0000 0087 0015 02 BIC: MARKDEF1870 Amount: EUR 12.413,50 Reason: 215/291/01497, ESt-VZ 4.Q 2024 Mit freundlichen Grüßen Marc",MEDIUM
UNCLEAR,"Arrears/outstanding context exists, but no repayment is documented.",2025-01-15,,AOK,,,ARREARS_OR_ENFORCEMENT_NOTICE,00_INBOX - Входящи - Eingang/Accounting/12-2024_Brutto_Netto_00090_X0B.pdf,ise zur Abrechnung Brutto-Bezüge Betrag Lohnart Bezeichnung Einheit Menge Faktor 3 Prozentsatz St SV GB 4 4 5 Gesamt-Brutto Steuerrechtliche Abzüge Netto-Verdienst Betrag Auszahlungsbetrag SV-rechtliche Abzüge Steuer/Sozialversicherung Netto-Bezüge/Netto-Abzüge St Steuer-Brutto Lohnsteuer Kirchensteuer Solidaritätszuschlag St4 SV4 KV-Brutto RV-Brutto AV-Brutto PV-Brutto KV-Beitrag RV-Beitrag AV-Beitrag PV-Beitrag6 SV,MEDIUM
UNCLEAR,"Arrears/outstanding context exists, but no repayment is documented.",2025-01-15,2024-12,AOK,,,ARREARS_OR_ENFORCEMENT_NOTICE,00_INBOX - Входящи - Eingang/Accounting/2024/Entgeltbescheinigungen 12-2024.pdf,"Usti Nad Labem 27 1 09119 Chemnitz Übersicht Zahlungen im Dezember 2024 Empfänger PLZ Ort Zahlart Verwendungszweck Betrag AOK AOK PLUS Die Gesundheit 01058 Dresden Überweisung 89878877 13.913,67 AOK Hessen 61281 Bad Homburg Überweisung 89878877 1.244,22 BKK BKK Linde 65030 Wiesbaden Überweisung 89878877",MEDIUM
UNCLEAR,"Arrears/outstanding context exists, but no repayment is documented.",2025-01-15,2024-12,AOK,,,ARREARS_OR_ENFORCEMENT_NOTICE,00_INBOX - Входящи - Eingang/Accounting/ihrelohnauswertungendezember2024/Lohnauswertungen.pdf,"Usti Nad Labem 27 1 09119 Chemnitz Übersicht Zahlungen im Dezember 2024 Empfänger PLZ Ort Zahlart Verwendungszweck Betrag AOK AOK PLUS Die Gesundheit 01058 Dresden Überweisung 89878877 13.913,67 AOK Hessen 61281 Bad Homburg Überweisung 89878877 1.244,22 BKK BKK Linde 65030 Wiesbaden Überweisung 89878877",MEDIUM
UNCLEAR,"Arrears/outstanding context exists, but no repayment is documented.",2025-01-15,2024-12,AOK,,,ARREARS_OR_ENFORCEMENT_NOTICE,00_INBOX - Входящи - Eingang/Accounting_Organized/03_Employee_Payslips/Entgeltbescheinigungen 12-2024.pdf,"Usti Nad Labem 27 1 09119 Chemnitz Übersicht Zahlungen im Dezember 2024 Empfänger PLZ Ort Zahlart Verwendungszweck Betrag AOK AOK PLUS Die Gesundheit 01058 Dresden Überweisung 89878877 13.913,67 AOK Hessen 61281 Bad Homburg Überweisung 89878877 1.244,22 BKK BKK Linde 65030 Wiesbaden Überweisung 89878877",MEDIUM
UNCLEAR,"Arrears/outstanding context exists, but no repayment is documented.",2025-01-15,2024-12,AOK,,,ARREARS_OR_ENFORCEMENT_NOTICE,00_INBOX - Входящи - Eingang/Accounting_Organized/03_Employee_Payslips/Entgeltbescheinigungen 12-2024__copy2.pdf,"Usti Nad Labem 27 1 09119 Chemnitz Übersicht Zahlungen im Dezember 2024 Empfänger PLZ Ort Zahlart Verwendungszweck Betrag AOK AOK PLUS Die Gesundheit 01058 Dresden Überweisung 89878877 13.913,67 AOK Hessen 61281 Bad Homburg Überweisung 89878877 1.244,22 BKK BKK Linde 65030 Wiesbaden Überweisung 89878877",MEDIUM
UNCLEAR,"Arrears/outstanding context exists, but no repayment is documented.",2025-01-15,2024-12,AOK,,,ARREARS_OR_ENFORCEMENT_NOTICE,00_INBOX - Входящи - Eingang/Accounting_Organized/03_Employee_Payslips/Entgeltbescheinigungen 12-2024__copy3.pdf,"Usti Nad Labem 27 1 09119 Chemnitz Übersicht Zahlungen im Dezember 2024 Empfänger PLZ Ort Zahlart Verwendungszweck Betrag AOK AOK PLUS Die Gesundheit 01058 Dresden Überweisung 89878877 13.913,67 AOK Hessen 61281 Bad Homburg Überweisung 89878877 1.244,22 BKK BKK Linde 65030 Wiesbaden Überweisung 89878877",MEDIUM
UNCLEAR,"Arrears/outstanding context exists, but no repayment is documented.",2025-01-15,,AOK,,,ARREARS_OR_ENFORCEMENT_NOTICE,00_INBOX - Входящи - Eingang/Accounting_Organized/04_Health_Insurance/12-2024_Brutto_Netto_00090_X0B.pdf,ise zur Abrechnung Brutto-Bezüge Betrag Lohnart Bezeichnung Einheit Menge Faktor 3 Prozentsatz St SV GB 4 4 5 Gesamt-Brutto Steuerrechtliche Abzüge Netto-Verdienst Betrag Auszahlungsbetrag SV-rechtliche Abzüge Steuer/Sozialversicherung Netto-Bezüge/Netto-Abzüge St Steuer-Brutto Lohnsteuer Kirchensteuer Solidaritätszuschlag St4 SV4 KV-Brutto RV-Brutto AV-Brutto PV-Brutto KV-Beitrag RV-Beitrag AV-Beitrag PV-Beitrag6 SV,MEDIUM
UNCLEAR,"Arrears/outstanding context exists, but no repayment is documented.",2025-01-15,,AOK,,,ARREARS_OR_ENFORCEMENT_NOTICE,00_INBOX - Входящи - Eingang/Accounting_Organized/04_Health_Insurance/12-2024_Brutto_Netto_00090_X0B__copy2.pdf,ise zur Abrechnung Brutto-Bezüge Betrag Lohnart Bezeichnung Einheit Menge Faktor 3 Prozentsatz St SV GB 4 4 5 Gesamt-Brutto Steuerrechtliche Abzüge Netto-Verdienst Betrag Auszahlungsbetrag SV-rechtliche Abzüge Steuer/Sozialversicherung Netto-Bezüge/Netto-Abzüge St Steuer-Brutto Lohnsteuer Kirchensteuer Solidaritätszuschlag St4 SV4 KV-Brutto RV-Brutto AV-Brutto PV-Brutto KV-Beitrag RV-Beitrag AV-Beitrag PV-Beitrag6 SV,MEDIUM
UNCLEAR,"Arrears/outstanding context exists, but no repayment is documented.",2025-01-15,,AOK,,,ARREARS_OR_ENFORCEMENT_NOTICE,00_INBOX - Входящи - Eingang/Accounting_Organized/04_Health_Insurance/12-2024_Brutto_Netto_00090_X0B__copy3.pdf,ise zur Abrechnung Brutto-Bezüge Betrag Lohnart Bezeichnung Einheit Menge Faktor 3 Prozentsatz St SV GB 4 4 5 Gesamt-Brutto Steuerrechtliche Abzüge Netto-Verdienst Betrag Auszahlungsbetrag SV-rechtliche Abzüge Steuer/Sozialversicherung Netto-Bezüge/Netto-Abzüge St Steuer-Brutto Lohnsteuer Kirchensteuer Solidaritätszuschlag St4 SV4 KV-Brutto RV-Brutto AV-Brutto PV-Brutto KV-Beitrag RV-Beitrag AV-Beitrag PV-Beitrag6 SV,MEDIUM
UNCLEAR,"Arrears/outstanding context exists, but no repayment is documented.",2025-01-15,2024-12,AOK,,,ARREARS_OR_ENFORCEMENT_NOTICE,00_INBOX - Входящи - Eingang/Accounting_Organized/14_Duplicates/Lohnauswertungen__copy11.pdf,"Usti Nad Labem 27 1 09119 Chemnitz Übersicht Zahlungen im Dezember 2024 Empfänger PLZ Ort Zahlart Verwendungszweck Betrag AOK AOK PLUS Die Gesundheit 01058 Dresden Überweisung 89878877 13.913,67 AOK Hessen 61281 Bad Homburg Überweisung 89878877 1.244,22 BKK BKK Linde 65030 Wiesbaden Überweisung 89878877",MEDIUM
UNCLEAR,"Arrears/outstanding context exists, but no repayment is documented.",2025-01-15,2024-12,AOK,,,ARREARS_OR_ENFORCEMENT_NOTICE,00_INBOX - Входящи - Eingang/Accounting_Organized/14_Duplicates/Lohnauswertungen__copy29.pdf,"Usti Nad Labem 27 1 09119 Chemnitz Übersicht Zahlungen im Dezember 2024 Empfänger PLZ Ort Zahlart Verwendungszweck Betrag AOK AOK PLUS Die Gesundheit 01058 Dresden Überweisung 89878877 13.913,67 AOK Hessen 61281 Bad Homburg Überweisung 89878877 1.244,22 BKK BKK Linde 65030 Wiesbaden Überweisung 89878877",MEDIUM
UNCLEAR,"Arrears/outstanding context exists, but no repayment is documented.",2025-01-15,2024-12,AOK,,,ARREARS_OR_ENFORCEMENT_NOTICE,00_INBOX - Входящи - Eingang/Accounting_Organized/14_Duplicates/Lohnauswertungen__copy47.pdf,"Usti Nad Labem 27 1 09119 Chemnitz Übersicht Zahlungen im Dezember 2024 Empfänger PLZ Ort Zahlart Verwendungszweck Betrag AOK AOK PLUS Die Gesundheit 01058 Dresden Überweisung 89878877 13.913,67 AOK Hessen 61281 Bad Homburg Überweisung 89878877 1.244,22 BKK BKK Linde 65030 Wiesbaden Überweisung 89878877",MEDIUM
UNCLEAR,"Arrears/outstanding context exists, but no repayment is documented.",2025-01-15,,KKH,,,ARREARS_OR_ENFORCEMENT_NOTICE,00_INBOX - Входящи - Eingang/Accounting/12-2024_Brutto_Netto_00090_X0B.pdf,ise zur Abrechnung Brutto-Bezüge Betrag Lohnart Bezeichnung Einheit Menge Faktor 3 Prozentsatz St SV GB 4 4 5 Gesamt-Brutto Steuerrechtliche Abzüge Netto-Verdienst Betrag Auszahlungsbetrag SV-rechtliche Abzüge Steuer/Sozialversicherung Netto-Bezüge/Netto-Abzüge St Steuer-Brutto Lohnsteuer Kirchensteuer Solidaritätszuschlag St4 SV4 KV-Brutto RV-Brutto AV-Brutto PV-Brutto KV-Beitrag RV-Beitrag AV-Beitrag PV-Beitrag6 SV,MEDIUM
UNCLEAR,"Arrears/outstanding context exists, but no repayment is documented.",2025-01-15,,KKH,,,ARREARS_OR_ENFORCEMENT_NOTICE,00_INBOX - Входящи - Eingang/Accounting_Organized/04_Health_Insurance/12-2024_Brutto_Netto_00090_X0B.pdf,ise zur Abrechnung Brutto-Bezüge Betrag Lohnart Bezeichnung Einheit Menge Faktor 3 Prozentsatz St SV GB 4 4 5 Gesamt-Brutto Steuerrechtliche Abzüge Netto-Verdienst Betrag Auszahlungsbetrag SV-rechtliche Abzüge Steuer/Sozialversicherung Netto-Bezüge/Netto-Abzüge St Steuer-Brutto Lohnsteuer Kirchensteuer Solidaritätszuschlag St4 SV4 KV-Brutto RV-Brutto AV-Brutto PV-Brutto KV-Beitrag RV-Beitrag AV-Beitrag PV-Beitrag6 SV,MEDIUM
UNCLEAR,"Arrears/outstanding context exists, but no repayment is documented.",2025-01-15,,KKH,,,ARREARS_OR_ENFORCEMENT_NOTICE,00_INBOX - Входящи - Eingang/Accounting_Organized/04_Health_Insurance/12-2024_Brutto_Netto_00090_X0B__copy2.pdf,ise zur Abrechnung Brutto-Bezüge Betrag Lohnart Bezeichnung Einheit Menge Faktor 3 Prozentsatz St SV GB 4 4 5 Gesamt-Brutto Steuerrechtliche Abzüge Netto-Verdienst Betrag Auszahlungsbetrag SV-rechtliche Abzüge Steuer/Sozialversicherung Netto-Bezüge/Netto-Abzüge St Steuer-Brutto Lohnsteuer Kirchensteuer Solidaritätszuschlag St4 SV4 KV-Brutto RV-Brutto AV-Brutto PV-Brutto KV-Beitrag RV-Beitrag AV-Beitrag PV-Beitrag6 SV,MEDIUM
UNCLEAR,"Arrears/outstanding context exists, but no repayment is documented.",2025-01-15,,KKH,,,ARREARS_OR_ENFORCEMENT_NOTICE,00_INBOX - Входящи - Eingang/Accounting_Organized/04_Health_Insurance/12-2024_Brutto_Netto_00090_X0B__copy3.pdf,ise zur Abrechnung Brutto-Bezüge Betrag Lohnart Bezeichnung Einheit Menge Faktor 3 Prozentsatz St SV GB 4 4 5 Gesamt-Brutto Steuerrechtliche Abzüge Netto-Verdienst Betrag Auszahlungsbetrag SV-rechtliche Abzüge Steuer/Sozialversicherung Netto-Bezüge/Netto-Abzüge St Steuer-Brutto Lohnsteuer Kirchensteuer Solidaritätszuschlag St4 SV4 KV-Brutto RV-Brutto AV-Brutto PV-Brutto KV-Beitrag RV-Beitrag AV-Beitrag PV-Beitrag6 SV,MEDIUM
UNCLEAR,"Arrears/outstanding context exists, but no repayment is documented.",2025-02-03,2025-01,AOK,,4052.18,UNBEDENKLICHKEITSBESCHEINIGUNG,"00_INBOX - Входящи - Eingang/Accounting/89878877, Antrag auf Ratenzahlung.eml","Date: Mon, 20 Jan 2025 08:34:26 +0000 From: ""Brunettin, Marilie"" <marilie@brunettin.de> To: ""'service@barmer.de'"" <service@barmer.de> Subject: 89878877, Antrag auf Ratenzahlung Sehr geehrte Damen und Herren, im Auftrag unseres Mandanten, Martin Zahariev, stellen wir einen Antrag auf Ratenzahlung für die Forderung in Höhe von 4.052,18 €. Er ist gerade nicht in der Lage, den Gesamtbetrag auf einmal zu begleichen. Wir m",HIGH
UNCLEAR,"Arrears/outstanding context exists, but no repayment is documented.",2025-02-03,2025-01,AOK,,4052.18,UNBEDENKLICHKEITSBESCHEINIGUNG,"00_INBOX - Входящи - Eingang/Accounting_Organized/01_Accountant_Emails/89878877, Antrag auf Ratenzahlung.eml","Date: Mon, 20 Jan 2025 08:34:26 +0000 From: ""Brunettin, Marilie"" <marilie@brunettin.de> To: ""'service@barmer.de'"" <service@barmer.de> Subject: 89878877, Antrag auf Ratenzahlung Sehr geehrte Damen und Herren, im Auftrag unseres Mandanten, Martin Zahariev, stellen wir einen Antrag auf Ratenzahlung für die Forderung in Höhe von 4.052,18 €. Er ist gerade nicht in der Lage, den Gesamtbetrag auf einmal zu begleichen. Wir m",HIGH
UNCLEAR,"Arrears/outstanding context exists, but no repayment is documented.",2025-02-03,2025-01,AOK,,4052.18,UNBEDENKLICHKEITSBESCHEINIGUNG,"00_INBOX - Входящи - Eingang/Accounting_Organized/01_Accountant_Emails/89878877, Antrag auf Ratenzahlung__copy2.eml","Date: Mon, 20 Jan 2025 08:34:26 +0000 From: ""Brunettin, Marilie"" <marilie@brunettin.de> To: ""'service@barmer.de'"" <service@barmer.de> Subject: 89878877, Antrag auf Ratenzahlung Sehr geehrte Damen und Herren, im Auftrag unseres Mandanten, Martin Zahariev, stellen wir einen Antrag auf Ratenzahlung für die Forderung in Höhe von 4.052,18 €. Er ist gerade nicht in der Lage, den Gesamtbetrag auf einmal zu begleichen. Wir m",HIGH
UNCLEAR,"Arrears/outstanding context exists, but no repayment is documented.",2025-02-03,2025-01,AOK,,4052.18,UNBEDENKLICHKEITSBESCHEINIGUNG,"00_INBOX - Входящи - Eingang/Accounting_Organized/01_Accountant_Emails/89878877, Antrag auf Ratenzahlung__copy3.eml","Date: Mon, 20 Jan 2025 08:34:26 +0000 From: ""Brunettin, Marilie"" <marilie@brunettin.de> To: ""'service@barmer.de'"" <service@barmer.de> Subject: 89878877, Antrag auf Ratenzahlung Sehr geehrte Damen und Herren, im Auftrag unseres Mandanten, Martin Zahariev, stellen wir einen Antrag auf Ratenzahlung für die Forderung in Höhe von 4.052,18 €. Er ist gerade nicht in der Lage, den Gesamtbetrag auf einmal zu begleichen. Wir m",HIGH
UNCLEAR,"Arrears/outstanding context exists, but no repayment is documented.",2025-02-03,2025-01,Barmer,,4052.18,UNBEDENKLICHKEITSBESCHEINIGUNG,"00_INBOX - Входящи - Eingang/Accounting/89878877, Antrag auf Ratenzahlung.eml","Date: Mon, 20 Jan 2025 08:34:26 +0000 From: ""Brunettin, Marilie"" <marilie@brunettin.de> To: ""'service@barmer.de'"" <service@barmer.de> Subject: 89878877, Antrag auf Ratenzahlung Sehr geehrte Damen und Herren, im Auftrag unseres Mandanten, Martin Zahariev, stellen wir einen Antrag auf Ratenzahlung für die Forderung in Höhe von 4.052,18 €. Er ist gerade nicht in der Lage, den Gesamtbetrag auf einmal zu begleichen. Wir m",HIGH
UNCLEAR,"Arrears/outstanding context exists, but no repayment is documented.",2025-02-03,2025-01,Barmer,,4052.18,UNBEDENKLICHKEITSBESCHEINIGUNG,"00_INBOX - Входящи - Eingang/Accounting_Organized/01_Accountant_Emails/89878877, Antrag auf Ratenzahlung.eml","Date: Mon, 20 Jan 2025 08:34:26 +0000 From: ""Brunettin, Marilie"" <marilie@brunettin.de> To: ""'service@barmer.de'"" <service@barmer.de> Subject: 89878877, Antrag auf Ratenzahlung Sehr geehrte Damen und Herren, im Auftrag unseres Mandanten, Martin Zahariev, stellen wir einen Antrag auf Ratenzahlung für die Forderung in Höhe von 4.052,18 €. Er ist gerade nicht in der Lage, den Gesamtbetrag auf einmal zu begleichen. Wir m",HIGH
UNCLEAR,"Arrears/outstanding context exists, but no repayment is documented.",2025-02-03,2025-01,Barmer,,4052.18,UNBEDENKLICHKEITSBESCHEINIGUNG,"00_INBOX - Входящи - Eingang/Accounting_Organized/01_Accountant_Emails/89878877, Antrag auf Ratenzahlung__copy2.eml","Date: Mon, 20 Jan 2025 08:34:26 +0000 From: ""Brunettin, Marilie"" <marilie@brunettin.de> To: ""'service@barmer.de'"" <service@barmer.de> Subject: 89878877, Antrag auf Ratenzahlung Sehr geehrte Damen und Herren, im Auftrag unseres Mandanten, Martin Zahariev, stellen wir einen Antrag auf Ratenzahlung für die Forderung in Höhe von 4.052,18 €. Er ist gerade nicht in der Lage, den Gesamtbetrag auf einmal zu begleichen. Wir m",HIGH
UNCLEAR,"Arrears/outstanding context exists, but no repayment is documented.",2025-02-03,2025-01,Barmer,,4052.18,UNBEDENKLICHKEITSBESCHEINIGUNG,"00_INBOX - Входящи - Eingang/Accounting_Organized/01_Accountant_Emails/89878877, Antrag auf Ratenzahlung__copy3.eml","Date: Mon, 20 Jan 2025 08:34:26 +0000 From: ""Brunettin, Marilie"" <marilie@brunettin.de> To: ""'service@barmer.de'"" <service@barmer.de> Subject: 89878877, Antrag auf Ratenzahlung Sehr geehrte Damen und Herren, im Auftrag unseres Mandanten, Martin Zahariev, stellen wir einen Antrag auf Ratenzahlung für die Forderung in Höhe von 4.052,18 €. Er ist gerade nicht in der Lage, den Gesamtbetrag auf einmal zu begleichen. Wir m",HIGH
UNCLEAR,"Arrears/outstanding context exists, but no repayment is documented.",2025-02-11,2025-01,AOK,,,ARREARS_OR_ENFORCEMENT_NOTICE,00_INBOX - Входящи - Eingang/Accounting/2025/Entgeltbescheinigungen 01-2025.pdf,"Usti Nad Labem 27 1 09119 Chemnitz Übersicht Zahlungen im Januar 2025 Empfänger PLZ Ort Zahlart Verwendungszweck Betrag AOK AOK Hessen Direktion 61281 Bad Homburg Überweisung 89878877 1.244,22 AOK AOK PLUS Die Gesundheit 01058 Dresden Überweisung 89878877 17.743,16 BKK BKK Linde 65030 Wiesbaden Überweisung 89878877",MEDIUM
UNCLEAR,"Arrears/outstanding context exists, but no repayment is documented.",2025-02-11,2025-01,AOK,,,ARREARS_OR_ENFORCEMENT_NOTICE,00_INBOX - Входящи - Eingang/Accounting/ihrelohnauswertungen2024/Lohnauswertungen.pdf,"Usti Nad Labem 27 1 09119 Chemnitz Übersicht Zahlungen im Januar 2025 Empfänger PLZ Ort Zahlart Verwendungszweck Betrag AOK AOK Hessen Direktion 61281 Bad Homburg Überweisung 89878877 1.244,22 AOK AOK PLUS Die Gesundheit 01058 Dresden Überweisung 89878877 17.743,16 BKK BKK Linde 65030 Wiesbaden Überweisung 89878877",MEDIUM
UNCLEAR,"Arrears/outstanding context exists, but no repayment is documented.",2025-02-11,2025-01,AOK,,,ARREARS_OR_ENFORCEMENT_NOTICE,00_INBOX - Входящи - Eingang/Accounting_Organized/03_Employee_Payslips/Entgeltbescheinigungen 01-2025.pdf,"Usti Nad Labem 27 1 09119 Chemnitz Übersicht Zahlungen im Januar 2025 Empfänger PLZ Ort Zahlart Verwendungszweck Betrag AOK AOK Hessen Direktion 61281 Bad Homburg Überweisung 89878877 1.244,22 AOK AOK PLUS Die Gesundheit 01058 Dresden Überweisung 89878877 17.743,16 BKK BKK Linde 65030 Wiesbaden Überweisung 89878877",MEDIUM
UNCLEAR,"Arrears/outstanding context exists, but no repayment is documented.",2025-02-11,2025-01,AOK,,,ARREARS_OR_ENFORCEMENT_NOTICE,00_INBOX - Входящи - Eingang/Accounting_Organized/03_Employee_Payslips/Entgeltbescheinigungen 01-2025__copy2.pdf,"Usti Nad Labem 27 1 09119 Chemnitz Übersicht Zahlungen im Januar 2025 Empfänger PLZ Ort Zahlart Verwendungszweck Betrag AOK AOK Hessen Direktion 61281 Bad Homburg Überweisung 89878877 1.244,22 AOK AOK PLUS Die Gesundheit 01058 Dresden Überweisung 89878877 17.743,16 BKK BKK Linde 65030 Wiesbaden Überweisung 89878877",MEDIUM
UNCLEAR,"Arrears/outstanding context exists, but no repayment is documented.",2025-02-11,2025-01,AOK,,,ARREARS_OR_ENFORCEMENT_NOTICE,00_INBOX - Входящи - Eingang/Accounting_Organized/03_Employee_Payslips/Entgeltbescheinigungen 01-2025__copy3.pdf,"Usti Nad Labem 27 1 09119 Chemnitz Übersicht Zahlungen im Januar 2025 Empfänger PLZ Ort Zahlart Verwendungszweck Betrag AOK AOK Hessen Direktion 61281 Bad Homburg Überweisung 89878877 1.244,22 AOK AOK PLUS Die Gesundheit 01058 Dresden Überweisung 89878877 17.743,16 BKK BKK Linde 65030 Wiesbaden Überweisung 89878877",MEDIUM
UNCLEAR,"Arrears/outstanding context exists, but no repayment is documented.",2025-02-11,2025-01,AOK,,,ARREARS_OR_ENFORCEMENT_NOTICE,00_INBOX - Входящи - Eingang/Accounting_Organized/14_Duplicates/Lohnauswertungen__copy26.pdf,"Usti Nad Labem 27 1 09119 Chemnitz Übersicht Zahlungen im Januar 2025 Empfänger PLZ Ort Zahlart Verwendungszweck Betrag AOK AOK Hessen Direktion 61281 Bad Homburg Überweisung 89878877 1.244,22 AOK AOK PLUS Die Gesundheit 01058 Dresden Überweisung 89878877 17.743,16 BKK BKK Linde 65030 Wiesbaden Überweisung 89878877",MEDIUM
UNCLEAR,"Arrears/outstanding context exists, but no repayment is documented.",2025-02-11,2025-01,AOK,,,ARREARS_OR_ENFORCEMENT_NOTICE,00_INBOX - Входящи - Eingang/Accounting_Organized/14_Duplicates/Lohnauswertungen__copy44.pdf,"Usti Nad Labem 27 1 09119 Chemnitz Übersicht Zahlungen im Januar 2025 Empfänger PLZ Ort Zahlart Verwendungszweck Betrag AOK AOK Hessen Direktion 61281 Bad Homburg Überweisung 89878877 1.244,22 AOK AOK PLUS Die Gesundheit 01058 Dresden Überweisung 89878877 17.743,16 BKK BKK Linde 65030 Wiesbaden Überweisung 89878877",MEDIUM
UNCLEAR,"Arrears/outstanding context exists, but no repayment is documented.",2025-02-11,2025-01,AOK,,,ARREARS_OR_ENFORCEMENT_NOTICE,00_INBOX - Входящи - Eingang/Accounting_Organized/14_Duplicates/Lohnauswertungen__copy8.pdf,"Usti Nad Labem 27 1 09119 Chemnitz Übersicht Zahlungen im Januar 2025 Empfänger PLZ Ort Zahlart Verwendungszweck Betrag AOK AOK Hessen Direktion 61281 Bad Homburg Überweisung 89878877 1.244,22 AOK AOK PLUS Die Gesundheit 01058 Dresden Überweisung 89878877 17.743,16 BKK BKK Linde 65030 Wiesbaden Überweisung 89878877",MEDIUM
NORMAL_MONTHLY_PAYMENT,Payment amount exists but no arrears context is stated.,2025-03-01,2025-03,AOK,549.39,,PAYMENT_EVIDENCE_OR_PAYMENT_LIST,00_INBOX - Входящи - Eingang/Accounting/Favorit MP Martin Zahariev _4029768_vom_01.03.2025.pdf,"Pro Monatliche Gebühren PRO 33 19 11,99 395,67 2 Wegfahrsperre All in Wegfahrsperre All in 33 19 2,00 66,00 461,67 Zwischensumme 19 % USt. auf € 461,67 87,72 Endbetrag 549,39 Per SEPA-Lastschrift wird der Rechnungsbetrag von 549,39 € zum Mandat 104670000001 zu der Gläubiger-Id DE45ZZZ00002191456 von Ihrem Konto DE95100100100925729109 bei der Postbank Ndl Deutsche Bank, PBNKDEFFXXX, zum Fälligkeitstag 14.03.2025 abgeb",HIGH
NORMAL_MONTHLY_PAYMENT,Payment amount exists but no arrears context is stated.,2025-03-01,2025-03,AOK,549.39,,PAYMENT_EVIDENCE_OR_PAYMENT_LIST,00_INBOX - Входящи - Eingang/Accounting_Organized/06_Bank_Payments/Favorit MP Martin Zahariev _4029768_vom_01.03.2025.pdf,"Pro Monatliche Gebühren PRO 33 19 11,99 395,67 2 Wegfahrsperre All in Wegfahrsperre All in 33 19 2,00 66,00 461,67 Zwischensumme 19 % USt. auf € 461,67 87,72 Endbetrag 549,39 Per SEPA-Lastschrift wird der Rechnungsbetrag von 549,39 € zum Mandat 104670000001 zu der Gläubiger-Id DE45ZZZ00002191456 von Ihrem Konto DE95100100100925729109 bei der Postbank Ndl Deutsche Bank, PBNKDEFFXXX, zum Fälligkeitstag 14.03.2025 abgeb",HIGH
NORMAL_MONTHLY_PAYMENT,Payment amount exists but no arrears context is stated.,2025-03-01,2025-03,AOK,549.39,,PAYMENT_EVIDENCE_OR_PAYMENT_LIST,00_INBOX - Входящи - Eingang/Accounting_Organized/06_Bank_Payments/Favorit MP Martin Zahariev _4029768_vom_01.03.2025__copy2.pdf,"Pro Monatliche Gebühren PRO 33 19 11,99 395,67 2 Wegfahrsperre All in Wegfahrsperre All in 33 19 2,00 66,00 461,67 Zwischensumme 19 % USt. auf € 461,67 87,72 Endbetrag 549,39 Per SEPA-Lastschrift wird der Rechnungsbetrag von 549,39 € zum Mandat 104670000001 zu der Gläubiger-Id DE45ZZZ00002191456 von Ihrem Konto DE95100100100925729109 bei der Postbank Ndl Deutsche Bank, PBNKDEFFXXX, zum Fälligkeitstag 14.03.2025 abgeb",HIGH
NORMAL_MONTHLY_PAYMENT,Payment amount exists but no arrears context is stated.,2025-03-01,2025-03,AOK,549.39,,PAYMENT_EVIDENCE_OR_PAYMENT_LIST,00_INBOX - Входящи - Eingang/Accounting_Organized/11_Contribution_Lists/Favorit MP Martin Zahariev _4029768_vom_01.03.2025.pdf,"Pro Monatliche Gebühren PRO 33 19 11,99 395,67 2 Wegfahrsperre All in Wegfahrsperre All in 33 19 2,00 66,00 461,67 Zwischensumme 19 % USt. auf € 461,67 87,72 Endbetrag 549,39 Per SEPA-Lastschrift wird der Rechnungsbetrag von 549,39 € zum Mandat 104670000001 zu der Gläubiger-Id DE45ZZZ00002191456 von Ihrem Konto DE95100100100925729109 bei der Postbank Ndl Deutsche Bank, PBNKDEFFXXX, zum Fälligkeitstag 14.03.2025 abgeb",HIGH
UNCLEAR,"Arrears/outstanding context exists, but no repayment is documented.",2025-03-10,2025-02,AOK,,,ARREARS_OR_ENFORCEMENT_NOTICE,00_INBOX - Входящи - Eingang/Accounting/2025/Entgeltbescheinigungen 02-2025.pdf,"Usti Nad Labem 27 1 09119 Chemnitz Übersicht Zahlungen im Februar 2025 Empfänger PLZ Ort Zahlart Verwendungszweck Betrag AOK AOK Hessen Direktion 61281 Bad Homburg Überweisung 89878877 1.158,76 AOK AOK PLUS Die Gesundheit 01058 Dresden Überweisung 89878877 13.812,22 BKK BKK Linde 65030 Wiesbaden Überweisung 89878877",MEDIUM
UNCLEAR,"Arrears/outstanding context exists, but no repayment is documented.",2025-03-10,2025-02,AOK,,,ARREARS_OR_ENFORCEMENT_NOTICE,00_INBOX - Входящи - Eingang/Accounting/ihrelohnauswertungenfebruar2025/Lohnauswertungen.pdf,"Usti Nad Labem 27 1 09119 Chemnitz Übersicht Zahlungen im Februar 2025 Empfänger PLZ Ort Zahlart Verwendungszweck Betrag AOK AOK Hessen Direktion 61281 Bad Homburg Überweisung 89878877 1.158,76 AOK AOK PLUS Die Gesundheit 01058 Dresden Überweisung 89878877 13.812,22 BKK BKK Linde 65030 Wiesbaden Überweisung 89878877",MEDIUM
UNCLEAR,"Arrears/outstanding context exists, but no repayment is documented.",2025-03-10,2025-02,AOK,,,ARREARS_OR_ENFORCEMENT_NOTICE,00_INBOX - Входящи - Eingang/Accounting_Organized/03_Employee_Payslips/Entgeltbescheinigungen 02-2025.pdf,"Usti Nad Labem 27 1 09119 Chemnitz Übersicht Zahlungen im Februar 2025 Empfänger PLZ Ort Zahlart Verwendungszweck Betrag AOK AOK Hessen Direktion 61281 Bad Homburg Überweisung 89878877 1.158,76 AOK AOK PLUS Die Gesundheit 01058 Dresden Überweisung 89878877 13.812,22 BKK BKK Linde 65030 Wiesbaden Überweisung 89878877",MEDIUM
UNCLEAR,"Arrears/outstanding context exists, but no repayment is documented.",2025-03-10,2025-02,AOK,,,ARREARS_OR_ENFORCEMENT_NOTICE,00_INBOX - Входящи - Eingang/Accounting_Organized/03_Employee_Payslips/Entgeltbescheinigungen 02-2025__copy2.pdf,"Usti Nad Labem 27 1 09119 Chemnitz Übersicht Zahlungen im Februar 2025 Empfänger PLZ Ort Zahlart Verwendungszweck Betrag AOK AOK Hessen Direktion 61281 Bad Homburg Überweisung 89878877 1.158,76 AOK AOK PLUS Die Gesundheit 01058 Dresden Überweisung 89878877 13.812,22 BKK BKK Linde 65030 Wiesbaden Überweisung 89878877",MEDIUM
UNCLEAR,"Arrears/outstanding context exists, but no repayment is documented.",2025-03-10,2025-02,AOK,,,ARREARS_OR_ENFORCEMENT_NOTICE,00_INBOX - Входящи - Eingang/Accounting_Organized/03_Employee_Payslips/Entgeltbescheinigungen 02-2025__copy3.pdf,"Usti Nad Labem 27 1 09119 Chemnitz Übersicht Zahlungen im Februar 2025 Empfänger PLZ Ort Zahlart Verwendungszweck Betrag AOK AOK Hessen Direktion 61281 Bad Homburg Überweisung 89878877 1.158,76 AOK AOK PLUS Die Gesundheit 01058 Dresden Überweisung 89878877 13.812,22 BKK BKK Linde 65030 Wiesbaden Überweisung 89878877",MEDIUM
UNCLEAR,"Arrears/outstanding context exists, but no repayment is documented.",2025-03-10,2025-02,AOK,,,ARREARS_OR_ENFORCEMENT_NOTICE,00_INBOX - Входящи - Eingang/Accounting_Organized/14_Duplicates/Lohnauswertungen__copy12.pdf,"Usti Nad Labem 27 1 09119 Chemnitz Übersicht Zahlungen im Februar 2025 Empfänger PLZ Ort Zahlart Verwendungszweck Betrag AOK AOK Hessen Direktion 61281 Bad Homburg Überweisung 89878877 1.158,76 AOK AOK PLUS Die Gesundheit 01058 Dresden Überweisung 89878877 13.812,22 BKK BKK Linde 65030 Wiesbaden Überweisung 89878877",MEDIUM
UNCLEAR,"Arrears/outstanding context exists, but no repayment is documented.",2025-03-10,2025-02,AOK,,,ARREARS_OR_ENFORCEMENT_NOTICE,00_INBOX - Входящи - Eingang/Accounting_Organized/14_Duplicates/Lohnauswertungen__copy30.pdf,"Usti Nad Labem 27 1 09119 Chemnitz Übersicht Zahlungen im Februar 2025 Empfänger PLZ Ort Zahlart Verwendungszweck Betrag AOK AOK Hessen Direktion 61281 Bad Homburg Überweisung 89878877 1.158,76 AOK AOK PLUS Die Gesundheit 01058 Dresden Überweisung 89878877 13.812,22 BKK BKK Linde 65030 Wiesbaden Überweisung 89878877",MEDIUM
UNCLEAR,"Arrears/outstanding context exists, but no repayment is documented.",2025-03-10,2025-02,AOK,,,ARREARS_OR_ENFORCEMENT_NOTICE,00_INBOX - Входящи - Eingang/Accounting_Organized/14_Duplicates/Lohnauswertungen__copy48.pdf,"Usti Nad Labem 27 1 09119 Chemnitz Übersicht Zahlungen im Februar 2025 Empfänger PLZ Ort Zahlart Verwendungszweck Betrag AOK AOK Hessen Direktion 61281 Bad Homburg Überweisung 89878877 1.158,76 AOK AOK PLUS Die Gesundheit 01058 Dresden Überweisung 89878877 13.812,22 BKK BKK Linde 65030 Wiesbaden Überweisung 89878877",MEDIUM
UNCLEAR,"Arrears/outstanding context exists, but no repayment is documented.",2025-03-14,2025-03,AOK,,,ARREARS_OR_ENFORCEMENT_NOTICE,"00_INBOX - Входящи - Eingang/Accounting/accountings122024/46583 - Rechnung 250253_2025 vom 14.03.2025, Aufträge 31_25, 33_24, 34_24, 34_25, Mandant 42303.pdf","n Lohnkonten und Anfertigung der Lohnabrechnung 595,00 EUR AN Dezember/2024 2 15,00 EUR Abmeldung eines Arbeitnehmers nach § 25 DEÜV 30,00 EUR AN Dezember/2024 1 15,00 EUR Pfändungen Garnishment 15,00 EUR AN Dezember/2024 3 15,00 EUR Erstellen eines Antrags auf Lohnfortzahlungserstattung Requests of reimbursement of wages for the health insurances 45,00 EUR AN Dezember/2024 1 25,00 EUR Arbeitsbescheinigung nach §312 ",MEDIUM
UNCLEAR,"Arrears/outstanding context exists, but no repayment is documented.",2025-03-14,2025-03,AOK,,,ARREARS_OR_ENFORCEMENT_NOTICE,"00_INBOX - Входящи - Eingang/Accounting_Organized/01_Accountant_Emails/46583 - Rechnung 250253_2025 vom 14.03.2025, Aufträge 31_25, 33_24, 34_24, 34_25, Mandant 42303.pdf","n Lohnkonten und Anfertigung der Lohnabrechnung 595,00 EUR AN Dezember/2024 2 15,00 EUR Abmeldung eines Arbeitnehmers nach § 25 DEÜV 30,00 EUR AN Dezember/2024 1 15,00 EUR Pfändungen Garnishment 15,00 EUR AN Dezember/2024 3 15,00 EUR Erstellen eines Antrags auf Lohnfortzahlungserstattung Requests of reimbursement of wages for the health insurances 45,00 EUR AN Dezember/2024 1 25,00 EUR Arbeitsbescheinigung nach §312 ",MEDIUM
UNCLEAR,"Arrears/outstanding context exists, but no repayment is documented.",2025-03-14,2025-03,AOK,,,ARREARS_OR_ENFORCEMENT_NOTICE,"00_INBOX - Входящи - Eingang/Accounting_Organized/08_Operating_Costs/46583 - Rechnung 250253_2025 vom 14.03.2025, Aufträge 31_25, 33_24, 34_24, 34_25, Mandant 42303.pdf","n Lohnkonten und Anfertigung der Lohnabrechnung 595,00 EUR AN Dezember/2024 2 15,00 EUR Abmeldung eines Arbeitnehmers nach § 25 DEÜV 30,00 EUR AN Dezember/2024 1 15,00 EUR Pfändungen Garnishment 15,00 EUR AN Dezember/2024 3 15,00 EUR Erstellen eines Antrags auf Lohnfortzahlungserstattung Requests of reimbursement of wages for the health insurances 45,00 EUR AN Dezember/2024 1 25,00 EUR Arbeitsbescheinigung nach §312 ",MEDIUM
UNCLEAR,"Arrears/outstanding context exists, but no repayment is documented.",2025-03-14,2025-03,AOK,,,ARREARS_OR_ENFORCEMENT_NOTICE,"00_INBOX - Входящи - Eingang/Accounting_Organized/08_Operating_Costs/46583 - Rechnung 250253_2025 vom 14.03.2025, Aufträge 31_25, 33_24, 34_24, 34_25, Mandant 42303__copy2.pdf","n Lohnkonten und Anfertigung der Lohnabrechnung 595,00 EUR AN Dezember/2024 2 15,00 EUR Abmeldung eines Arbeitnehmers nach § 25 DEÜV 30,00 EUR AN Dezember/2024 1 15,00 EUR Pfändungen Garnishment 15,00 EUR AN Dezember/2024 3 15,00 EUR Erstellen eines Antrags auf Lohnfortzahlungserstattung Requests of reimbursement of wages for the health insurances 45,00 EUR AN Dezember/2024 1 25,00 EUR Arbeitsbescheinigung nach §312 ",MEDIUM
UNCLEAR,"Arrears/outstanding context exists, but no repayment is documented.",2025-03-31,2025-03,AOK,,,ARREARS_OR_ENFORCEMENT_NOTICE,"00_INBOX - Входящи - Eingang/Accounting/accountings022025/46851 - Rechnung 250303_2025 vom 31.03.2025, Aufträge 31_25, 33_25, 34_25, Mandant 42303.pdf","ung von Lohnkonten und Aufnahme der Stammdaten 50,00 EUR AN Februar/2025 3 15,00 EUR Abmeldung eines Arbeitnehmers nach § 25 DEÜV 45,00 EUR AN Februar/2025 4 15,00 EUR Pfändungen Garnishment 60,00 EUR AN Februar/2025 1 25,00 EUR Arbeitsbescheinigung nach §312 SGB III 25,00 EUR AN Februar/2025 Seite 1 Übertrag 1.605,00 EUR [[page 2]] Mandantennummer: 42303 Rechnungsnummer: 250303 Rechnungsjahr: 2025 Übertrag 1.605,00 ",MEDIUM
UNCLEAR,"Arrears/outstanding context exists, but no repayment is documented.",2025-03-31,2025-03,AOK,,,ARREARS_OR_ENFORCEMENT_NOTICE,"00_INBOX - Входящи - Eingang/Accounting_Organized/01_Accountant_Emails/46851 - Rechnung 250303_2025 vom 31.03.2025, Aufträge 31_25, 33_25, 34_25, Mandant 42303.pdf","ung von Lohnkonten und Aufnahme der Stammdaten 50,00 EUR AN Februar/2025 3 15,00 EUR Abmeldung eines Arbeitnehmers nach § 25 DEÜV 45,00 EUR AN Februar/2025 4 15,00 EUR Pfändungen Garnishment 60,00 EUR AN Februar/2025 1 25,00 EUR Arbeitsbescheinigung nach §312 SGB III 25,00 EUR AN Februar/2025 Seite 1 Übertrag 1.605,00 EUR [[page 2]] Mandantennummer: 42303 Rechnungsnummer: 250303 Rechnungsjahr: 2025 Übertrag 1.605,00 ",MEDIUM
UNCLEAR,"Arrears/outstanding context exists, but no repayment is documented.",2025-03-31,2025-03,AOK,,,ARREARS_OR_ENFORCEMENT_NOTICE,"00_INBOX - Входящи - Eingang/Accounting_Organized/08_Operating_Costs/46851 - Rechnung 250303_2025 vom 31.03.2025, Aufträge 31_25, 33_25, 34_25, Mandant 42303.pdf","ung von Lohnkonten und Aufnahme der Stammdaten 50,00 EUR AN Februar/2025 3 15,00 EUR Abmeldung eines Arbeitnehmers nach § 25 DEÜV 45,00 EUR AN Februar/2025 4 15,00 EUR Pfändungen Garnishment 60,00 EUR AN Februar/2025 1 25,00 EUR Arbeitsbescheinigung nach §312 SGB III 25,00 EUR AN Februar/2025 Seite 1 Übertrag 1.605,00 EUR [[page 2]] Mandantennummer: 42303 Rechnungsnummer: 250303 Rechnungsjahr: 2025 Übertrag 1.605,00 ",MEDIUM
UNCLEAR,"Arrears/outstanding context exists, but no repayment is documented.",2025-03-31,2025-03,AOK,,,ARREARS_OR_ENFORCEMENT_NOTICE,"00_INBOX - Входящи - Eingang/Accounting_Organized/08_Operating_Costs/46851 - Rechnung 250303_2025 vom 31.03.2025, Aufträge 31_25, 33_25, 34_25, Mandant 42303__copy2.pdf","ung von Lohnkonten und Aufnahme der Stammdaten 50,00 EUR AN Februar/2025 3 15,00 EUR Abmeldung eines Arbeitnehmers nach § 25 DEÜV 45,00 EUR AN Februar/2025 4 15,00 EUR Pfändungen Garnishment 60,00 EUR AN Februar/2025 1 25,00 EUR Arbeitsbescheinigung nach §312 SGB III 25,00 EUR AN Februar/2025 Seite 1 Übertrag 1.605,00 EUR [[page 2]] Mandantennummer: 42303 Rechnungsnummer: 250303 Rechnungsjahr: 2025 Übertrag 1.605,00 ",MEDIUM
NORMAL_MONTHLY_PAYMENT,Payment amount exists but no arrears context is stated.,2025-04-01,2025-04,AOK,549.39,,PAYMENT_EVIDENCE_OR_PAYMENT_LIST,00_INBOX - Входящи - Eingang/Accounting/Favorit MP Martin Zahariev _4030475_vom_01.04.2025.pdf,"Pro Monatliche Gebühren PRO 33 19 11,99 395,67 2 Wegfahrsperre All in Wegfahrsperre All in 33 19 2,00 66,00 461,67 Zwischensumme 19 % USt. auf € 461,67 87,72 Endbetrag 549,39 Per SEPA-Lastschrift wird der Rechnungsbetrag von 549,39 € zum Mandat 104670000001 zu der Gläubiger-Id DE45ZZZ00002191456 von Ihrem Konto DE95100100100925729109 bei der Postbank Ndl Deutsche Bank, PBNKDEFFXXX, zum Fälligkeitstag 15.04.2025 abgeb",HIGH
NORMAL_MONTHLY_PAYMENT,Payment amount exists but no arrears context is stated.,2025-04-01,2025-04,AOK,549.39,,PAYMENT_EVIDENCE_OR_PAYMENT_LIST,00_INBOX - Входящи - Eingang/Accounting_Organized/06_Bank_Payments/Favorit MP Martin Zahariev _4030475_vom_01.04.2025.pdf,"Pro Monatliche Gebühren PRO 33 19 11,99 395,67 2 Wegfahrsperre All in Wegfahrsperre All in 33 19 2,00 66,00 461,67 Zwischensumme 19 % USt. auf € 461,67 87,72 Endbetrag 549,39 Per SEPA-Lastschrift wird der Rechnungsbetrag von 549,39 € zum Mandat 104670000001 zu der Gläubiger-Id DE45ZZZ00002191456 von Ihrem Konto DE95100100100925729109 bei der Postbank Ndl Deutsche Bank, PBNKDEFFXXX, zum Fälligkeitstag 15.04.2025 abgeb",HIGH
NORMAL_MONTHLY_PAYMENT,Payment amount exists but no arrears context is stated.,2025-04-01,2025-04,AOK,549.39,,PAYMENT_EVIDENCE_OR_PAYMENT_LIST,00_INBOX - Входящи - Eingang/Accounting_Organized/06_Bank_Payments/Favorit MP Martin Zahariev _4030475_vom_01.04.2025__copy2.pdf,"Pro Monatliche Gebühren PRO 33 19 11,99 395,67 2 Wegfahrsperre All in Wegfahrsperre All in 33 19 2,00 66,00 461,67 Zwischensumme 19 % USt. auf € 461,67 87,72 Endbetrag 549,39 Per SEPA-Lastschrift wird der Rechnungsbetrag von 549,39 € zum Mandat 104670000001 zu der Gläubiger-Id DE45ZZZ00002191456 von Ihrem Konto DE95100100100925729109 bei der Postbank Ndl Deutsche Bank, PBNKDEFFXXX, zum Fälligkeitstag 15.04.2025 abgeb",HIGH
NORMAL_MONTHLY_PAYMENT,Payment amount exists but no arrears context is stated.,2025-04-01,2025-04,AOK,549.39,,PAYMENT_EVIDENCE_OR_PAYMENT_LIST,00_INBOX - Входящи - Eingang/Accounting_Organized/11_Contribution_Lists/Favorit MP Martin Zahariev _4030475_vom_01.04.2025.pdf,"Pro Monatliche Gebühren PRO 33 19 11,99 395,67 2 Wegfahrsperre All in Wegfahrsperre All in 33 19 2,00 66,00 461,67 Zwischensumme 19 % USt. auf € 461,67 87,72 Endbetrag 549,39 Per SEPA-Lastschrift wird der Rechnungsbetrag von 549,39 € zum Mandat 104670000001 zu der Gläubiger-Id DE45ZZZ00002191456 von Ihrem Konto DE95100100100925729109 bei der Postbank Ndl Deutsche Bank, PBNKDEFFXXX, zum Fälligkeitstag 15.04.2025 abgeb",HIGH
UNCLEAR,"Arrears/outstanding context exists, but no repayment is documented.",2025-04-07,2025-03,AOK Hessen,,,ARREARS_OR_ENFORCEMENT_NOTICE,00_INBOX - Входящи - Eingang/Accounting/testpayrollandworkinghours/Lohnauswertungen_März_2025.pdf,"798/10001/00006 für März 2025 07.04.2025 1 00006 101077 1 30 12101077S175 AOK Hessen 1709101 1111 2 30 021018 310325 92316524205 AZK-Std. - Unterbrechung 15.-15.03.2025, 17.-17.03.2025 und 25.-31.03.2025 2000 Gehalt L L J 2.007,72",MEDIUM
UNCLEAR,"Arrears/outstanding context exists, but no repayment is documented.",2025-04-07,2025-03,AOK Hessen,,,ARREARS_OR_ENFORCEMENT_NOTICE,00_INBOX - Входящи - Eingang/Accounting_Organized/02_Payroll/Lohnauswertungen_März_2025.pdf,"798/10001/00006 für März 2025 07.04.2025 1 00006 101077 1 30 12101077S175 AOK Hessen 1709101 1111 2 30 021018 310325 92316524205 AZK-Std. - Unterbrechung 15.-15.03.2025, 17.-17.03.2025 und 25.-31.03.2025 2000 Gehalt L L J 2.007,72",MEDIUM
UNCLEAR,"Arrears/outstanding context exists, but no repayment is documented.",2025-04-07,2025-03,AOK Hessen,,,ARREARS_OR_ENFORCEMENT_NOTICE,00_INBOX - Входящи - Eingang/Accounting_Organized/02_Payroll/Lohnauswertungen_März_2025__copy2.pdf,"798/10001/00006 für März 2025 07.04.2025 1 00006 101077 1 30 12101077S175 AOK Hessen 1709101 1111 2 30 021018 310325 92316524205 AZK-Std. - Unterbrechung 15.-15.03.2025, 17.-17.03.2025 und 25.-31.03.2025 2000 Gehalt L L J 2.007,72",MEDIUM
UNCLEAR,"Arrears/outstanding context exists, but no repayment is documented.",2025-04-07,2025-03,AOK Hessen,,,ARREARS_OR_ENFORCEMENT_NOTICE,00_INBOX - Входящи - Eingang/Accounting_Organized/02_Payroll/Lohnauswertungen_März_2025__copy3.pdf,"798/10001/00006 für März 2025 07.04.2025 1 00006 101077 1 30 12101077S175 AOK Hessen 1709101 1111 2 30 021018 310325 92316524205 AZK-Std. - Unterbrechung 15.-15.03.2025, 17.-17.03.2025 und 25.-31.03.2025 2000 Gehalt L L J 2.007,72",MEDIUM
UNCLEAR,"Arrears/outstanding context exists, but no repayment is documented.",2025-04-07,2025-03,AOK PLUS,,,ARREARS_OR_ENFORCEMENT_NOTICE,00_INBOX - Входящи - Eingang/Accounting/testpayrollandworkinghours/Lohnauswertungen_März_2025.pdf,"798/10001/00006 für März 2025 07.04.2025 1 00006 101077 1 30 12101077S175 AOK Hessen 1709101 1111 2 30 021018 310325 92316524205 AZK-Std. - Unterbrechung 15.-15.03.2025, 17.-17.03.2025 und 25.-31.03.2025 2000 Gehalt L L J 2.007,72",MEDIUM
UNCLEAR,"Arrears/outstanding context exists, but no repayment is documented.",2025-04-07,2025-03,AOK PLUS,,,ARREARS_OR_ENFORCEMENT_NOTICE,00_INBOX - Входящи - Eingang/Accounting_Organized/02_Payroll/Lohnauswertungen_März_2025.pdf,"798/10001/00006 für März 2025 07.04.2025 1 00006 101077 1 30 12101077S175 AOK Hessen 1709101 1111 2 30 021018 310325 92316524205 AZK-Std. - Unterbrechung 15.-15.03.2025, 17.-17.03.2025 und 25.-31.03.2025 2000 Gehalt L L J 2.007,72",MEDIUM
UNCLEAR,"Arrears/outstanding context exists, but no repayment is documented.",2025-04-07,2025-03,AOK PLUS,,,ARREARS_OR_ENFORCEMENT_NOTICE,00_INBOX - Входящи - Eingang/Accounting_Organized/02_Payroll/Lohnauswertungen_März_2025__copy2.pdf,"798/10001/00006 für März 2025 07.04.2025 1 00006 101077 1 30 12101077S175 AOK Hessen 1709101 1111 2 30 021018 310325 92316524205 AZK-Std. - Unterbrechung 15.-15.03.2025, 17.-17.03.2025 und 25.-31.03.2025 2000 Gehalt L L J 2.007,72",MEDIUM
UNCLEAR,"Arrears/outstanding context exists, but no repayment is documented.",2025-04-07,2025-03,AOK PLUS,,,ARREARS_OR_ENFORCEMENT_NOTICE,00_INBOX - Входящи - Eingang/Accounting_Organized/02_Payroll/Lohnauswertungen_März_2025__copy3.pdf,"798/10001/00006 für März 2025 07.04.2025 1 00006 101077 1 30 12101077S175 AOK Hessen 1709101 1111 2 30 021018 310325 92316524205 AZK-Std. - Unterbrechung 15.-15.03.2025, 17.-17.03.2025 und 25.-31.03.2025 2000 Gehalt L L J 2.007,72",MEDIUM
UNCLEAR,"Arrears/outstanding context exists, but no repayment is documented.",2025-04-07,2025-03,BKK Linde,,,ARREARS_OR_ENFORCEMENT_NOTICE,00_INBOX - Входящи - Eingang/Accounting/testpayrollandworkinghours/Lohnauswertungen_März_2025.pdf,"798/10001/00006 für März 2025 07.04.2025 1 00006 101077 1 30 12101077S175 AOK Hessen 1709101 1111 2 30 021018 310325 92316524205 AZK-Std. - Unterbrechung 15.-15.03.2025, 17.-17.03.2025 und 25.-31.03.2025 2000 Gehalt L L J 2.007,72",MEDIUM
UNCLEAR,"Arrears/outstanding context exists, but no repayment is documented.",2025-04-07,2025-03,BKK Linde,,,ARREARS_OR_ENFORCEMENT_NOTICE,00_INBOX - Входящи - Eingang/Accounting_Organized/02_Payroll/Lohnauswertungen_März_2025.pdf,"798/10001/00006 für März 2025 07.04.2025 1 00006 101077 1 30 12101077S175 AOK Hessen 1709101 1111 2 30 021018 310325 92316524205 AZK-Std. - Unterbrechung 15.-15.03.2025, 17.-17.03.2025 und 25.-31.03.2025 2000 Gehalt L L J 2.007,72",MEDIUM
UNCLEAR,"Arrears/outstanding context exists, but no repayment is documented.",2025-04-07,2025-03,BKK Linde,,,ARREARS_OR_ENFORCEMENT_NOTICE,00_INBOX - Входящи - Eingang/Accounting_Organized/02_Payroll/Lohnauswertungen_März_2025__copy2.pdf,"798/10001/00006 für März 2025 07.04.2025 1 00006 101077 1 30 12101077S175 AOK Hessen 1709101 1111 2 30 021018 310325 92316524205 AZK-Std. - Unterbrechung 15.-15.03.2025, 17.-17.03.2025 und 25.-31.03.2025 2000 Gehalt L L J 2.007,72",MEDIUM
UNCLEAR,"Arrears/outstanding context exists, but no repayment is documented.",2025-04-07,2025-03,BKK Linde,,,ARREARS_OR_ENFORCEMENT_NOTICE,00_INBOX - Входящи - Eingang/Accounting_Organized/02_Payroll/Lohnauswertungen_März_2025__copy3.pdf,"798/10001/00006 für März 2025 07.04.2025 1 00006 101077 1 30 12101077S175 AOK Hessen 1709101 1111 2 30 021018 310325 92316524205 AZK-Std. - Unterbrechung 15.-15.03.2025, 17.-17.03.2025 und 25.-31.03.2025 2000 Gehalt L L J 2.007,72",MEDIUM
UNCLEAR,"Arrears/outstanding context exists, but no repayment is documented.",2025-04-07,2025-03,Techniker Krankenkasse,,,ARREARS_OR_ENFORCEMENT_NOTICE,00_INBOX - Входящи - Eingang/Accounting/testpayrollandworkinghours/Lohnauswertungen_März_2025.pdf,"798/10001/00006 für März 2025 07.04.2025 1 00006 101077 1 30 12101077S175 AOK Hessen 1709101 1111 2 30 021018 310325 92316524205 AZK-Std. - Unterbrechung 15.-15.03.2025, 17.-17.03.2025 und 25.-31.03.2025 2000 Gehalt L L J 2.007,72",MEDIUM
UNCLEAR,"Arrears/outstanding context exists, but no repayment is documented.",2025-04-07,2025-03,Techniker Krankenkasse,,,ARREARS_OR_ENFORCEMENT_NOTICE,00_INBOX - Входящи - Eingang/Accounting_Organized/02_Payroll/Lohnauswertungen_März_2025.pdf,"798/10001/00006 für März 2025 07.04.2025 1 00006 101077 1 30 12101077S175 AOK Hessen 1709101 1111 2 30 021018 310325 92316524205 AZK-Std. - Unterbrechung 15.-15.03.2025, 17.-17.03.2025 und 25.-31.03.2025 2000 Gehalt L L J 2.007,72",MEDIUM
UNCLEAR,"Arrears/outstanding context exists, but no repayment is documented.",2025-04-07,2025-03,Techniker Krankenkasse,,,ARREARS_OR_ENFORCEMENT_NOTICE,00_INBOX - Входящи - Eingang/Accounting_Organized/02_Payroll/Lohnauswertungen_März_2025__copy2.pdf,"798/10001/00006 für März 2025 07.04.2025 1 00006 101077 1 30 12101077S175 AOK Hessen 1709101 1111 2 30 021018 310325 92316524205 AZK-Std. - Unterbrechung 15.-15.03.2025, 17.-17.03.2025 und 25.-31.03.2025 2000 Gehalt L L J 2.007,72",MEDIUM
UNCLEAR,"Arrears/outstanding context exists, but no repayment is documented.",2025-04-07,2025-03,Techniker Krankenkasse,,,ARREARS_OR_ENFORCEMENT_NOTICE,00_INBOX - Входящи - Eingang/Accounting_Organized/02_Payroll/Lohnauswertungen_März_2025__copy3.pdf,"798/10001/00006 für März 2025 07.04.2025 1 00006 101077 1 30 12101077S175 AOK Hessen 1709101 1111 2 30 021018 310325 92316524205 AZK-Std. - Unterbrechung 15.-15.03.2025, 17.-17.03.2025 und 25.-31.03.2025 2000 Gehalt L L J 2.007,72",MEDIUM
UNCLEAR,"Arrears/outstanding context exists, but no repayment is documented.",2025-04-09,2025-03,AOK,,,ARREARS_OR_ENFORCEMENT_NOTICE,00_INBOX - Входящи - Eingang/Accounting/2025/Entgeltbescheinigungen 03-2025.pdf,"Usti Nad Labem 27 1 09119 Chemnitz Übersicht Zahlungen im März 2025 Empfänger PLZ Ort Zahlart Verwendungszweck Betrag AOK Hessen 61281 Bad Homburg Überweisung 89878877 1.201,49 AOK PLUS 01058 Dresden Überweisung 89878877 11.205,00 BKK Linde 65030 Wiesbaden Überweisung 89878877",MEDIUM
UNCLEAR,"Arrears/outstanding context exists, but no repayment is documented.",2025-04-09,2025-03,AOK,,,ARREARS_OR_ENFORCEMENT_NOTICE,00_INBOX - Входящи - Eingang/Accounting/ihrelohnauswertungenmrz2025/Lohnauswertungen.pdf,"Usti Nad Labem 27 1 09119 Chemnitz Übersicht Zahlungen im März 2025 Empfänger PLZ Ort Zahlart Verwendungszweck Betrag AOK Hessen 61281 Bad Homburg Überweisung 89878877 1.201,49 AOK PLUS 01058 Dresden Überweisung 89878877 11.205,00 BKK Linde 65030 Wiesbaden Überweisung 89878877",MEDIUM
UNCLEAR,"Arrears/outstanding context exists, but no repayment is documented.",2025-04-09,2025-03,AOK,,,ARREARS_OR_ENFORCEMENT_NOTICE,00_INBOX - Входящи - Eingang/Accounting_Organized/03_Employee_Payslips/Entgeltbescheinigungen 03-2025.pdf,"Usti Nad Labem 27 1 09119 Chemnitz Übersicht Zahlungen im März 2025 Empfänger PLZ Ort Zahlart Verwendungszweck Betrag AOK Hessen 61281 Bad Homburg Überweisung 89878877 1.201,49 AOK PLUS 01058 Dresden Überweisung 89878877 11.205,00 BKK Linde 65030 Wiesbaden Überweisung 89878877",MEDIUM
UNCLEAR,"Arrears/outstanding context exists, but no repayment is documented.",2025-04-09,2025-03,AOK,,,ARREARS_OR_ENFORCEMENT_NOTICE,00_INBOX - Входящи - Eingang/Accounting_Organized/03_Employee_Payslips/Entgeltbescheinigungen 03-2025__copy2.pdf,"Usti Nad Labem 27 1 09119 Chemnitz Übersicht Zahlungen im März 2025 Empfänger PLZ Ort Zahlart Verwendungszweck Betrag AOK Hessen 61281 Bad Homburg Überweisung 89878877 1.201,49 AOK PLUS 01058 Dresden Überweisung 89878877 11.205,00 BKK Linde 65030 Wiesbaden Überweisung 89878877",MEDIUM
UNCLEAR,"Arrears/outstanding context exists, but no repayment is documented.",2025-04-09,2025-03,AOK,,,ARREARS_OR_ENFORCEMENT_NOTICE,00_INBOX - Входящи - Eingang/Accounting_Organized/03_Employee_Payslips/Entgeltbescheinigungen 03-2025__copy3.pdf,"Usti Nad Labem 27 1 09119 Chemnitz Übersicht Zahlungen im März 2025 Empfänger PLZ Ort Zahlart Verwendungszweck Betrag AOK Hessen 61281 Bad Homburg Überweisung 89878877 1.201,49 AOK PLUS 01058 Dresden Überweisung 89878877 11.205,00 BKK Linde 65030 Wiesbaden Überweisung 89878877",MEDIUM
UNCLEAR,"Arrears/outstanding context exists, but no repayment is documented.",2025-04-09,2025-03,AOK,,,ARREARS_OR_ENFORCEMENT_NOTICE,00_INBOX - Входящи - Eingang/Accounting_Organized/14_Duplicates/Lohnauswertungen__copy16.pdf,"Usti Nad Labem 27 1 09119 Chemnitz Übersicht Zahlungen im März 2025 Empfänger PLZ Ort Zahlart Verwendungszweck Betrag AOK Hessen 61281 Bad Homburg Überweisung 89878877 1.201,49 AOK PLUS 01058 Dresden Überweisung 89878877 11.205,00 BKK Linde 65030 Wiesbaden Überweisung 89878877",MEDIUM
UNCLEAR,"Arrears/outstanding context exists, but no repayment is documented.",2025-04-09,2025-03,AOK,,,ARREARS_OR_ENFORCEMENT_NOTICE,00_INBOX - Входящи - Eingang/Accounting_Organized/14_Duplicates/Lohnauswertungen__copy34.pdf,"Usti Nad Labem 27 1 09119 Chemnitz Übersicht Zahlungen im März 2025 Empfänger PLZ Ort Zahlart Verwendungszweck Betrag AOK Hessen 61281 Bad Homburg Überweisung 89878877 1.201,49 AOK PLUS 01058 Dresden Überweisung 89878877 11.205,00 BKK Linde 65030 Wiesbaden Überweisung 89878877",MEDIUM
UNCLEAR,"Arrears/outstanding context exists, but no repayment is documented.",2025-04-09,2025-03,AOK,,,ARREARS_OR_ENFORCEMENT_NOTICE,00_INBOX - Входящи - Eingang/Accounting_Organized/14_Duplicates/Lohnauswertungen__copy52.pdf,"Usti Nad Labem 27 1 09119 Chemnitz Übersicht Zahlungen im März 2025 Empfänger PLZ Ort Zahlart Verwendungszweck Betrag AOK Hessen 61281 Bad Homburg Überweisung 89878877 1.201,49 AOK PLUS 01058 Dresden Überweisung 89878877 11.205,00 BKK Linde 65030 Wiesbaden Überweisung 89878877",MEDIUM
UNCLEAR,"Arrears/outstanding context exists, but no repayment is documented.",2025-05-13,2025-04,AOK,,,ARREARS_OR_ENFORCEMENT_NOTICE,00_INBOX - Входящи - Eingang/Accounting/2025/Entgeltbescheinigungen 04-2025.pdf,"i 2013 AG-Anteile zur Zukunftssicherung. Ab Juni 2013 setzt sich das Gesamtbrutto ohne diese AG-Anteile gemäß EntgeltBeschVO zusammen. 4) 4) 4) 6) Gesamtbrutto Auszahlungsbetrag Nettobezüge/-abzüge 2) AN- Typ Faktor 4) 4) 4) 4) 5) 6) Ki.PV 659798 Martin Zahariev 90D 13.05.2025 10001 Usti Nad Labem 27 1 09119 Chemnitz April 2025 00007 1 Georgiev, Emil 2.58000 2.58000 2.58000 2.",MEDIUM
UNCLEAR,"Arrears/outstanding context exists, but no repayment is documented.",2025-05-13,2025-04,AOK,,,ARREARS_OR_ENFORCEMENT_NOTICE,00_INBOX - Входящи - Eingang/Accounting/ihrelohnauswertungenapril2025/Lohnauswertungen.pdf,"i 2013 AG-Anteile zur Zukunftssicherung. Ab Juni 2013 setzt sich das Gesamtbrutto ohne diese AG-Anteile gemäß EntgeltBeschVO zusammen. 4) 4) 4) 6) Gesamtbrutto Auszahlungsbetrag Nettobezüge/-abzüge 2) AN- Typ Faktor 4) 4) 4) 4) 5) 6) Ki.PV 659798 Martin Zahariev 90D 13.05.2025 10001 Usti Nad Labem 27 1 09119 Chemnitz April 2025 00007 1 Georgiev, Emil 2.58000 2.58000 2.58000 2.",MEDIUM
UNCLEAR,"Arrears/outstanding context exists, but no repayment is documented.",2025-05-13,2025-04,AOK,,,ARREARS_OR_ENFORCEMENT_NOTICE,00_INBOX - Входящи - Eingang/Accounting_Organized/03_Employee_Payslips/Entgeltbescheinigungen 04-2025.pdf,"i 2013 AG-Anteile zur Zukunftssicherung. Ab Juni 2013 setzt sich das Gesamtbrutto ohne diese AG-Anteile gemäß EntgeltBeschVO zusammen. 4) 4) 4) 6) Gesamtbrutto Auszahlungsbetrag Nettobezüge/-abzüge 2) AN- Typ Faktor 4) 4) 4) 4) 5) 6) Ki.PV 659798 Martin Zahariev 90D 13.05.2025 10001 Usti Nad Labem 27 1 09119 Chemnitz April 2025 00007 1 Georgiev, Emil 2.58000 2.58000 2.58000 2.",MEDIUM
UNCLEAR,"Arrears/outstanding context exists, but no repayment is documented.",2025-05-13,2025-04,AOK,,,ARREARS_OR_ENFORCEMENT_NOTICE,00_INBOX - Входящи - Eingang/Accounting_Organized/03_Employee_Payslips/Entgeltbescheinigungen 04-2025__copy2.pdf,"i 2013 AG-Anteile zur Zukunftssicherung. Ab Juni 2013 setzt sich das Gesamtbrutto ohne diese AG-Anteile gemäß EntgeltBeschVO zusammen. 4) 4) 4) 6) Gesamtbrutto Auszahlungsbetrag Nettobezüge/-abzüge 2) AN- Typ Faktor 4) 4) 4) 4) 5) 6) Ki.PV 659798 Martin Zahariev 90D 13.05.2025 10001 Usti Nad Labem 27 1 09119 Chemnitz April 2025 00007 1 Georgiev, Emil 2.58000 2.58000 2.58000 2.",MEDIUM
UNCLEAR,"Arrears/outstanding context exists, but no repayment is documented.",2025-05-13,2025-04,AOK,,,ARREARS_OR_ENFORCEMENT_NOTICE,00_INBOX - Входящи - Eingang/Accounting_Organized/03_Employee_Payslips/Entgeltbescheinigungen 04-2025__copy3.pdf,"i 2013 AG-Anteile zur Zukunftssicherung. Ab Juni 2013 setzt sich das Gesamtbrutto ohne diese AG-Anteile gemäß EntgeltBeschVO zusammen. 4) 4) 4) 6) Gesamtbrutto Auszahlungsbetrag Nettobezüge/-abzüge 2) AN- Typ Faktor 4) 4) 4) 4) 5) 6) Ki.PV 659798 Martin Zahariev 90D 13.05.2025 10001 Usti Nad Labem 27 1 09119 Chemnitz April 2025 00007 1 Georgiev, Emil 2.58000 2.58000 2.58000 2.",MEDIUM
UNCLEAR,"Arrears/outstanding context exists, but no repayment is documented.",2025-05-13,2025-04,AOK,,,ARREARS_OR_ENFORCEMENT_NOTICE,00_INBOX - Входящи - Eingang/Accounting_Organized/14_Duplicates/Lohnauswertungen__copy10.pdf,"i 2013 AG-Anteile zur Zukunftssicherung. Ab Juni 2013 setzt sich das Gesamtbrutto ohne diese AG-Anteile gemäß EntgeltBeschVO zusammen. 4) 4) 4) 6) Gesamtbrutto Auszahlungsbetrag Nettobezüge/-abzüge 2) AN- Typ Faktor 4) 4) 4) 4) 5) 6) Ki.PV 659798 Martin Zahariev 90D 13.05.2025 10001 Usti Nad Labem 27 1 09119 Chemnitz April 2025 00007 1 Georgiev, Emil 2.58000 2.58000 2.58000 2.",MEDIUM
UNCLEAR,"Arrears/outstanding context exists, but no repayment is documented.",2025-05-13,2025-04,AOK,,,ARREARS_OR_ENFORCEMENT_NOTICE,00_INBOX - Входящи - Eingang/Accounting_Organized/14_Duplicates/Lohnauswertungen__copy28.pdf,"i 2013 AG-Anteile zur Zukunftssicherung. Ab Juni 2013 setzt sich das Gesamtbrutto ohne diese AG-Anteile gemäß EntgeltBeschVO zusammen. 4) 4) 4) 6) Gesamtbrutto Auszahlungsbetrag Nettobezüge/-abzüge 2) AN- Typ Faktor 4) 4) 4) 4) 5) 6) Ki.PV 659798 Martin Zahariev 90D 13.05.2025 10001 Usti Nad Labem 27 1 09119 Chemnitz April 2025 00007 1 Georgiev, Emil 2.58000 2.58000 2.58000 2.",MEDIUM
UNCLEAR,"Arrears/outstanding context exists, but no repayment is documented.",2025-05-13,2025-04,AOK,,,ARREARS_OR_ENFORCEMENT_NOTICE,00_INBOX - Входящи - Eingang/Accounting_Organized/14_Duplicates/Lohnauswertungen__copy46.pdf,"i 2013 AG-Anteile zur Zukunftssicherung. Ab Juni 2013 setzt sich das Gesamtbrutto ohne diese AG-Anteile gemäß EntgeltBeschVO zusammen. 4) 4) 4) 6) Gesamtbrutto Auszahlungsbetrag Nettobezüge/-abzüge 2) AN- Typ Faktor 4) 4) 4) 4) 5) 6) Ki.PV 659798 Martin Zahariev 90D 13.05.2025 10001 Usti Nad Labem 27 1 09119 Chemnitz April 2025 00007 1 Georgiev, Emil 2.58000 2.58000 2.58000 2.",MEDIUM
UNCLEAR,"Arrears/outstanding context exists, but no repayment is documented.",2025-05-14,2025-04,AOK PLUS,,,ARREARS_OR_ENFORCEMENT_NOTICE,00_INBOX - Входящи - Eingang/Accounting/Lohnauswertungen_April_2025.pdf,ise zur Abrechnung Brutto-Bezüge Betrag Lohnart Bezeichnung Einheit Menge Faktor 3 Prozentsatz St SV GB 4 4 5 Gesamt-Brutto Steuerrechtliche Abzüge Netto-Verdienst Betrag Auszahlungsbetrag SV-rechtliche Abzüge Steuer/Sozialversicherung Netto-Bezüge/Netto-Abzüge St Steuer-Brutto Lohnsteuer Kirchensteuer Solidaritätszuschlag St4 SV4 KV-Brutto RV-Brutto AV-Brutto PV-Brutto KV-Beitrag RV-Beitrag AV-Beitrag PV-Beitrag6 SV,MEDIUM
UNCLEAR,"Arrears/outstanding context exists, but no repayment is documented.",2025-05-14,2025-04,AOK PLUS,,,ARREARS_OR_ENFORCEMENT_NOTICE,00_INBOX - Входящи - Eingang/Accounting_Organized/02_Payroll/Lohnauswertungen_April_2025.pdf,ise zur Abrechnung Brutto-Bezüge Betrag Lohnart Bezeichnung Einheit Menge Faktor 3 Prozentsatz St SV GB 4 4 5 Gesamt-Brutto Steuerrechtliche Abzüge Netto-Verdienst Betrag Auszahlungsbetrag SV-rechtliche Abzüge Steuer/Sozialversicherung Netto-Bezüge/Netto-Abzüge St Steuer-Brutto Lohnsteuer Kirchensteuer Solidaritätszuschlag St4 SV4 KV-Brutto RV-Brutto AV-Brutto PV-Brutto KV-Beitrag RV-Beitrag AV-Beitrag PV-Beitrag6 SV,MEDIUM
UNCLEAR,"Arrears/outstanding context exists, but no repayment is documented.",2025-05-14,2025-04,AOK PLUS,,,ARREARS_OR_ENFORCEMENT_NOTICE,00_INBOX - Входящи - Eingang/Accounting_Organized/02_Payroll/Lohnauswertungen_April_2025__copy2.pdf,ise zur Abrechnung Brutto-Bezüge Betrag Lohnart Bezeichnung Einheit Menge Faktor 3 Prozentsatz St SV GB 4 4 5 Gesamt-Brutto Steuerrechtliche Abzüge Netto-Verdienst Betrag Auszahlungsbetrag SV-rechtliche Abzüge Steuer/Sozialversicherung Netto-Bezüge/Netto-Abzüge St Steuer-Brutto Lohnsteuer Kirchensteuer Solidaritätszuschlag St4 SV4 KV-Brutto RV-Brutto AV-Brutto PV-Brutto KV-Beitrag RV-Beitrag AV-Beitrag PV-Beitrag6 SV,MEDIUM
UNCLEAR,"Arrears/outstanding context exists, but no repayment is documented.",2025-05-14,2025-04,AOK PLUS,,,ARREARS_OR_ENFORCEMENT_NOTICE,00_INBOX - Входящи - Eingang/Accounting_Organized/13_Unknown_To_Review/Lohnauswertungen_April_2025.pdf,ise zur Abrechnung Brutto-Bezüge Betrag Lohnart Bezeichnung Einheit Menge Faktor 3 Prozentsatz St SV GB 4 4 5 Gesamt-Brutto Steuerrechtliche Abzüge Netto-Verdienst Betrag Auszahlungsbetrag SV-rechtliche Abzüge Steuer/Sozialversicherung Netto-Bezüge/Netto-Abzüge St Steuer-Brutto Lohnsteuer Kirchensteuer Solidaritätszuschlag St4 SV4 KV-Brutto RV-Brutto AV-Brutto PV-Brutto KV-Beitrag RV-Beitrag AV-Beitrag PV-Beitrag6 SV,MEDIUM
UNCLEAR,"Arrears/outstanding context exists, but no repayment is documented.",2025-05-14,2025-04,DAK,,,ARREARS_OR_ENFORCEMENT_NOTICE,00_INBOX - Входящи - Eingang/Accounting/Lohnauswertungen_April_2025.pdf,ise zur Abrechnung Brutto-Bezüge Betrag Lohnart Bezeichnung Einheit Menge Faktor 3 Prozentsatz St SV GB 4 4 5 Gesamt-Brutto Steuerrechtliche Abzüge Netto-Verdienst Betrag Auszahlungsbetrag SV-rechtliche Abzüge Steuer/Sozialversicherung Netto-Bezüge/Netto-Abzüge St Steuer-Brutto Lohnsteuer Kirchensteuer Solidaritätszuschlag St4 SV4 KV-Brutto RV-Brutto AV-Brutto PV-Brutto KV-Beitrag RV-Beitrag AV-Beitrag PV-Beitrag6 SV,MEDIUM
UNCLEAR,"Arrears/outstanding context exists, but no repayment is documented.",2025-05-14,2025-04,DAK,,,ARREARS_OR_ENFORCEMENT_NOTICE,00_INBOX - Входящи - Eingang/Accounting_Organized/02_Payroll/Lohnauswertungen_April_2025.pdf,ise zur Abrechnung Brutto-Bezüge Betrag Lohnart Bezeichnung Einheit Menge Faktor 3 Prozentsatz St SV GB 4 4 5 Gesamt-Brutto Steuerrechtliche Abzüge Netto-Verdienst Betrag Auszahlungsbetrag SV-rechtliche Abzüge Steuer/Sozialversicherung Netto-Bezüge/Netto-Abzüge St Steuer-Brutto Lohnsteuer Kirchensteuer Solidaritätszuschlag St4 SV4 KV-Brutto RV-Brutto AV-Brutto PV-Brutto KV-Beitrag RV-Beitrag AV-Beitrag PV-Beitrag6 SV,MEDIUM
UNCLEAR,"Arrears/outstanding context exists, but no repayment is documented.",2025-05-14,2025-04,DAK,,,ARREARS_OR_ENFORCEMENT_NOTICE,00_INBOX - Входящи - Eingang/Accounting_Organized/02_Payroll/Lohnauswertungen_April_2025__copy2.pdf,ise zur Abrechnung Brutto-Bezüge Betrag Lohnart Bezeichnung Einheit Menge Faktor 3 Prozentsatz St SV GB 4 4 5 Gesamt-Brutto Steuerrechtliche Abzüge Netto-Verdienst Betrag Auszahlungsbetrag SV-rechtliche Abzüge Steuer/Sozialversicherung Netto-Bezüge/Netto-Abzüge St Steuer-Brutto Lohnsteuer Kirchensteuer Solidaritätszuschlag St4 SV4 KV-Brutto RV-Brutto AV-Brutto PV-Brutto KV-Beitrag RV-Beitrag AV-Beitrag PV-Beitrag6 SV,MEDIUM
UNCLEAR,"Arrears/outstanding context exists, but no repayment is documented.",2025-05-14,2025-04,DAK,,,ARREARS_OR_ENFORCEMENT_NOTICE,00_INBOX - Входящи - Eingang/Accounting_Organized/13_Unknown_To_Review/Lohnauswertungen_April_2025.pdf,ise zur Abrechnung Brutto-Bezüge Betrag Lohnart Bezeichnung Einheit Menge Faktor 3 Prozentsatz St SV GB 4 4 5 Gesamt-Brutto Steuerrechtliche Abzüge Netto-Verdienst Betrag Auszahlungsbetrag SV-rechtliche Abzüge Steuer/Sozialversicherung Netto-Bezüge/Netto-Abzüge St Steuer-Brutto Lohnsteuer Kirchensteuer Solidaritätszuschlag St4 SV4 KV-Brutto RV-Brutto AV-Brutto PV-Brutto KV-Beitrag RV-Beitrag AV-Beitrag PV-Beitrag6 SV,MEDIUM
TRUE_ARREARS_REPAYMENT,Payment is linked to arrears/enforcement/overdue context.,,2025-06,AOK Plus,5.20,2494.00,HEALTH_INSURANCE_EXTRACTED_ROW,00_INBOX - Входящи - Eingang/Accounting_Organized/04_Health_Insurance/Tabelle nach § 175 InsO mit Grund des Bestreitens.pdf,"Beiträge EUR GESAMTFORDERUNG 30.000,00",HIGH
UNCLEAR,"Arrears/outstanding context exists, but no repayment is documented.",2025-06-10,2025-05,AOK,,,ARREARS_OR_ENFORCEMENT_NOTICE,00_INBOX - Входящи - Eingang/Accounting/2025/Entgeltbescheinigungen 05-2025.pdf,"i 2013 AG-Anteile zur Zukunftssicherung. Ab Juni 2013 setzt sich das Gesamtbrutto ohne diese AG-Anteile gemäß EntgeltBeschVO zusammen. 4) 4) 4) 6) Gesamtbrutto Auszahlungsbetrag Nettobezüge/-abzüge 2) AN- Typ Faktor 4) 4) 4) 4) 5) 6) Ki.PV 659798 Martin Zahariev C08 10.06.2025 10001 Usti Nad Labem 27 1 09119 Chemnitz Mai 2025 00007 1 Georgiev, Emil 2.58000 2.58000 2.58000 2.58",MEDIUM
UNCLEAR,"Arrears/outstanding context exists, but no repayment is documented.",2025-06-10,2013-05,AOK,,,ARREARS_OR_ENFORCEMENT_NOTICE,00_INBOX - Входящи - Eingang/Accounting/ihrelohnauswertungenmai2025/Lohnauswertungen.pdf,"i 2013 AG-Anteile zur Zukunftssicherung. Ab Juni 2013 setzt sich das Gesamtbrutto ohne diese AG-Anteile gemäß EntgeltBeschVO zusammen. 4) 4) 4) 6) Gesamtbrutto Auszahlungsbetrag Nettobezüge/-abzüge 2) AN- Typ Faktor 4) 4) 4) 4) 5) 6) Ki.PV 659798 Martin Zahariev C08 10.06.2025 10001 Usti Nad Labem 27 1 09119 Chemnitz Mai 2025 00007 1 Georgiev, Emil 2.58000 2.58000 2.58000 2.58",MEDIUM
UNCLEAR,"Arrears/outstanding context exists, but no repayment is documented.",2025-06-10,2025-05,AOK,,,ARREARS_OR_ENFORCEMENT_NOTICE,00_INBOX - Входящи - Eingang/Accounting_Organized/03_Employee_Payslips/Entgeltbescheinigungen 05-2025.pdf,"i 2013 AG-Anteile zur Zukunftssicherung. Ab Juni 2013 setzt sich das Gesamtbrutto ohne diese AG-Anteile gemäß EntgeltBeschVO zusammen. 4) 4) 4) 6) Gesamtbrutto Auszahlungsbetrag Nettobezüge/-abzüge 2) AN- Typ Faktor 4) 4) 4) 4) 5) 6) Ki.PV 659798 Martin Zahariev C08 10.06.2025 10001 Usti Nad Labem 27 1 09119 Chemnitz Mai 2025 00007 1 Georgiev, Emil 2.58000 2.58000 2.58000 2.58",MEDIUM
UNCLEAR,"Arrears/outstanding context exists, but no repayment is documented.",2025-06-10,2013-05,AOK,,,ARREARS_OR_ENFORCEMENT_NOTICE,00_INBOX - Входящи - Eingang/Accounting_Organized/03_Employee_Payslips/Entgeltbescheinigungen 05-2025__copy2.pdf,"i 2013 AG-Anteile zur Zukunftssicherung. Ab Juni 2013 setzt sich das Gesamtbrutto ohne diese AG-Anteile gemäß EntgeltBeschVO zusammen. 4) 4) 4) 6) Gesamtbrutto Auszahlungsbetrag Nettobezüge/-abzüge 2) AN- Typ Faktor 4) 4) 4) 4) 5) 6) Ki.PV 659798 Martin Zahariev C08 10.06.2025 10001 Usti Nad Labem 27 1 09119 Chemnitz Mai 2025 00007 1 Georgiev, Emil 2.58000 2.58000 2.58000 2.58",MEDIUM
UNCLEAR,"Arrears/outstanding context exists, but no repayment is documented.",2025-06-10,2013-05,AOK,,,ARREARS_OR_ENFORCEMENT_NOTICE,00_INBOX - Входящи - Eingang/Accounting_Organized/03_Employee_Payslips/Entgeltbescheinigungen 05-2025__copy3.pdf,"i 2013 AG-Anteile zur Zukunftssicherung. Ab Juni 2013 setzt sich das Gesamtbrutto ohne diese AG-Anteile gemäß EntgeltBeschVO zusammen. 4) 4) 4) 6) Gesamtbrutto Auszahlungsbetrag Nettobezüge/-abzüge 2) AN- Typ Faktor 4) 4) 4) 4) 5) 6) Ki.PV 659798 Martin Zahariev C08 10.06.2025 10001 Usti Nad Labem 27 1 09119 Chemnitz Mai 2025 00007 1 Georgiev, Emil 2.58000 2.58000 2.58000 2.58",MEDIUM
UNCLEAR,"Arrears/outstanding context exists, but no repayment is documented.",2025-06-10,2013-05,AOK,,,ARREARS_OR_ENFORCEMENT_NOTICE,00_INBOX - Входящи - Eingang/Accounting_Organized/14_Duplicates/Lohnauswertungen__copy14.pdf,"i 2013 AG-Anteile zur Zukunftssicherung. Ab Juni 2013 setzt sich das Gesamtbrutto ohne diese AG-Anteile gemäß EntgeltBeschVO zusammen. 4) 4) 4) 6) Gesamtbrutto Auszahlungsbetrag Nettobezüge/-abzüge 2) AN- Typ Faktor 4) 4) 4) 4) 5) 6) Ki.PV 659798 Martin Zahariev C08 10.06.2025 10001 Usti Nad Labem 27 1 09119 Chemnitz Mai 2025 00007 1 Georgiev, Emil 2.58000 2.58000 2.58000 2.58",MEDIUM
UNCLEAR,"Arrears/outstanding context exists, but no repayment is documented.",2025-06-10,2013-05,AOK,,,ARREARS_OR_ENFORCEMENT_NOTICE,00_INBOX - Входящи - Eingang/Accounting_Organized/14_Duplicates/Lohnauswertungen__copy32.pdf,"i 2013 AG-Anteile zur Zukunftssicherung. Ab Juni 2013 setzt sich das Gesamtbrutto ohne diese AG-Anteile gemäß EntgeltBeschVO zusammen. 4) 4) 4) 6) Gesamtbrutto Auszahlungsbetrag Nettobezüge/-abzüge 2) AN- Typ Faktor 4) 4) 4) 4) 5) 6) Ki.PV 659798 Martin Zahariev C08 10.06.2025 10001 Usti Nad Labem 27 1 09119 Chemnitz Mai 2025 00007 1 Georgiev, Emil 2.58000 2.58000 2.58000 2.58",MEDIUM
UNCLEAR,"Arrears/outstanding context exists, but no repayment is documented.",2025-06-10,2013-05,AOK,,,ARREARS_OR_ENFORCEMENT_NOTICE,00_INBOX - Входящи - Eingang/Accounting_Organized/14_Duplicates/Lohnauswertungen__copy50.pdf,"i 2013 AG-Anteile zur Zukunftssicherung. Ab Juni 2013 setzt sich das Gesamtbrutto ohne diese AG-Anteile gemäß EntgeltBeschVO zusammen. 4) 4) 4) 6) Gesamtbrutto Auszahlungsbetrag Nettobezüge/-abzüge 2) AN- Typ Faktor 4) 4) 4) 4) 5) 6) Ki.PV 659798 Martin Zahariev C08 10.06.2025 10001 Usti Nad Labem 27 1 09119 Chemnitz Mai 2025 00007 1 Georgiev, Emil 2.58000 2.58000 2.58000 2.58",MEDIUM
UNCLEAR,"Arrears/outstanding context exists, but no repayment is documented.",2025-06-12,,AOK,,,ARREARS_OR_ENFORCEMENT_NOTICE,00_INBOX - Входящи - Eingang/Accounting/Vasilev_Test Pay Slip.pdf,ise zur Abrechnung Brutto-Bezüge Betrag Lohnart Bezeichnung Einheit Menge Faktor 3 Prozentsatz St SV GB 4 4 5 Gesamt-Brutto Steuerrechtliche Abzüge Netto-Verdienst Betrag Auszahlungsbetrag SV-rechtliche Abzüge Steuer/Sozialversicherung Netto-Bezüge/Netto-Abzüge St Steuer-Brutto Lohnsteuer Kirchensteuer Solidaritätszuschlag St4 SV4 KV-Brutto RV-Brutto AV-Brutto PV-Brutto KV-Beitrag RV-Beitrag AV-Beitrag PV-Beitrag6 SV,MEDIUM
UNCLEAR,"Arrears/outstanding context exists, but no repayment is documented.",2025-06-12,,AOK,,,ARREARS_OR_ENFORCEMENT_NOTICE,00_INBOX - Входящи - Eingang/Accounting_Organized/04_Health_Insurance/Vasilev_Test Pay Slip.pdf,ise zur Abrechnung Brutto-Bezüge Betrag Lohnart Bezeichnung Einheit Menge Faktor 3 Prozentsatz St SV GB 4 4 5 Gesamt-Brutto Steuerrechtliche Abzüge Netto-Verdienst Betrag Auszahlungsbetrag SV-rechtliche Abzüge Steuer/Sozialversicherung Netto-Bezüge/Netto-Abzüge St Steuer-Brutto Lohnsteuer Kirchensteuer Solidaritätszuschlag St4 SV4 KV-Brutto RV-Brutto AV-Brutto PV-Brutto KV-Beitrag RV-Beitrag AV-Beitrag PV-Beitrag6 SV,MEDIUM
UNCLEAR,"Arrears/outstanding context exists, but no repayment is documented.",2025-06-12,,AOK,,,ARREARS_OR_ENFORCEMENT_NOTICE,00_INBOX - Входящи - Eingang/Accounting_Organized/04_Health_Insurance/Vasilev_Test Pay Slip__copy2.pdf,ise zur Abrechnung Brutto-Bezüge Betrag Lohnart Bezeichnung Einheit Menge Faktor 3 Prozentsatz St SV GB 4 4 5 Gesamt-Brutto Steuerrechtliche Abzüge Netto-Verdienst Betrag Auszahlungsbetrag SV-rechtliche Abzüge Steuer/Sozialversicherung Netto-Bezüge/Netto-Abzüge St Steuer-Brutto Lohnsteuer Kirchensteuer Solidaritätszuschlag St4 SV4 KV-Brutto RV-Brutto AV-Brutto PV-Brutto KV-Beitrag RV-Beitrag AV-Beitrag PV-Beitrag6 SV,MEDIUM
UNCLEAR,"Arrears/outstanding context exists, but no repayment is documented.",2025-06-12,,AOK,,,ARREARS_OR_ENFORCEMENT_NOTICE,00_INBOX - Входящи - Eingang/Accounting_Organized/05_Taxes/Vasilev_Test Pay Slip.pdf,ise zur Abrechnung Brutto-Bezüge Betrag Lohnart Bezeichnung Einheit Menge Faktor 3 Prozentsatz St SV GB 4 4 5 Gesamt-Brutto Steuerrechtliche Abzüge Netto-Verdienst Betrag Auszahlungsbetrag SV-rechtliche Abzüge Steuer/Sozialversicherung Netto-Bezüge/Netto-Abzüge St Steuer-Brutto Lohnsteuer Kirchensteuer Solidaritätszuschlag St4 SV4 KV-Brutto RV-Brutto AV-Brutto PV-Brutto KV-Beitrag RV-Beitrag AV-Beitrag PV-Beitrag6 SV,MEDIUM
UNCLEAR,"Arrears/outstanding context exists, but no repayment is documented.",2025-07-11,,AOK,,,ARREARS_OR_ENFORCEMENT_NOTICE,00_INBOX - Входящи - Eingang/Accounting/10001_06_2025_Div_Auswertungen_Div_Mitarbeiter.pdf,ise zur Abrechnung Brutto-Bezüge Betrag Lohnart Bezeichnung Einheit Menge Faktor 3 Prozentsatz St SV GB 4 4 5 Gesamt-Brutto Steuerrechtliche Abzüge Netto-Verdienst Betrag Auszahlungsbetrag SV-rechtliche Abzüge Steuer/Sozialversicherung Netto-Bezüge/Netto-Abzüge St Steuer-Brutto Lohnsteuer Kirchensteuer Solidaritätszuschlag St4 SV4 KV-Brutto RV-Brutto AV-Brutto PV-Brutto KV-Beitrag RV-Beitrag AV-Beitrag PV-Beitrag6 SV,MEDIUM
UNCLEAR,"Arrears/outstanding context exists, but no repayment is documented.",2025-07-11,,AOK,,,ARREARS_OR_ENFORCEMENT_NOTICE,00_INBOX - Входящи - Eingang/Accounting_Organized/02_Payroll/10001_06_2025_Div_Auswertungen_Div_Mitarbeiter.pdf,ise zur Abrechnung Brutto-Bezüge Betrag Lohnart Bezeichnung Einheit Menge Faktor 3 Prozentsatz St SV GB 4 4 5 Gesamt-Brutto Steuerrechtliche Abzüge Netto-Verdienst Betrag Auszahlungsbetrag SV-rechtliche Abzüge Steuer/Sozialversicherung Netto-Bezüge/Netto-Abzüge St Steuer-Brutto Lohnsteuer Kirchensteuer Solidaritätszuschlag St4 SV4 KV-Brutto RV-Brutto AV-Brutto PV-Brutto KV-Beitrag RV-Beitrag AV-Beitrag PV-Beitrag6 SV,MEDIUM
UNCLEAR,"Arrears/outstanding context exists, but no repayment is documented.",2025-07-11,,AOK,,,ARREARS_OR_ENFORCEMENT_NOTICE,00_INBOX - Входящи - Eingang/Accounting_Organized/02_Payroll/10001_06_2025_Div_Auswertungen_Div_Mitarbeiter__copy2.pdf,ise zur Abrechnung Brutto-Bezüge Betrag Lohnart Bezeichnung Einheit Menge Faktor 3 Prozentsatz St SV GB 4 4 5 Gesamt-Brutto Steuerrechtliche Abzüge Netto-Verdienst Betrag Auszahlungsbetrag SV-rechtliche Abzüge Steuer/Sozialversicherung Netto-Bezüge/Netto-Abzüge St Steuer-Brutto Lohnsteuer Kirchensteuer Solidaritätszuschlag St4 SV4 KV-Brutto RV-Brutto AV-Brutto PV-Brutto KV-Beitrag RV-Beitrag AV-Beitrag PV-Beitrag6 SV,MEDIUM
UNCLEAR,"Arrears/outstanding context exists, but no repayment is documented.",2025-07-11,,AOK,,,ARREARS_OR_ENFORCEMENT_NOTICE,00_INBOX - Входящи - Eingang/Accounting_Organized/13_Unknown_To_Review/10001_06_2025_Div_Auswertungen_Div_Mitarbeiter.pdf,ise zur Abrechnung Brutto-Bezüge Betrag Lohnart Bezeichnung Einheit Menge Faktor 3 Prozentsatz St SV GB 4 4 5 Gesamt-Brutto Steuerrechtliche Abzüge Netto-Verdienst Betrag Auszahlungsbetrag SV-rechtliche Abzüge Steuer/Sozialversicherung Netto-Bezüge/Netto-Abzüge St Steuer-Brutto Lohnsteuer Kirchensteuer Solidaritätszuschlag St4 SV4 KV-Brutto RV-Brutto AV-Brutto PV-Brutto KV-Beitrag RV-Beitrag AV-Beitrag PV-Beitrag6 SV,MEDIUM
UNCLEAR,"Arrears/outstanding context exists, but no repayment is documented.",2025-07-11,,Techniker Krankenkasse,,,ARREARS_OR_ENFORCEMENT_NOTICE,00_INBOX - Входящи - Eingang/Accounting/10001_06_2025_Div_Auswertungen_Div_Mitarbeiter.pdf,ise zur Abrechnung Brutto-Bezüge Betrag Lohnart Bezeichnung Einheit Menge Faktor 3 Prozentsatz St SV GB 4 4 5 Gesamt-Brutto Steuerrechtliche Abzüge Netto-Verdienst Betrag Auszahlungsbetrag SV-rechtliche Abzüge Steuer/Sozialversicherung Netto-Bezüge/Netto-Abzüge St Steuer-Brutto Lohnsteuer Kirchensteuer Solidaritätszuschlag St4 SV4 KV-Brutto RV-Brutto AV-Brutto PV-Brutto KV-Beitrag RV-Beitrag AV-Beitrag PV-Beitrag6 SV,MEDIUM
UNCLEAR,"Arrears/outstanding context exists, but no repayment is documented.",2025-07-11,,Techniker Krankenkasse,,,ARREARS_OR_ENFORCEMENT_NOTICE,00_INBOX - Входящи - Eingang/Accounting_Organized/02_Payroll/10001_06_2025_Div_Auswertungen_Div_Mitarbeiter.pdf,ise zur Abrechnung Brutto-Bezüge Betrag Lohnart Bezeichnung Einheit Menge Faktor 3 Prozentsatz St SV GB 4 4 5 Gesamt-Brutto Steuerrechtliche Abzüge Netto-Verdienst Betrag Auszahlungsbetrag SV-rechtliche Abzüge Steuer/Sozialversicherung Netto-Bezüge/Netto-Abzüge St Steuer-Brutto Lohnsteuer Kirchensteuer Solidaritätszuschlag St4 SV4 KV-Brutto RV-Brutto AV-Brutto PV-Brutto KV-Beitrag RV-Beitrag AV-Beitrag PV-Beitrag6 SV,MEDIUM
UNCLEAR,"Arrears/outstanding context exists, but no repayment is documented.",2025-07-11,,Techniker Krankenkasse,,,ARREARS_OR_ENFORCEMENT_NOTICE,00_INBOX - Входящи - Eingang/Accounting_Organized/02_Payroll/10001_06_2025_Div_Auswertungen_Div_Mitarbeiter__copy2.pdf,ise zur Abrechnung Brutto-Bezüge Betrag Lohnart Bezeichnung Einheit Menge Faktor 3 Prozentsatz St SV GB 4 4 5 Gesamt-Brutto Steuerrechtliche Abzüge Netto-Verdienst Betrag Auszahlungsbetrag SV-rechtliche Abzüge Steuer/Sozialversicherung Netto-Bezüge/Netto-Abzüge St Steuer-Brutto Lohnsteuer Kirchensteuer Solidaritätszuschlag St4 SV4 KV-Brutto RV-Brutto AV-Brutto PV-Brutto KV-Beitrag RV-Beitrag AV-Beitrag PV-Beitrag6 SV,MEDIUM
UNCLEAR,"Arrears/outstanding context exists, but no repayment is documented.",2025-07-11,,Techniker Krankenkasse,,,ARREARS_OR_ENFORCEMENT_NOTICE,00_INBOX - Входящи - Eingang/Accounting_Organized/13_Unknown_To_Review/10001_06_2025_Div_Auswertungen_Div_Mitarbeiter.pdf,ise zur Abrechnung Brutto-Bezüge Betrag Lohnart Bezeichnung Einheit Menge Faktor 3 Prozentsatz St SV GB 4 4 5 Gesamt-Brutto Steuerrechtliche Abzüge Netto-Verdienst Betrag Auszahlungsbetrag SV-rechtliche Abzüge Steuer/Sozialversicherung Netto-Bezüge/Netto-Abzüge St Steuer-Brutto Lohnsteuer Kirchensteuer Solidaritätszuschlag St4 SV4 KV-Brutto RV-Brutto AV-Brutto PV-Brutto KV-Beitrag RV-Beitrag AV-Beitrag PV-Beitrag6 SV,MEDIUM
UNCLEAR,"Arrears/outstanding context exists, but no repayment is documented.",2025-07-17,,AOK,,,ARREARS_OR_ENFORCEMENT_NOTICE,00_INBOX - Входящи - Eingang/Accounting/Lohnauswertungen_Juni_2025.pdf,ise zur Abrechnung Brutto-Bezüge Betrag Lohnart Bezeichnung Einheit Menge Faktor 3 Prozentsatz St SV GB 4 4 5 Gesamt-Brutto Steuerrechtliche Abzüge Netto-Verdienst Betrag Auszahlungsbetrag SV-rechtliche Abzüge Steuer/Sozialversicherung Netto-Bezüge/Netto-Abzüge St Steuer-Brutto Lohnsteuer Kirchensteuer Solidaritätszuschlag St4 SV4 KV-Brutto RV-Brutto AV-Brutto PV-Brutto KV-Beitrag RV-Beitrag AV-Beitrag PV-Beitrag6 SV,MEDIUM
UNCLEAR,"Arrears/outstanding context exists, but no repayment is documented.",2025-07-17,,AOK,,,ARREARS_OR_ENFORCEMENT_NOTICE,00_INBOX - Входящи - Eingang/Accounting_Organized/02_Payroll/Lohnauswertungen_Juni_2025.pdf,ise zur Abrechnung Brutto-Bezüge Betrag Lohnart Bezeichnung Einheit Menge Faktor 3 Prozentsatz St SV GB 4 4 5 Gesamt-Brutto Steuerrechtliche Abzüge Netto-Verdienst Betrag Auszahlungsbetrag SV-rechtliche Abzüge Steuer/Sozialversicherung Netto-Bezüge/Netto-Abzüge St Steuer-Brutto Lohnsteuer Kirchensteuer Solidaritätszuschlag St4 SV4 KV-Brutto RV-Brutto AV-Brutto PV-Brutto KV-Beitrag RV-Beitrag AV-Beitrag PV-Beitrag6 SV,MEDIUM
UNCLEAR,"Arrears/outstanding context exists, but no repayment is documented.",2025-07-17,,AOK,,,ARREARS_OR_ENFORCEMENT_NOTICE,00_INBOX - Входящи - Eingang/Accounting_Organized/02_Payroll/Lohnauswertungen_Juni_2025__copy2.pdf,ise zur Abrechnung Brutto-Bezüge Betrag Lohnart Bezeichnung Einheit Menge Faktor 3 Prozentsatz St SV GB 4 4 5 Gesamt-Brutto Steuerrechtliche Abzüge Netto-Verdienst Betrag Auszahlungsbetrag SV-rechtliche Abzüge Steuer/Sozialversicherung Netto-Bezüge/Netto-Abzüge St Steuer-Brutto Lohnsteuer Kirchensteuer Solidaritätszuschlag St4 SV4 KV-Brutto RV-Brutto AV-Brutto PV-Brutto KV-Beitrag RV-Beitrag AV-Beitrag PV-Beitrag6 SV,MEDIUM
UNCLEAR,"Arrears/outstanding context exists, but no repayment is documented.",2025-07-17,,AOK,,,ARREARS_OR_ENFORCEMENT_NOTICE,00_INBOX - Входящи - Eingang/Accounting_Organized/13_Unknown_To_Review/Lohnauswertungen_Juni_2025.pdf,ise zur Abrechnung Brutto-Bezüge Betrag Lohnart Bezeichnung Einheit Menge Faktor 3 Prozentsatz St SV GB 4 4 5 Gesamt-Brutto Steuerrechtliche Abzüge Netto-Verdienst Betrag Auszahlungsbetrag SV-rechtliche Abzüge Steuer/Sozialversicherung Netto-Bezüge/Netto-Abzüge St Steuer-Brutto Lohnsteuer Kirchensteuer Solidaritätszuschlag St4 SV4 KV-Brutto RV-Brutto AV-Brutto PV-Brutto KV-Beitrag RV-Beitrag AV-Beitrag PV-Beitrag6 SV,MEDIUM
UNCLEAR,"Arrears/outstanding context exists, but no repayment is documented.",2025-07-17,,Barmer,,,ARREARS_OR_ENFORCEMENT_NOTICE,00_INBOX - Входящи - Eingang/Accounting/Lohnauswertungen_Juni_2025.pdf,ise zur Abrechnung Brutto-Bezüge Betrag Lohnart Bezeichnung Einheit Menge Faktor 3 Prozentsatz St SV GB 4 4 5 Gesamt-Brutto Steuerrechtliche Abzüge Netto-Verdienst Betrag Auszahlungsbetrag SV-rechtliche Abzüge Steuer/Sozialversicherung Netto-Bezüge/Netto-Abzüge St Steuer-Brutto Lohnsteuer Kirchensteuer Solidaritätszuschlag St4 SV4 KV-Brutto RV-Brutto AV-Brutto PV-Brutto KV-Beitrag RV-Beitrag AV-Beitrag PV-Beitrag6 SV,MEDIUM
UNCLEAR,"Arrears/outstanding context exists, but no repayment is documented.",2025-07-17,,Barmer,,,ARREARS_OR_ENFORCEMENT_NOTICE,00_INBOX - Входящи - Eingang/Accounting_Organized/02_Payroll/Lohnauswertungen_Juni_2025.pdf,ise zur Abrechnung Brutto-Bezüge Betrag Lohnart Bezeichnung Einheit Menge Faktor 3 Prozentsatz St SV GB 4 4 5 Gesamt-Brutto Steuerrechtliche Abzüge Netto-Verdienst Betrag Auszahlungsbetrag SV-rechtliche Abzüge Steuer/Sozialversicherung Netto-Bezüge/Netto-Abzüge St Steuer-Brutto Lohnsteuer Kirchensteuer Solidaritätszuschlag St4 SV4 KV-Brutto RV-Brutto AV-Brutto PV-Brutto KV-Beitrag RV-Beitrag AV-Beitrag PV-Beitrag6 SV,MEDIUM
UNCLEAR,"Arrears/outstanding context exists, but no repayment is documented.",2025-07-17,,Barmer,,,ARREARS_OR_ENFORCEMENT_NOTICE,00_INBOX - Входящи - Eingang/Accounting_Organized/02_Payroll/Lohnauswertungen_Juni_2025__copy2.pdf,ise zur Abrechnung Brutto-Bezüge Betrag Lohnart Bezeichnung Einheit Menge Faktor 3 Prozentsatz St SV GB 4 4 5 Gesamt-Brutto Steuerrechtliche Abzüge Netto-Verdienst Betrag Auszahlungsbetrag SV-rechtliche Abzüge Steuer/Sozialversicherung Netto-Bezüge/Netto-Abzüge St Steuer-Brutto Lohnsteuer Kirchensteuer Solidaritätszuschlag St4 SV4 KV-Brutto RV-Brutto AV-Brutto PV-Brutto KV-Beitrag RV-Beitrag AV-Beitrag PV-Beitrag6 SV,MEDIUM
UNCLEAR,"Arrears/outstanding context exists, but no repayment is documented.",2025-07-17,,Barmer,,,ARREARS_OR_ENFORCEMENT_NOTICE,00_INBOX - Входящи - Eingang/Accounting_Organized/13_Unknown_To_Review/Lohnauswertungen_Juni_2025.pdf,ise zur Abrechnung Brutto-Bezüge Betrag Lohnart Bezeichnung Einheit Menge Faktor 3 Prozentsatz St SV GB 4 4 5 Gesamt-Brutto Steuerrechtliche Abzüge Netto-Verdienst Betrag Auszahlungsbetrag SV-rechtliche Abzüge Steuer/Sozialversicherung Netto-Bezüge/Netto-Abzüge St Steuer-Brutto Lohnsteuer Kirchensteuer Solidaritätszuschlag St4 SV4 KV-Brutto RV-Brutto AV-Brutto PV-Brutto KV-Beitrag RV-Beitrag AV-Beitrag PV-Beitrag6 SV,MEDIUM
UNCLEAR,"Arrears/outstanding context exists, but no repayment is documented.",2025-07-18,2025-06,AOK PLUS,,,ARREARS_OR_ENFORCEMENT_NOTICE,00_INBOX - Входящи - Eingang/Accounting/2025/Entgeltbescheinigungen 06-2025.pdf,"auschsteuer Beträge zur freiw./priv. KV/PV und für berufsständische Versorgungswerke sind unter Beitrag AN/AG und Nettobezüge/-abzüge enthalten 5) 5) 5) Gesamtbrutto Auszahlungsbetrag Nettobezüge/-abzüge 2) AN- Typ Faktor 5) 5) 5) 4) 5) Ki.PV 3) Z = Einschließlich Beitragszuschlag zur PV für Kinderlose, E = Elterneigenschaft nachgewiesen, 1-5 = Anzahl Kinder für PV 3) 659798 Martin Zahariev F0W 18.07.2025 10001 Usti ",MEDIUM
UNCLEAR,"Arrears/outstanding context exists, but no repayment is documented.",2025-07-18,2025-06,AOK PLUS,,,ARREARS_OR_ENFORCEMENT_NOTICE,00_INBOX - Входящи - Eingang/Accounting/ihrelohnauswertungen/Lohnauswertungen.pdf,"auschsteuer Beträge zur freiw./priv. KV/PV und für berufsständische Versorgungswerke sind unter Beitrag AN/AG und Nettobezüge/-abzüge enthalten 5) 5) 5) Gesamtbrutto Auszahlungsbetrag Nettobezüge/-abzüge 2) AN- Typ Faktor 5) 5) 5) 4) 5) Ki.PV 3) Z = Einschließlich Beitragszuschlag zur PV für Kinderlose, E = Elterneigenschaft nachgewiesen, 1-5 = Anzahl Kinder für PV 3) 659798 Martin Zahariev F0W 18.07.2025 10001 Usti ",MEDIUM
UNCLEAR,"Arrears/outstanding context exists, but no repayment is documented.",2025-07-18,2025-06,AOK PLUS,,,ARREARS_OR_ENFORCEMENT_NOTICE,00_INBOX - Входящи - Eingang/Accounting_Organized/03_Employee_Payslips/Entgeltbescheinigungen 06-2025.pdf,"auschsteuer Beträge zur freiw./priv. KV/PV und für berufsständische Versorgungswerke sind unter Beitrag AN/AG und Nettobezüge/-abzüge enthalten 5) 5) 5) Gesamtbrutto Auszahlungsbetrag Nettobezüge/-abzüge 2) AN- Typ Faktor 5) 5) 5) 4) 5) Ki.PV 3) Z = Einschließlich Beitragszuschlag zur PV für Kinderlose, E = Elterneigenschaft nachgewiesen, 1-5 = Anzahl Kinder für PV 3) 659798 Martin Zahariev F0W 18.07.2025 10001 Usti ",MEDIUM
UNCLEAR,"Arrears/outstanding context exists, but no repayment is documented.",2025-07-18,2025-06,AOK PLUS,,,ARREARS_OR_ENFORCEMENT_NOTICE,00_INBOX - Входящи - Eingang/Accounting_Organized/03_Employee_Payslips/Entgeltbescheinigungen 06-2025__copy2.pdf,"auschsteuer Beträge zur freiw./priv. KV/PV und für berufsständische Versorgungswerke sind unter Beitrag AN/AG und Nettobezüge/-abzüge enthalten 5) 5) 5) Gesamtbrutto Auszahlungsbetrag Nettobezüge/-abzüge 2) AN- Typ Faktor 5) 5) 5) 4) 5) Ki.PV 3) Z = Einschließlich Beitragszuschlag zur PV für Kinderlose, E = Elterneigenschaft nachgewiesen, 1-5 = Anzahl Kinder für PV 3) 659798 Martin Zahariev F0W 18.07.2025 10001 Usti ",MEDIUM
UNCLEAR,"Arrears/outstanding context exists, but no repayment is documented.",2025-07-18,2025-06,AOK PLUS,,,ARREARS_OR_ENFORCEMENT_NOTICE,00_INBOX - Входящи - Eingang/Accounting_Organized/03_Employee_Payslips/Entgeltbescheinigungen 06-2025__copy3.pdf,"auschsteuer Beträge zur freiw./priv. KV/PV und für berufsständische Versorgungswerke sind unter Beitrag AN/AG und Nettobezüge/-abzüge enthalten 5) 5) 5) Gesamtbrutto Auszahlungsbetrag Nettobezüge/-abzüge 2) AN- Typ Faktor 5) 5) 5) 4) 5) Ki.PV 3) Z = Einschließlich Beitragszuschlag zur PV für Kinderlose, E = Elterneigenschaft nachgewiesen, 1-5 = Anzahl Kinder für PV 3) 659798 Martin Zahariev F0W 18.07.2025 10001 Usti ",MEDIUM
UNCLEAR,"Arrears/outstanding context exists, but no repayment is documented.",2025-07-18,2025-06,AOK PLUS,,,ARREARS_OR_ENFORCEMENT_NOTICE,00_INBOX - Входящи - Eingang/Accounting_Organized/14_Duplicates/Lohnauswertungen.pdf,"auschsteuer Beträge zur freiw./priv. KV/PV und für berufsständische Versorgungswerke sind unter Beitrag AN/AG und Nettobezüge/-abzüge enthalten 5) 5) 5) Gesamtbrutto Auszahlungsbetrag Nettobezüge/-abzüge 2) AN- Typ Faktor 5) 5) 5) 4) 5) Ki.PV 3) Z = Einschließlich Beitragszuschlag zur PV für Kinderlose, E = Elterneigenschaft nachgewiesen, 1-5 = Anzahl Kinder für PV 3) 659798 Martin Zahariev F0W 18.07.2025 10001 Usti ",MEDIUM
UNCLEAR,"Arrears/outstanding context exists, but no repayment is documented.",2025-07-18,2025-06,AOK PLUS,,,ARREARS_OR_ENFORCEMENT_NOTICE,00_INBOX - Входящи - Eingang/Accounting_Organized/14_Duplicates/Lohnauswertungen__copy19.pdf,"auschsteuer Beträge zur freiw./priv. KV/PV und für berufsständische Versorgungswerke sind unter Beitrag AN/AG und Nettobezüge/-abzüge enthalten 5) 5) 5) Gesamtbrutto Auszahlungsbetrag Nettobezüge/-abzüge 2) AN- Typ Faktor 5) 5) 5) 4) 5) Ki.PV 3) Z = Einschließlich Beitragszuschlag zur PV für Kinderlose, E = Elterneigenschaft nachgewiesen, 1-5 = Anzahl Kinder für PV 3) 659798 Martin Zahariev F0W 18.07.2025 10001 Usti ",MEDIUM
UNCLEAR,"Arrears/outstanding context exists, but no repayment is documented.",2025-07-18,2025-06,AOK PLUS,,,ARREARS_OR_ENFORCEMENT_NOTICE,00_INBOX - Входящи - Eingang/Accounting_Organized/14_Duplicates/Lohnauswertungen__copy37.pdf,"auschsteuer Beträge zur freiw./priv. KV/PV und für berufsständische Versorgungswerke sind unter Beitrag AN/AG und Nettobezüge/-abzüge enthalten 5) 5) 5) Gesamtbrutto Auszahlungsbetrag Nettobezüge/-abzüge 2) AN- Typ Faktor 5) 5) 5) 4) 5) Ki.PV 3) Z = Einschließlich Beitragszuschlag zur PV für Kinderlose, E = Elterneigenschaft nachgewiesen, 1-5 = Anzahl Kinder für PV 3) 659798 Martin Zahariev F0W 18.07.2025 10001 Usti ",MEDIUM
UNCLEAR,"Arrears/outstanding context exists, but no repayment is documented.",2025-07-18,2025-06,BKK Linde,,,ARREARS_OR_ENFORCEMENT_NOTICE,00_INBOX - Входящи - Eingang/Accounting/2025/Entgeltbescheinigungen 06-2025.pdf,"auschsteuer Beträge zur freiw./priv. KV/PV und für berufsständische Versorgungswerke sind unter Beitrag AN/AG und Nettobezüge/-abzüge enthalten 5) 5) 5) Gesamtbrutto Auszahlungsbetrag Nettobezüge/-abzüge 2) AN- Typ Faktor 5) 5) 5) 4) 5) Ki.PV 3) Z = Einschließlich Beitragszuschlag zur PV für Kinderlose, E = Elterneigenschaft nachgewiesen, 1-5 = Anzahl Kinder für PV 3) 659798 Martin Zahariev F0W 18.07.2025 10001 Usti ",MEDIUM
UNCLEAR,"Arrears/outstanding context exists, but no repayment is documented.",2025-07-18,2025-06,BKK Linde,,,ARREARS_OR_ENFORCEMENT_NOTICE,00_INBOX - Входящи - Eingang/Accounting/ihrelohnauswertungen/Lohnauswertungen.pdf,"auschsteuer Beträge zur freiw./priv. KV/PV und für berufsständische Versorgungswerke sind unter Beitrag AN/AG und Nettobezüge/-abzüge enthalten 5) 5) 5) Gesamtbrutto Auszahlungsbetrag Nettobezüge/-abzüge 2) AN- Typ Faktor 5) 5) 5) 4) 5) Ki.PV 3) Z = Einschließlich Beitragszuschlag zur PV für Kinderlose, E = Elterneigenschaft nachgewiesen, 1-5 = Anzahl Kinder für PV 3) 659798 Martin Zahariev F0W 18.07.2025 10001 Usti ",MEDIUM
UNCLEAR,"Arrears/outstanding context exists, but no repayment is documented.",2025-07-18,2025-06,BKK Linde,,,ARREARS_OR_ENFORCEMENT_NOTICE,00_INBOX - Входящи - Eingang/Accounting_Organized/03_Employee_Payslips/Entgeltbescheinigungen 06-2025.pdf,"auschsteuer Beträge zur freiw./priv. KV/PV und für berufsständische Versorgungswerke sind unter Beitrag AN/AG und Nettobezüge/-abzüge enthalten 5) 5) 5) Gesamtbrutto Auszahlungsbetrag Nettobezüge/-abzüge 2) AN- Typ Faktor 5) 5) 5) 4) 5) Ki.PV 3) Z = Einschließlich Beitragszuschlag zur PV für Kinderlose, E = Elterneigenschaft nachgewiesen, 1-5 = Anzahl Kinder für PV 3) 659798 Martin Zahariev F0W 18.07.2025 10001 Usti ",MEDIUM
UNCLEAR,"Arrears/outstanding context exists, but no repayment is documented.",2025-07-18,2025-06,BKK Linde,,,ARREARS_OR_ENFORCEMENT_NOTICE,00_INBOX - Входящи - Eingang/Accounting_Organized/03_Employee_Payslips/Entgeltbescheinigungen 06-2025__copy2.pdf,"auschsteuer Beträge zur freiw./priv. KV/PV und für berufsständische Versorgungswerke sind unter Beitrag AN/AG und Nettobezüge/-abzüge enthalten 5) 5) 5) Gesamtbrutto Auszahlungsbetrag Nettobezüge/-abzüge 2) AN- Typ Faktor 5) 5) 5) 4) 5) Ki.PV 3) Z = Einschließlich Beitragszuschlag zur PV für Kinderlose, E = Elterneigenschaft nachgewiesen, 1-5 = Anzahl Kinder für PV 3) 659798 Martin Zahariev F0W 18.07.2025 10001 Usti ",MEDIUM
UNCLEAR,"Arrears/outstanding context exists, but no repayment is documented.",2025-07-18,2025-06,BKK Linde,,,ARREARS_OR_ENFORCEMENT_NOTICE,00_INBOX - Входящи - Eingang/Accounting_Organized/03_Employee_Payslips/Entgeltbescheinigungen 06-2025__copy3.pdf,"auschsteuer Beträge zur freiw./priv. KV/PV und für berufsständische Versorgungswerke sind unter Beitrag AN/AG und Nettobezüge/-abzüge enthalten 5) 5) 5) Gesamtbrutto Auszahlungsbetrag Nettobezüge/-abzüge 2) AN- Typ Faktor 5) 5) 5) 4) 5) Ki.PV 3) Z = Einschließlich Beitragszuschlag zur PV für Kinderlose, E = Elterneigenschaft nachgewiesen, 1-5 = Anzahl Kinder für PV 3) 659798 Martin Zahariev F0W 18.07.2025 10001 Usti ",MEDIUM
UNCLEAR,"Arrears/outstanding context exists, but no repayment is documented.",2025-07-18,2025-06,BKK Linde,,,ARREARS_OR_ENFORCEMENT_NOTICE,00_INBOX - Входящи - Eingang/Accounting_Organized/14_Duplicates/Lohnauswertungen.pdf,"auschsteuer Beträge zur freiw./priv. KV/PV und für berufsständische Versorgungswerke sind unter Beitrag AN/AG und Nettobezüge/-abzüge enthalten 5) 5) 5) Gesamtbrutto Auszahlungsbetrag Nettobezüge/-abzüge 2) AN- Typ Faktor 5) 5) 5) 4) 5) Ki.PV 3) Z = Einschließlich Beitragszuschlag zur PV für Kinderlose, E = Elterneigenschaft nachgewiesen, 1-5 = Anzahl Kinder für PV 3) 659798 Martin Zahariev F0W 18.07.2025 10001 Usti ",MEDIUM
UNCLEAR,"Arrears/outstanding context exists, but no repayment is documented.",2025-07-18,2025-06,BKK Linde,,,ARREARS_OR_ENFORCEMENT_NOTICE,00_INBOX - Входящи - Eingang/Accounting_Organized/14_Duplicates/Lohnauswertungen__copy19.pdf,"auschsteuer Beträge zur freiw./priv. KV/PV und für berufsständische Versorgungswerke sind unter Beitrag AN/AG und Nettobezüge/-abzüge enthalten 5) 5) 5) Gesamtbrutto Auszahlungsbetrag Nettobezüge/-abzüge 2) AN- Typ Faktor 5) 5) 5) 4) 5) Ki.PV 3) Z = Einschließlich Beitragszuschlag zur PV für Kinderlose, E = Elterneigenschaft nachgewiesen, 1-5 = Anzahl Kinder für PV 3) 659798 Martin Zahariev F0W 18.07.2025 10001 Usti ",MEDIUM
UNCLEAR,"Arrears/outstanding context exists, but no repayment is documented.",2025-07-18,2025-06,BKK Linde,,,ARREARS_OR_ENFORCEMENT_NOTICE,00_INBOX - Входящи - Eingang/Accounting_Organized/14_Duplicates/Lohnauswertungen__copy37.pdf,"auschsteuer Beträge zur freiw./priv. KV/PV und für berufsständische Versorgungswerke sind unter Beitrag AN/AG und Nettobezüge/-abzüge enthalten 5) 5) 5) Gesamtbrutto Auszahlungsbetrag Nettobezüge/-abzüge 2) AN- Typ Faktor 5) 5) 5) 4) 5) Ki.PV 3) Z = Einschließlich Beitragszuschlag zur PV für Kinderlose, E = Elterneigenschaft nachgewiesen, 1-5 = Anzahl Kinder für PV 3) 659798 Martin Zahariev F0W 18.07.2025 10001 Usti ",MEDIUM
UNCLEAR,"Arrears/outstanding context exists, but no repayment is documented.",2025-07-18,2025-06,Barmer,,,ARREARS_OR_ENFORCEMENT_NOTICE,00_INBOX - Входящи - Eingang/Accounting/2025/Entgeltbescheinigungen 06-2025.pdf,"auschsteuer Beträge zur freiw./priv. KV/PV und für berufsständische Versorgungswerke sind unter Beitrag AN/AG und Nettobezüge/-abzüge enthalten 5) 5) 5) Gesamtbrutto Auszahlungsbetrag Nettobezüge/-abzüge 2) AN- Typ Faktor 5) 5) 5) 4) 5) Ki.PV 3) Z = Einschließlich Beitragszuschlag zur PV für Kinderlose, E = Elterneigenschaft nachgewiesen, 1-5 = Anzahl Kinder für PV 3) 659798 Martin Zahariev F0W 18.07.2025 10001 Usti ",MEDIUM
UNCLEAR,"Arrears/outstanding context exists, but no repayment is documented.",2025-07-18,2025-06,Barmer,,,ARREARS_OR_ENFORCEMENT_NOTICE,00_INBOX - Входящи - Eingang/Accounting/ihrelohnauswertungen/Lohnauswertungen.pdf,"auschsteuer Beträge zur freiw./priv. KV/PV und für berufsständische Versorgungswerke sind unter Beitrag AN/AG und Nettobezüge/-abzüge enthalten 5) 5) 5) Gesamtbrutto Auszahlungsbetrag Nettobezüge/-abzüge 2) AN- Typ Faktor 5) 5) 5) 4) 5) Ki.PV 3) Z = Einschließlich Beitragszuschlag zur PV für Kinderlose, E = Elterneigenschaft nachgewiesen, 1-5 = Anzahl Kinder für PV 3) 659798 Martin Zahariev F0W 18.07.2025 10001 Usti ",MEDIUM
UNCLEAR,"Arrears/outstanding context exists, but no repayment is documented.",2025-07-18,2025-06,Barmer,,,ARREARS_OR_ENFORCEMENT_NOTICE,00_INBOX - Входящи - Eingang/Accounting_Organized/03_Employee_Payslips/Entgeltbescheinigungen 06-2025.pdf,"auschsteuer Beträge zur freiw./priv. KV/PV und für berufsständische Versorgungswerke sind unter Beitrag AN/AG und Nettobezüge/-abzüge enthalten 5) 5) 5) Gesamtbrutto Auszahlungsbetrag Nettobezüge/-abzüge 2) AN- Typ Faktor 5) 5) 5) 4) 5) Ki.PV 3) Z = Einschließlich Beitragszuschlag zur PV für Kinderlose, E = Elterneigenschaft nachgewiesen, 1-5 = Anzahl Kinder für PV 3) 659798 Martin Zahariev F0W 18.07.2025 10001 Usti ",MEDIUM
UNCLEAR,"Arrears/outstanding context exists, but no repayment is documented.",2025-07-18,2025-06,Barmer,,,ARREARS_OR_ENFORCEMENT_NOTICE,00_INBOX - Входящи - Eingang/Accounting_Organized/03_Employee_Payslips/Entgeltbescheinigungen 06-2025__copy2.pdf,"auschsteuer Beträge zur freiw./priv. KV/PV und für berufsständische Versorgungswerke sind unter Beitrag AN/AG und Nettobezüge/-abzüge enthalten 5) 5) 5) Gesamtbrutto Auszahlungsbetrag Nettobezüge/-abzüge 2) AN- Typ Faktor 5) 5) 5) 4) 5) Ki.PV 3) Z = Einschließlich Beitragszuschlag zur PV für Kinderlose, E = Elterneigenschaft nachgewiesen, 1-5 = Anzahl Kinder für PV 3) 659798 Martin Zahariev F0W 18.07.2025 10001 Usti ",MEDIUM
UNCLEAR,"Arrears/outstanding context exists, but no repayment is documented.",2025-07-18,2025-06,Barmer,,,ARREARS_OR_ENFORCEMENT_NOTICE,00_INBOX - Входящи - Eingang/Accounting_Organized/03_Employee_Payslips/Entgeltbescheinigungen 06-2025__copy3.pdf,"auschsteuer Beträge zur freiw./priv. KV/PV und für berufsständische Versorgungswerke sind unter Beitrag AN/AG und Nettobezüge/-abzüge enthalten 5) 5) 5) Gesamtbrutto Auszahlungsbetrag Nettobezüge/-abzüge 2) AN- Typ Faktor 5) 5) 5) 4) 5) Ki.PV 3) Z = Einschließlich Beitragszuschlag zur PV für Kinderlose, E = Elterneigenschaft nachgewiesen, 1-5 = Anzahl Kinder für PV 3) 659798 Martin Zahariev F0W 18.07.2025 10001 Usti ",MEDIUM
UNCLEAR,"Arrears/outstanding context exists, but no repayment is documented.",2025-07-18,2025-06,Barmer,,,ARREARS_OR_ENFORCEMENT_NOTICE,00_INBOX - Входящи - Eingang/Accounting_Organized/14_Duplicates/Lohnauswertungen.pdf,"auschsteuer Beträge zur freiw./priv. KV/PV und für berufsständische Versorgungswerke sind unter Beitrag AN/AG und Nettobezüge/-abzüge enthalten 5) 5) 5) Gesamtbrutto Auszahlungsbetrag Nettobezüge/-abzüge 2) AN- Typ Faktor 5) 5) 5) 4) 5) Ki.PV 3) Z = Einschließlich Beitragszuschlag zur PV für Kinderlose, E = Elterneigenschaft nachgewiesen, 1-5 = Anzahl Kinder für PV 3) 659798 Martin Zahariev F0W 18.07.2025 10001 Usti ",MEDIUM
UNCLEAR,"Arrears/outstanding context exists, but no repayment is documented.",2025-07-18,2025-06,Barmer,,,ARREARS_OR_ENFORCEMENT_NOTICE,00_INBOX - Входящи - Eingang/Accounting_Organized/14_Duplicates/Lohnauswertungen__copy19.pdf,"auschsteuer Beträge zur freiw./priv. KV/PV und für berufsständische Versorgungswerke sind unter Beitrag AN/AG und Nettobezüge/-abzüge enthalten 5) 5) 5) Gesamtbrutto Auszahlungsbetrag Nettobezüge/-abzüge 2) AN- Typ Faktor 5) 5) 5) 4) 5) Ki.PV 3) Z = Einschließlich Beitragszuschlag zur PV für Kinderlose, E = Elterneigenschaft nachgewiesen, 1-5 = Anzahl Kinder für PV 3) 659798 Martin Zahariev F0W 18.07.2025 10001 Usti ",MEDIUM
UNCLEAR,"Arrears/outstanding context exists, but no repayment is documented.",2025-07-18,2025-06,Barmer,,,ARREARS_OR_ENFORCEMENT_NOTICE,00_INBOX - Входящи - Eingang/Accounting_Organized/14_Duplicates/Lohnauswertungen__copy37.pdf,"auschsteuer Beträge zur freiw./priv. KV/PV und für berufsständische Versorgungswerke sind unter Beitrag AN/AG und Nettobezüge/-abzüge enthalten 5) 5) 5) Gesamtbrutto Auszahlungsbetrag Nettobezüge/-abzüge 2) AN- Typ Faktor 5) 5) 5) 4) 5) Ki.PV 3) Z = Einschließlich Beitragszuschlag zur PV für Kinderlose, E = Elterneigenschaft nachgewiesen, 1-5 = Anzahl Kinder für PV 3) 659798 Martin Zahariev F0W 18.07.2025 10001 Usti ",MEDIUM
UNCLEAR,"Arrears/outstanding context exists, but no repayment is documented.",2025-07-18,2025-06,DAK,,,ARREARS_OR_ENFORCEMENT_NOTICE,00_INBOX - Входящи - Eingang/Accounting/2025/Entgeltbescheinigungen 06-2025.pdf,"auschsteuer Beträge zur freiw./priv. KV/PV und für berufsständische Versorgungswerke sind unter Beitrag AN/AG und Nettobezüge/-abzüge enthalten 5) 5) 5) Gesamtbrutto Auszahlungsbetrag Nettobezüge/-abzüge 2) AN- Typ Faktor 5) 5) 5) 4) 5) Ki.PV 3) Z = Einschließlich Beitragszuschlag zur PV für Kinderlose, E = Elterneigenschaft nachgewiesen, 1-5 = Anzahl Kinder für PV 3) 659798 Martin Zahariev F0W 18.07.2025 10001 Usti ",MEDIUM
UNCLEAR,"Arrears/outstanding context exists, but no repayment is documented.",2025-07-18,2025-06,DAK,,,ARREARS_OR_ENFORCEMENT_NOTICE,00_INBOX - Входящи - Eingang/Accounting/ihrelohnauswertungen/Lohnauswertungen.pdf,"auschsteuer Beträge zur freiw./priv. KV/PV und für berufsständische Versorgungswerke sind unter Beitrag AN/AG und Nettobezüge/-abzüge enthalten 5) 5) 5) Gesamtbrutto Auszahlungsbetrag Nettobezüge/-abzüge 2) AN- Typ Faktor 5) 5) 5) 4) 5) Ki.PV 3) Z = Einschließlich Beitragszuschlag zur PV für Kinderlose, E = Elterneigenschaft nachgewiesen, 1-5 = Anzahl Kinder für PV 3) 659798 Martin Zahariev F0W 18.07.2025 10001 Usti ",MEDIUM
UNCLEAR,"Arrears/outstanding context exists, but no repayment is documented.",2025-07-18,2025-06,DAK,,,ARREARS_OR_ENFORCEMENT_NOTICE,00_INBOX - Входящи - Eingang/Accounting_Organized/03_Employee_Payslips/Entgeltbescheinigungen 06-2025.pdf,"auschsteuer Beträge zur freiw./priv. KV/PV und für berufsständische Versorgungswerke sind unter Beitrag AN/AG und Nettobezüge/-abzüge enthalten 5) 5) 5) Gesamtbrutto Auszahlungsbetrag Nettobezüge/-abzüge 2) AN- Typ Faktor 5) 5) 5) 4) 5) Ki.PV 3) Z = Einschließlich Beitragszuschlag zur PV für Kinderlose, E = Elterneigenschaft nachgewiesen, 1-5 = Anzahl Kinder für PV 3) 659798 Martin Zahariev F0W 18.07.2025 10001 Usti ",MEDIUM
UNCLEAR,"Arrears/outstanding context exists, but no repayment is documented.",2025-07-18,2025-06,DAK,,,ARREARS_OR_ENFORCEMENT_NOTICE,00_INBOX - Входящи - Eingang/Accounting_Organized/03_Employee_Payslips/Entgeltbescheinigungen 06-2025__copy2.pdf,"auschsteuer Beträge zur freiw./priv. KV/PV und für berufsständische Versorgungswerke sind unter Beitrag AN/AG und Nettobezüge/-abzüge enthalten 5) 5) 5) Gesamtbrutto Auszahlungsbetrag Nettobezüge/-abzüge 2) AN- Typ Faktor 5) 5) 5) 4) 5) Ki.PV 3) Z = Einschließlich Beitragszuschlag zur PV für Kinderlose, E = Elterneigenschaft nachgewiesen, 1-5 = Anzahl Kinder für PV 3) 659798 Martin Zahariev F0W 18.07.2025 10001 Usti ",MEDIUM
UNCLEAR,"Arrears/outstanding context exists, but no repayment is documented.",2025-07-18,2025-06,DAK,,,ARREARS_OR_ENFORCEMENT_NOTICE,00_INBOX - Входящи - Eingang/Accounting_Organized/03_Employee_Payslips/Entgeltbescheinigungen 06-2025__copy3.pdf,"auschsteuer Beträge zur freiw./priv. KV/PV und für berufsständische Versorgungswerke sind unter Beitrag AN/AG und Nettobezüge/-abzüge enthalten 5) 5) 5) Gesamtbrutto Auszahlungsbetrag Nettobezüge/-abzüge 2) AN- Typ Faktor 5) 5) 5) 4) 5) Ki.PV 3) Z = Einschließlich Beitragszuschlag zur PV für Kinderlose, E = Elterneigenschaft nachgewiesen, 1-5 = Anzahl Kinder für PV 3) 659798 Martin Zahariev F0W 18.07.2025 10001 Usti ",MEDIUM
UNCLEAR,"Arrears/outstanding context exists, but no repayment is documented.",2025-07-18,2025-06,DAK,,,ARREARS_OR_ENFORCEMENT_NOTICE,00_INBOX - Входящи - Eingang/Accounting_Organized/14_Duplicates/Lohnauswertungen.pdf,"auschsteuer Beträge zur freiw./priv. KV/PV und für berufsständische Versorgungswerke sind unter Beitrag AN/AG und Nettobezüge/-abzüge enthalten 5) 5) 5) Gesamtbrutto Auszahlungsbetrag Nettobezüge/-abzüge 2) AN- Typ Faktor 5) 5) 5) 4) 5) Ki.PV 3) Z = Einschließlich Beitragszuschlag zur PV für Kinderlose, E = Elterneigenschaft nachgewiesen, 1-5 = Anzahl Kinder für PV 3) 659798 Martin Zahariev F0W 18.07.2025 10001 Usti ",MEDIUM
UNCLEAR,"Arrears/outstanding context exists, but no repayment is documented.",2025-07-18,2025-06,DAK,,,ARREARS_OR_ENFORCEMENT_NOTICE,00_INBOX - Входящи - Eingang/Accounting_Organized/14_Duplicates/Lohnauswertungen__copy19.pdf,"auschsteuer Beträge zur freiw./priv. KV/PV und für berufsständische Versorgungswerke sind unter Beitrag AN/AG und Nettobezüge/-abzüge enthalten 5) 5) 5) Gesamtbrutto Auszahlungsbetrag Nettobezüge/-abzüge 2) AN- Typ Faktor 5) 5) 5) 4) 5) Ki.PV 3) Z = Einschließlich Beitragszuschlag zur PV für Kinderlose, E = Elterneigenschaft nachgewiesen, 1-5 = Anzahl Kinder für PV 3) 659798 Martin Zahariev F0W 18.07.2025 10001 Usti ",MEDIUM
UNCLEAR,"Arrears/outstanding context exists, but no repayment is documented.",2025-07-18,2025-06,DAK,,,ARREARS_OR_ENFORCEMENT_NOTICE,00_INBOX - Входящи - Eingang/Accounting_Organized/14_Duplicates/Lohnauswertungen__copy37.pdf,"auschsteuer Beträge zur freiw./priv. KV/PV und für berufsständische Versorgungswerke sind unter Beitrag AN/AG und Nettobezüge/-abzüge enthalten 5) 5) 5) Gesamtbrutto Auszahlungsbetrag Nettobezüge/-abzüge 2) AN- Typ Faktor 5) 5) 5) 4) 5) Ki.PV 3) Z = Einschließlich Beitragszuschlag zur PV für Kinderlose, E = Elterneigenschaft nachgewiesen, 1-5 = Anzahl Kinder für PV 3) 659798 Martin Zahariev F0W 18.07.2025 10001 Usti ",MEDIUM
UNCLEAR,"Arrears/outstanding context exists, but no repayment is documented.",2025-07-22,2025-07,AOK,,,ARREARS_OR_ENFORCEMENT_NOTICE,00_INBOX - Входящи - Eingang/Accounting/Arbeitsbescheinigung Georgi Stefanov.pdf,[[page 1]] nach § 312 Drittes Buch Sozialgesetzbuch (SGB III) Form.-Nr. LNBA84 2. Angaben zum Beschäftigungsverhältnis 1.1 Lohnsteuerabzugsmerkmale im Lohnsteuerabzugsverfahren Sozialversicherungsnummer Jahr Lohnsteuerklasse ggf. Faktor Zahl der Kinderfreibeträge Weitere Änderungen entnehmen Sie der Anlage. Ja Nein 1. Angaben zu den persönlichen Daten der Arbeitnehmerin/des Arbeitnehmers DÜ-Protokoll Arbeitsbescheini,MEDIUM
UNCLEAR,"Arrears/outstanding context exists, but no repayment is documented.",2025-07-22,2025-07,AOK,,,ARREARS_OR_ENFORCEMENT_NOTICE,00_INBOX - Входящи - Eingang/Accounting_Organized/04_Health_Insurance/Arbeitsbescheinigung Georgi Stefanov.pdf,[[page 1]] nach § 312 Drittes Buch Sozialgesetzbuch (SGB III) Form.-Nr. LNBA84 2. Angaben zum Beschäftigungsverhältnis 1.1 Lohnsteuerabzugsmerkmale im Lohnsteuerabzugsverfahren Sozialversicherungsnummer Jahr Lohnsteuerklasse ggf. Faktor Zahl der Kinderfreibeträge Weitere Änderungen entnehmen Sie der Anlage. Ja Nein 1. Angaben zu den persönlichen Daten der Arbeitnehmerin/des Arbeitnehmers DÜ-Protokoll Arbeitsbescheini,MEDIUM
UNCLEAR,"Arrears/outstanding context exists, but no repayment is documented.",2025-07-22,2025-07,AOK,,,ARREARS_OR_ENFORCEMENT_NOTICE,00_INBOX - Входящи - Eingang/Accounting_Organized/13_Unknown_To_Review/Arbeitsbescheinigung Georgi Stefanov.pdf,[[page 1]] nach § 312 Drittes Buch Sozialgesetzbuch (SGB III) Form.-Nr. LNBA84 2. Angaben zum Beschäftigungsverhältnis 1.1 Lohnsteuerabzugsmerkmale im Lohnsteuerabzugsverfahren Sozialversicherungsnummer Jahr Lohnsteuerklasse ggf. Faktor Zahl der Kinderfreibeträge Weitere Änderungen entnehmen Sie der Anlage. Ja Nein 1. Angaben zu den persönlichen Daten der Arbeitnehmerin/des Arbeitnehmers DÜ-Protokoll Arbeitsbescheini,MEDIUM
UNCLEAR,"Arrears/outstanding context exists, but no repayment is documented.",2025-07-22,2025-07,AOK,,,ARREARS_OR_ENFORCEMENT_NOTICE,00_INBOX - Входящи - Eingang/Accounting_Organized/13_Unknown_To_Review/Arbeitsbescheinigung Georgi Stefanov__copy2.pdf,[[page 1]] nach § 312 Drittes Buch Sozialgesetzbuch (SGB III) Form.-Nr. LNBA84 2. Angaben zum Beschäftigungsverhältnis 1.1 Lohnsteuerabzugsmerkmale im Lohnsteuerabzugsverfahren Sozialversicherungsnummer Jahr Lohnsteuerklasse ggf. Faktor Zahl der Kinderfreibeträge Weitere Änderungen entnehmen Sie der Anlage. Ja Nein 1. Angaben zu den persönlichen Daten der Arbeitnehmerin/des Arbeitnehmers DÜ-Protokoll Arbeitsbescheini,MEDIUM
UNCLEAR,"Arrears/outstanding context exists, but no repayment is documented.",2025-07-22,2025-07,AOK,,,ARREARS_OR_ENFORCEMENT_NOTICE,08_Reports - Доклади - Berichte/Accounting_Cash_Flow/recovered_health_insurance_text/Arbeitsbescheinigung_Georgi_Stefanov.txt,nach § 312 Drittes Buch Sozialgesetzbuch (SGB III) Form.-Nr. LNBA84 2. Angaben zum Beschäftigungsverhältnis 1.1 Lohnsteuerabzugsmerkmale im Lohnsteuerabzugsverfahren Sozialversicherungsnummer Jahr Lohnsteuerklasse ggf. Faktor Zahl der Kinderfreibeträge Weitere Änderungen entnehmen Sie der Anlage. Ja Nein 1. Angaben zu den persönlichen Daten der Arbeitnehmerin/des Arbeitnehmers DÜ-Protokoll Arbeitsbescheinigung 2.1 Di,MEDIUM
NORMAL_MONTHLY_PAYMENT,Payment amount exists but no arrears context is stated.,2025-08-01,2025-08,AOK,332.96,,PAYMENT_EVIDENCE_OR_PAYMENT_LIST,00_INBOX - Входящи - Eingang/Accounting/Favorit MP Martin Zahariev _4033045_vom_01.08.2025.pdf,"Pro Monatliche Gebühren PRO 20 19 11,99 239,80 2 Wegfahrsperre All in Wegfahrsperre All in 20 19 2,00 40,00 279,80 Zwischensumme 19 % USt. auf € 279,80 53,16 Endbetrag 332,96 Per SEPA-Lastschrift wird der Rechnungsbetrag von 332,96 € zum Mandat 104670000001 zu der Gläubiger-Id DE45ZZZ00002191456 von Ihrem Konto DE95100100100925729109 bei der Postbank Ndl Deutsche Bank, PBNKDEFFXXX, zum Fälligkeitstag 15.08.2025 abgeb",HIGH
NORMAL_MONTHLY_PAYMENT,Payment amount exists but no arrears context is stated.,2025-08-01,2025-08,AOK,332.96,,PAYMENT_EVIDENCE_OR_PAYMENT_LIST,00_INBOX - Входящи - Eingang/Accounting_Organized/06_Bank_Payments/Favorit MP Martin Zahariev _4033045_vom_01.08.2025.pdf,"Pro Monatliche Gebühren PRO 20 19 11,99 239,80 2 Wegfahrsperre All in Wegfahrsperre All in 20 19 2,00 40,00 279,80 Zwischensumme 19 % USt. auf € 279,80 53,16 Endbetrag 332,96 Per SEPA-Lastschrift wird der Rechnungsbetrag von 332,96 € zum Mandat 104670000001 zu der Gläubiger-Id DE45ZZZ00002191456 von Ihrem Konto DE95100100100925729109 bei der Postbank Ndl Deutsche Bank, PBNKDEFFXXX, zum Fälligkeitstag 15.08.2025 abgeb",HIGH
NORMAL_MONTHLY_PAYMENT,Payment amount exists but no arrears context is stated.,2025-08-01,2025-08,AOK,332.96,,PAYMENT_EVIDENCE_OR_PAYMENT_LIST,00_INBOX - Входящи - Eingang/Accounting_Organized/06_Bank_Payments/Favorit MP Martin Zahariev _4033045_vom_01.08.2025__copy2.pdf,"Pro Monatliche Gebühren PRO 20 19 11,99 239,80 2 Wegfahrsperre All in Wegfahrsperre All in 20 19 2,00 40,00 279,80 Zwischensumme 19 % USt. auf € 279,80 53,16 Endbetrag 332,96 Per SEPA-Lastschrift wird der Rechnungsbetrag von 332,96 € zum Mandat 104670000001 zu der Gläubiger-Id DE45ZZZ00002191456 von Ihrem Konto DE95100100100925729109 bei der Postbank Ndl Deutsche Bank, PBNKDEFFXXX, zum Fälligkeitstag 15.08.2025 abgeb",HIGH
NORMAL_MONTHLY_PAYMENT,Payment amount exists but no arrears context is stated.,2025-08-01,2025-08,AOK,332.96,,PAYMENT_EVIDENCE_OR_PAYMENT_LIST,00_INBOX - Входящи - Eingang/Accounting_Organized/11_Contribution_Lists/Favorit MP Martin Zahariev _4033045_vom_01.08.2025.pdf,"Pro Monatliche Gebühren PRO 20 19 11,99 239,80 2 Wegfahrsperre All in Wegfahrsperre All in 20 19 2,00 40,00 279,80 Zwischensumme 19 % USt. auf € 279,80 53,16 Endbetrag 332,96 Per SEPA-Lastschrift wird der Rechnungsbetrag von 332,96 € zum Mandat 104670000001 zu der Gläubiger-Id DE45ZZZ00002191456 von Ihrem Konto DE95100100100925729109 bei der Postbank Ndl Deutsche Bank, PBNKDEFFXXX, zum Fälligkeitstag 15.08.2025 abgeb",HIGH
UNCLEAR,"Arrears/outstanding context exists, but no repayment is documented.",2025-08-11,,AOK,,,ARREARS_OR_ENFORCEMENT_NOTICE,00_INBOX - Входящи - Eingang/Accounting/Lohnauswertungen_Juli_2025.pdf,ise zur Abrechnung Brutto-Bezüge Betrag Lohnart Bezeichnung Einheit Menge Faktor 3 Prozentsatz St SV GB 4 4 5 Gesamt-Brutto Steuerrechtliche Abzüge Netto-Verdienst Betrag Auszahlungsbetrag SV-rechtliche Abzüge Steuer/Sozialversicherung Netto-Bezüge/Netto-Abzüge St Steuer-Brutto Lohnsteuer Kirchensteuer Solidaritätszuschlag St4 SV4 KV-Brutto RV-Brutto AV-Brutto PV-Brutto KV-Beitrag RV-Beitrag AV-Beitrag PV-Beitrag6 SV,MEDIUM
UNCLEAR,"Arrears/outstanding context exists, but no repayment is documented.",2025-08-11,,AOK,,,ARREARS_OR_ENFORCEMENT_NOTICE,00_INBOX - Входящи - Eingang/Accounting_Organized/02_Payroll/Lohnauswertungen_Juli_2025.pdf,ise zur Abrechnung Brutto-Bezüge Betrag Lohnart Bezeichnung Einheit Menge Faktor 3 Prozentsatz St SV GB 4 4 5 Gesamt-Brutto Steuerrechtliche Abzüge Netto-Verdienst Betrag Auszahlungsbetrag SV-rechtliche Abzüge Steuer/Sozialversicherung Netto-Bezüge/Netto-Abzüge St Steuer-Brutto Lohnsteuer Kirchensteuer Solidaritätszuschlag St4 SV4 KV-Brutto RV-Brutto AV-Brutto PV-Brutto KV-Beitrag RV-Beitrag AV-Beitrag PV-Beitrag6 SV,MEDIUM
UNCLEAR,"Arrears/outstanding context exists, but no repayment is documented.",2025-08-11,,AOK,,,ARREARS_OR_ENFORCEMENT_NOTICE,00_INBOX - Входящи - Eingang/Accounting_Organized/02_Payroll/Lohnauswertungen_Juli_2025__copy3.pdf,ise zur Abrechnung Brutto-Bezüge Betrag Lohnart Bezeichnung Einheit Menge Faktor 3 Prozentsatz St SV GB 4 4 5 Gesamt-Brutto Steuerrechtliche Abzüge Netto-Verdienst Betrag Auszahlungsbetrag SV-rechtliche Abzüge Steuer/Sozialversicherung Netto-Bezüge/Netto-Abzüge St Steuer-Brutto Lohnsteuer Kirchensteuer Solidaritätszuschlag St4 SV4 KV-Brutto RV-Brutto AV-Brutto PV-Brutto KV-Beitrag RV-Beitrag AV-Beitrag PV-Beitrag6 SV,MEDIUM
UNCLEAR,"Arrears/outstanding context exists, but no repayment is documented.",2025-08-11,,AOK,,,ARREARS_OR_ENFORCEMENT_NOTICE,00_INBOX - Входящи - Eingang/Accounting_Organized/13_Unknown_To_Review/Lohnauswertungen_Juli_2025.pdf,ise zur Abrechnung Brutto-Bezüge Betrag Lohnart Bezeichnung Einheit Menge Faktor 3 Prozentsatz St SV GB 4 4 5 Gesamt-Brutto Steuerrechtliche Abzüge Netto-Verdienst Betrag Auszahlungsbetrag SV-rechtliche Abzüge Steuer/Sozialversicherung Netto-Bezüge/Netto-Abzüge St Steuer-Brutto Lohnsteuer Kirchensteuer Solidaritätszuschlag St4 SV4 KV-Brutto RV-Brutto AV-Brutto PV-Brutto KV-Beitrag RV-Beitrag AV-Beitrag PV-Beitrag6 SV,MEDIUM
UNCLEAR,"Arrears/outstanding context exists, but no repayment is documented.",2025-08-27,2025-07,AOK PLUS,,,ARREARS_OR_ENFORCEMENT_NOTICE,00_INBOX - Входящи - Eingang/Accounting/ihrelohnauswertungenjuli2025/Lohnauswertungen_Juli_2025.pdf,"auschsteuer Beträge zur freiw./priv. KV/PV und für berufsständische Versorgungswerke sind unter Beitrag AN/AG und Nettobezüge/-abzüge enthalten 5) 5) 5) Gesamtbrutto Auszahlungsbetrag Nettobezüge/-abzüge 2) AN- Typ Faktor 5) 5) 5) 4) 5) Ki.PV 3) Z = Einschließlich Beitragszuschlag zur PV für Kinderlose, E = Elterneigenschaft nachgewiesen, 1-5 = Anzahl Kinder für PV 3) 659798 Martin Zahariev I0O 27.08.2025 10001 Usti ",MEDIUM
UNCLEAR,"Arrears/outstanding context exists, but no repayment is documented.",2025-08-27,2025-07,AOK PLUS,,,ARREARS_OR_ENFORCEMENT_NOTICE,00_INBOX - Входящи - Eingang/Accounting_Organized/02_Payroll/Lohnauswertungen_Juli_2025__copy2.pdf,"auschsteuer Beträge zur freiw./priv. KV/PV und für berufsständische Versorgungswerke sind unter Beitrag AN/AG und Nettobezüge/-abzüge enthalten 5) 5) 5) Gesamtbrutto Auszahlungsbetrag Nettobezüge/-abzüge 2) AN- Typ Faktor 5) 5) 5) 4) 5) Ki.PV 3) Z = Einschließlich Beitragszuschlag zur PV für Kinderlose, E = Elterneigenschaft nachgewiesen, 1-5 = Anzahl Kinder für PV 3) 659798 Martin Zahariev I0O 27.08.2025 10001 Usti ",MEDIUM
UNCLEAR,"Arrears/outstanding context exists, but no repayment is documented.",2025-08-27,2025-07,AOK PLUS,,,ARREARS_OR_ENFORCEMENT_NOTICE,00_INBOX - Входящи - Eingang/Accounting_Organized/02_Payroll/Lohnauswertungen_Juli_2025__copy4.pdf,"auschsteuer Beträge zur freiw./priv. KV/PV und für berufsständische Versorgungswerke sind unter Beitrag AN/AG und Nettobezüge/-abzüge enthalten 5) 5) 5) Gesamtbrutto Auszahlungsbetrag Nettobezüge/-abzüge 2) AN- Typ Faktor 5) 5) 5) 4) 5) Ki.PV 3) Z = Einschließlich Beitragszuschlag zur PV für Kinderlose, E = Elterneigenschaft nachgewiesen, 1-5 = Anzahl Kinder für PV 3) 659798 Martin Zahariev I0O 27.08.2025 10001 Usti ",MEDIUM
UNCLEAR,"Arrears/outstanding context exists, but no repayment is documented.",2025-08-27,2025-07,AOK PLUS,,,ARREARS_OR_ENFORCEMENT_NOTICE,00_INBOX - Входящи - Eingang/Accounting_Organized/13_Unknown_To_Review/Lohnauswertungen_Juli_2025__copy2.pdf,"auschsteuer Beträge zur freiw./priv. KV/PV und für berufsständische Versorgungswerke sind unter Beitrag AN/AG und Nettobezüge/-abzüge enthalten 5) 5) 5) Gesamtbrutto Auszahlungsbetrag Nettobezüge/-abzüge 2) AN- Typ Faktor 5) 5) 5) 4) 5) Ki.PV 3) Z = Einschließlich Beitragszuschlag zur PV für Kinderlose, E = Elterneigenschaft nachgewiesen, 1-5 = Anzahl Kinder für PV 3) 659798 Martin Zahariev I0O 27.08.2025 10001 Usti ",MEDIUM
UNCLEAR,"Arrears/outstanding context exists, but no repayment is documented.",2025-08-27,2025-07,BKK Linde,,,ARREARS_OR_ENFORCEMENT_NOTICE,00_INBOX - Входящи - Eingang/Accounting/ihrelohnauswertungenjuli2025/Lohnauswertungen_Juli_2025.pdf,"auschsteuer Beträge zur freiw./priv. KV/PV und für berufsständische Versorgungswerke sind unter Beitrag AN/AG und Nettobezüge/-abzüge enthalten 5) 5) 5) Gesamtbrutto Auszahlungsbetrag Nettobezüge/-abzüge 2) AN- Typ Faktor 5) 5) 5) 4) 5) Ki.PV 3) Z = Einschließlich Beitragszuschlag zur PV für Kinderlose, E = Elterneigenschaft nachgewiesen, 1-5 = Anzahl Kinder für PV 3) 659798 Martin Zahariev I0O 27.08.2025 10001 Usti ",MEDIUM
UNCLEAR,"Arrears/outstanding context exists, but no repayment is documented.",2025-08-27,2025-07,BKK Linde,,,ARREARS_OR_ENFORCEMENT_NOTICE,00_INBOX - Входящи - Eingang/Accounting_Organized/02_Payroll/Lohnauswertungen_Juli_2025__copy2.pdf,"auschsteuer Beträge zur freiw./priv. KV/PV und für berufsständische Versorgungswerke sind unter Beitrag AN/AG und Nettobezüge/-abzüge enthalten 5) 5) 5) Gesamtbrutto Auszahlungsbetrag Nettobezüge/-abzüge 2) AN- Typ Faktor 5) 5) 5) 4) 5) Ki.PV 3) Z = Einschließlich Beitragszuschlag zur PV für Kinderlose, E = Elterneigenschaft nachgewiesen, 1-5 = Anzahl Kinder für PV 3) 659798 Martin Zahariev I0O 27.08.2025 10001 Usti ",MEDIUM
UNCLEAR,"Arrears/outstanding context exists, but no repayment is documented.",2025-08-27,2025-07,BKK Linde,,,ARREARS_OR_ENFORCEMENT_NOTICE,00_INBOX - Входящи - Eingang/Accounting_Organized/02_Payroll/Lohnauswertungen_Juli_2025__copy4.pdf,"auschsteuer Beträge zur freiw./priv. KV/PV und für berufsständische Versorgungswerke sind unter Beitrag AN/AG und Nettobezüge/-abzüge enthalten 5) 5) 5) Gesamtbrutto Auszahlungsbetrag Nettobezüge/-abzüge 2) AN- Typ Faktor 5) 5) 5) 4) 5) Ki.PV 3) Z = Einschließlich Beitragszuschlag zur PV für Kinderlose, E = Elterneigenschaft nachgewiesen, 1-5 = Anzahl Kinder für PV 3) 659798 Martin Zahariev I0O 27.08.2025 10001 Usti ",MEDIUM
UNCLEAR,"Arrears/outstanding context exists, but no repayment is documented.",2025-08-27,2025-07,BKK Linde,,,ARREARS_OR_ENFORCEMENT_NOTICE,00_INBOX - Входящи - Eingang/Accounting_Organized/13_Unknown_To_Review/Lohnauswertungen_Juli_2025__copy2.pdf,"auschsteuer Beträge zur freiw./priv. KV/PV und für berufsständische Versorgungswerke sind unter Beitrag AN/AG und Nettobezüge/-abzüge enthalten 5) 5) 5) Gesamtbrutto Auszahlungsbetrag Nettobezüge/-abzüge 2) AN- Typ Faktor 5) 5) 5) 4) 5) Ki.PV 3) Z = Einschließlich Beitragszuschlag zur PV für Kinderlose, E = Elterneigenschaft nachgewiesen, 1-5 = Anzahl Kinder für PV 3) 659798 Martin Zahariev I0O 27.08.2025 10001 Usti ",MEDIUM
UNCLEAR,"Arrears/outstanding context exists, but no repayment is documented.",2025-08-27,2025-07,Barmer,,,ARREARS_OR_ENFORCEMENT_NOTICE,00_INBOX - Входящи - Eingang/Accounting/ihrelohnauswertungenjuli2025/Lohnauswertungen_Juli_2025.pdf,"auschsteuer Beträge zur freiw./priv. KV/PV und für berufsständische Versorgungswerke sind unter Beitrag AN/AG und Nettobezüge/-abzüge enthalten 5) 5) 5) Gesamtbrutto Auszahlungsbetrag Nettobezüge/-abzüge 2) AN- Typ Faktor 5) 5) 5) 4) 5) Ki.PV 3) Z = Einschließlich Beitragszuschlag zur PV für Kinderlose, E = Elterneigenschaft nachgewiesen, 1-5 = Anzahl Kinder für PV 3) 659798 Martin Zahariev I0O 27.08.2025 10001 Usti ",MEDIUM
UNCLEAR,"Arrears/outstanding context exists, but no repayment is documented.",2025-08-27,2025-07,Barmer,,,ARREARS_OR_ENFORCEMENT_NOTICE,00_INBOX - Входящи - Eingang/Accounting_Organized/02_Payroll/Lohnauswertungen_Juli_2025__copy2.pdf,"auschsteuer Beträge zur freiw./priv. KV/PV und für berufsständische Versorgungswerke sind unter Beitrag AN/AG und Nettobezüge/-abzüge enthalten 5) 5) 5) Gesamtbrutto Auszahlungsbetrag Nettobezüge/-abzüge 2) AN- Typ Faktor 5) 5) 5) 4) 5) Ki.PV 3) Z = Einschließlich Beitragszuschlag zur PV für Kinderlose, E = Elterneigenschaft nachgewiesen, 1-5 = Anzahl Kinder für PV 3) 659798 Martin Zahariev I0O 27.08.2025 10001 Usti ",MEDIUM
UNCLEAR,"Arrears/outstanding context exists, but no repayment is documented.",2025-08-27,2025-07,Barmer,,,ARREARS_OR_ENFORCEMENT_NOTICE,00_INBOX - Входящи - Eingang/Accounting_Organized/02_Payroll/Lohnauswertungen_Juli_2025__copy4.pdf,"auschsteuer Beträge zur freiw./priv. KV/PV und für berufsständische Versorgungswerke sind unter Beitrag AN/AG und Nettobezüge/-abzüge enthalten 5) 5) 5) Gesamtbrutto Auszahlungsbetrag Nettobezüge/-abzüge 2) AN- Typ Faktor 5) 5) 5) 4) 5) Ki.PV 3) Z = Einschließlich Beitragszuschlag zur PV für Kinderlose, E = Elterneigenschaft nachgewiesen, 1-5 = Anzahl Kinder für PV 3) 659798 Martin Zahariev I0O 27.08.2025 10001 Usti ",MEDIUM
UNCLEAR,"Arrears/outstanding context exists, but no repayment is documented.",2025-08-27,2025-07,Barmer,,,ARREARS_OR_ENFORCEMENT_NOTICE,00_INBOX - Входящи - Eingang/Accounting_Organized/13_Unknown_To_Review/Lohnauswertungen_Juli_2025__copy2.pdf,"auschsteuer Beträge zur freiw./priv. KV/PV und für berufsständische Versorgungswerke sind unter Beitrag AN/AG und Nettobezüge/-abzüge enthalten 5) 5) 5) Gesamtbrutto Auszahlungsbetrag Nettobezüge/-abzüge 2) AN- Typ Faktor 5) 5) 5) 4) 5) Ki.PV 3) Z = Einschließlich Beitragszuschlag zur PV für Kinderlose, E = Elterneigenschaft nachgewiesen, 1-5 = Anzahl Kinder für PV 3) 659798 Martin Zahariev I0O 27.08.2025 10001 Usti ",MEDIUM
UNCLEAR,"Arrears/outstanding context exists, but no repayment is documented.",2025-08-27,2025-07,Techniker Krankenkasse,,,ARREARS_OR_ENFORCEMENT_NOTICE,00_INBOX - Входящи - Eingang/Accounting/ihrelohnauswertungenjuli2025/Lohnauswertungen_Juli_2025.pdf,"auschsteuer Beträge zur freiw./priv. KV/PV und für berufsständische Versorgungswerke sind unter Beitrag AN/AG und Nettobezüge/-abzüge enthalten 5) 5) 5) Gesamtbrutto Auszahlungsbetrag Nettobezüge/-abzüge 2) AN- Typ Faktor 5) 5) 5) 4) 5) Ki.PV 3) Z = Einschließlich Beitragszuschlag zur PV für Kinderlose, E = Elterneigenschaft nachgewiesen, 1-5 = Anzahl Kinder für PV 3) 659798 Martin Zahariev I0O 27.08.2025 10001 Usti ",MEDIUM
UNCLEAR,"Arrears/outstanding context exists, but no repayment is documented.",2025-08-27,2025-07,Techniker Krankenkasse,,,ARREARS_OR_ENFORCEMENT_NOTICE,00_INBOX - Входящи - Eingang/Accounting_Organized/02_Payroll/Lohnauswertungen_Juli_2025__copy2.pdf,"auschsteuer Beträge zur freiw./priv. KV/PV und für berufsständische Versorgungswerke sind unter Beitrag AN/AG und Nettobezüge/-abzüge enthalten 5) 5) 5) Gesamtbrutto Auszahlungsbetrag Nettobezüge/-abzüge 2) AN- Typ Faktor 5) 5) 5) 4) 5) Ki.PV 3) Z = Einschließlich Beitragszuschlag zur PV für Kinderlose, E = Elterneigenschaft nachgewiesen, 1-5 = Anzahl Kinder für PV 3) 659798 Martin Zahariev I0O 27.08.2025 10001 Usti ",MEDIUM
UNCLEAR,"Arrears/outstanding context exists, but no repayment is documented.",2025-08-27,2025-07,Techniker Krankenkasse,,,ARREARS_OR_ENFORCEMENT_NOTICE,00_INBOX - Входящи - Eingang/Accounting_Organized/02_Payroll/Lohnauswertungen_Juli_2025__copy4.pdf,"auschsteuer Beträge zur freiw./priv. KV/PV und für berufsständische Versorgungswerke sind unter Beitrag AN/AG und Nettobezüge/-abzüge enthalten 5) 5) 5) Gesamtbrutto Auszahlungsbetrag Nettobezüge/-abzüge 2) AN- Typ Faktor 5) 5) 5) 4) 5) Ki.PV 3) Z = Einschließlich Beitragszuschlag zur PV für Kinderlose, E = Elterneigenschaft nachgewiesen, 1-5 = Anzahl Kinder für PV 3) 659798 Martin Zahariev I0O 27.08.2025 10001 Usti ",MEDIUM
UNCLEAR,"Arrears/outstanding context exists, but no repayment is documented.",2025-08-27,2025-07,Techniker Krankenkasse,,,ARREARS_OR_ENFORCEMENT_NOTICE,00_INBOX - Входящи - Eingang/Accounting_Organized/13_Unknown_To_Review/Lohnauswertungen_Juli_2025__copy2.pdf,"auschsteuer Beträge zur freiw./priv. KV/PV und für berufsständische Versorgungswerke sind unter Beitrag AN/AG und Nettobezüge/-abzüge enthalten 5) 5) 5) Gesamtbrutto Auszahlungsbetrag Nettobezüge/-abzüge 2) AN- Typ Faktor 5) 5) 5) 4) 5) Ki.PV 3) Z = Einschließlich Beitragszuschlag zur PV für Kinderlose, E = Elterneigenschaft nachgewiesen, 1-5 = Anzahl Kinder für PV 3) 659798 Martin Zahariev I0O 27.08.2025 10001 Usti ",MEDIUM
NORMAL_MONTHLY_PAYMENT,Payment amount exists but no arrears context is stated.,2025-09-01,2025-09,AOK,16.65,,PAYMENT_EVIDENCE_OR_PAYMENT_LIST,00_INBOX - Входящи - Eingang/Accounting/Favorit MP Martin Zahariev _4034294_vom_01.09.2025.pdf,"s 1 MG Pro Monatliche Gebühren PRO 1 19 11,99 11,99 2 Wegfahrsperre All in Wegfahrsperre All in 1 19 2,00 2,00 13,99 Zwischensumme 19 % USt. auf € 13,99 2,66 Endbetrag 16,65 Per SEPA-Lastschrift wird der Rechnungsbetrag von 16,65 € zum Mandat 104670000001 zu der Gläubiger-Id DE45ZZZ00002191456 von Ihrem Konto DE95100100100925729109 bei der Postbank Ndl Deutsche Bank, PBNKDEFFXXX, zum Fälligkeitstag 15.09.2025 abgebuc",HIGH
NORMAL_MONTHLY_PAYMENT,Payment amount exists but no arrears context is stated.,2025-09-01,2025-09,AOK,16.65,,PAYMENT_EVIDENCE_OR_PAYMENT_LIST,00_INBOX - Входящи - Eingang/Accounting_Organized/06_Bank_Payments/Favorit MP Martin Zahariev _4034294_vom_01.09.2025.pdf,"s 1 MG Pro Monatliche Gebühren PRO 1 19 11,99 11,99 2 Wegfahrsperre All in Wegfahrsperre All in 1 19 2,00 2,00 13,99 Zwischensumme 19 % USt. auf € 13,99 2,66 Endbetrag 16,65 Per SEPA-Lastschrift wird der Rechnungsbetrag von 16,65 € zum Mandat 104670000001 zu der Gläubiger-Id DE45ZZZ00002191456 von Ihrem Konto DE95100100100925729109 bei der Postbank Ndl Deutsche Bank, PBNKDEFFXXX, zum Fälligkeitstag 15.09.2025 abgebuc",HIGH
NORMAL_MONTHLY_PAYMENT,Payment amount exists but no arrears context is stated.,2025-09-01,2025-09,AOK,16.65,,PAYMENT_EVIDENCE_OR_PAYMENT_LIST,00_INBOX - Входящи - Eingang/Accounting_Organized/06_Bank_Payments/Favorit MP Martin Zahariev _4034294_vom_01.09.2025__copy2.pdf,"s 1 MG Pro Monatliche Gebühren PRO 1 19 11,99 11,99 2 Wegfahrsperre All in Wegfahrsperre All in 1 19 2,00 2,00 13,99 Zwischensumme 19 % USt. auf € 13,99 2,66 Endbetrag 16,65 Per SEPA-Lastschrift wird der Rechnungsbetrag von 16,65 € zum Mandat 104670000001 zu der Gläubiger-Id DE45ZZZ00002191456 von Ihrem Konto DE95100100100925729109 bei der Postbank Ndl Deutsche Bank, PBNKDEFFXXX, zum Fälligkeitstag 15.09.2025 abgebuc",HIGH
NORMAL_MONTHLY_PAYMENT,Payment amount exists but no arrears context is stated.,2025-09-01,2025-09,AOK,16.65,,PAYMENT_EVIDENCE_OR_PAYMENT_LIST,00_INBOX - Входящи - Eingang/Accounting_Organized/11_Contribution_Lists/Favorit MP Martin Zahariev _4034294_vom_01.09.2025.pdf,"s 1 MG Pro Monatliche Gebühren PRO 1 19 11,99 11,99 2 Wegfahrsperre All in Wegfahrsperre All in 1 19 2,00 2,00 13,99 Zwischensumme 19 % USt. auf € 13,99 2,66 Endbetrag 16,65 Per SEPA-Lastschrift wird der Rechnungsbetrag von 16,65 € zum Mandat 104670000001 zu der Gläubiger-Id DE45ZZZ00002191456 von Ihrem Konto DE95100100100925729109 bei der Postbank Ndl Deutsche Bank, PBNKDEFFXXX, zum Fälligkeitstag 15.09.2025 abgebuc",HIGH
UNCLEAR,"Arrears/outstanding context exists, but no repayment is documented.",2025-09-03,2025-09,AOK,,,ARREARS_OR_ENFORCEMENT_NOTICE,00_INBOX - Входящи - Eingang/Accounting/Rücklastschrift _ Ihre KD-Nr. 550980-2.PDF,"[[page 1]] Nichteinlösung Bankeinzug/Lastschrift Sehr geehrte Damen und Herren, die von uns vorgenommene Abbuchung per Bankeinzug/Lastschrift wurde von Ihrem Geldinstitut nicht eingelöst. Die weitere Bearbeitung durch unsere Rechtsabteilung können Sie vermeiden, wenn Ihre Zahlung innerhalb von 8 Tagen bei uns eingeht. Sofern der rückbelastete Betrag noch einmal eingezogen/abgebucht werden soll, bitten wir um umgehend",MEDIUM
UNCLEAR,"Arrears/outstanding context exists, but no repayment is documented.",2025-09-03,2025-09,AOK,,,ARREARS_OR_ENFORCEMENT_NOTICE,00_INBOX - Входящи - Eingang/Accounting_Organized/06_Bank_Payments/Rücklastschrift _ Ihre KD-Nr. 550980-2.PDF,"[[page 1]] Nichteinlösung Bankeinzug/Lastschrift Sehr geehrte Damen und Herren, die von uns vorgenommene Abbuchung per Bankeinzug/Lastschrift wurde von Ihrem Geldinstitut nicht eingelöst. Die weitere Bearbeitung durch unsere Rechtsabteilung können Sie vermeiden, wenn Ihre Zahlung innerhalb von 8 Tagen bei uns eingeht. Sofern der rückbelastete Betrag noch einmal eingezogen/abgebucht werden soll, bitten wir um umgehend",MEDIUM
UNCLEAR,"Arrears/outstanding context exists, but no repayment is documented.",2025-09-03,2025-09,AOK,,,ARREARS_OR_ENFORCEMENT_NOTICE,00_INBOX - Входящи - Eingang/Accounting_Organized/06_Bank_Payments/Rücklastschrift _ Ihre KD-Nr. 550980-2__copy2.PDF,"[[page 1]] Nichteinlösung Bankeinzug/Lastschrift Sehr geehrte Damen und Herren, die von uns vorgenommene Abbuchung per Bankeinzug/Lastschrift wurde von Ihrem Geldinstitut nicht eingelöst. Die weitere Bearbeitung durch unsere Rechtsabteilung können Sie vermeiden, wenn Ihre Zahlung innerhalb von 8 Tagen bei uns eingeht. Sofern der rückbelastete Betrag noch einmal eingezogen/abgebucht werden soll, bitten wir um umgehend",MEDIUM
UNCLEAR,"Arrears/outstanding context exists, but no repayment is documented.",2025-09-03,2025-09,AOK,,,ARREARS_OR_ENFORCEMENT_NOTICE,00_INBOX - Входящи - Eingang/Accounting_Organized/08_Operating_Costs/Rücklastschrift _ Ihre KD-Nr. 550980-2.PDF,"[[page 1]] Nichteinlösung Bankeinzug/Lastschrift Sehr geehrte Damen und Herren, die von uns vorgenommene Abbuchung per Bankeinzug/Lastschrift wurde von Ihrem Geldinstitut nicht eingelöst. Die weitere Bearbeitung durch unsere Rechtsabteilung können Sie vermeiden, wenn Ihre Zahlung innerhalb von 8 Tagen bei uns eingeht. Sofern der rückbelastete Betrag noch einmal eingezogen/abgebucht werden soll, bitten wir um umgehend",MEDIUM
UNCLEAR,"Arrears/outstanding context exists, but no repayment is documented.",2025-09-05,2025-09,AOK,,,ARREARS_OR_ENFORCEMENT_NOTICE,00_INBOX - Входящи - Eingang/Accounting/Rücklastschrift _ Ihre KD-Nr. 550980-1.PDF,"[[page 1]] Nichteinlösung Bankeinzug/Lastschrift Sehr geehrte Damen und Herren, die von uns vorgenommene Abbuchung per Bankeinzug/Lastschrift wurde von Ihrem Geldinstitut nicht eingelöst. Die weitere Bearbeitung durch unsere Rechtsabteilung können Sie vermeiden, wenn Ihre Zahlung innerhalb von 8 Tagen bei uns eingeht. Sofern der rückbelastete Betrag noch einmal eingezogen/abgebucht werden soll, bitten wir um umgehend",MEDIUM
UNCLEAR,"Arrears/outstanding context exists, but no repayment is documented.",2025-09-05,2025-09,AOK,,,ARREARS_OR_ENFORCEMENT_NOTICE,00_INBOX - Входящи - Eingang/Accounting_Organized/06_Bank_Payments/Rücklastschrift _ Ihre KD-Nr. 550980-1.PDF,"[[page 1]] Nichteinlösung Bankeinzug/Lastschrift Sehr geehrte Damen und Herren, die von uns vorgenommene Abbuchung per Bankeinzug/Lastschrift wurde von Ihrem Geldinstitut nicht eingelöst. Die weitere Bearbeitung durch unsere Rechtsabteilung können Sie vermeiden, wenn Ihre Zahlung innerhalb von 8 Tagen bei uns eingeht. Sofern der rückbelastete Betrag noch einmal eingezogen/abgebucht werden soll, bitten wir um umgehend",MEDIUM
UNCLEAR,"Arrears/outstanding context exists, but no repayment is documented.",2025-09-05,2025-09,AOK,,,ARREARS_OR_ENFORCEMENT_NOTICE,00_INBOX - Входящи - Eingang/Accounting_Organized/06_Bank_Payments/Rücklastschrift _ Ihre KD-Nr. 550980-1__copy2.PDF,"[[page 1]] Nichteinlösung Bankeinzug/Lastschrift Sehr geehrte Damen und Herren, die von uns vorgenommene Abbuchung per Bankeinzug/Lastschrift wurde von Ihrem Geldinstitut nicht eingelöst. Die weitere Bearbeitung durch unsere Rechtsabteilung können Sie vermeiden, wenn Ihre Zahlung innerhalb von 8 Tagen bei uns eingeht. Sofern der rückbelastete Betrag noch einmal eingezogen/abgebucht werden soll, bitten wir um umgehend",MEDIUM
UNCLEAR,"Arrears/outstanding context exists, but no repayment is documented.",2025-09-05,2025-09,AOK,,,ARREARS_OR_ENFORCEMENT_NOTICE,00_INBOX - Входящи - Eingang/Accounting_Organized/08_Operating_Costs/Rücklastschrift _ Ihre KD-Nr. 550980-1.PDF,"[[page 1]] Nichteinlösung Bankeinzug/Lastschrift Sehr geehrte Damen und Herren, die von uns vorgenommene Abbuchung per Bankeinzug/Lastschrift wurde von Ihrem Geldinstitut nicht eingelöst. Die weitere Bearbeitung durch unsere Rechtsabteilung können Sie vermeiden, wenn Ihre Zahlung innerhalb von 8 Tagen bei uns eingeht. Sofern der rückbelastete Betrag noch einmal eingezogen/abgebucht werden soll, bitten wir um umgehend",MEDIUM
UNCLEAR,"Arrears/outstanding context exists, but no repayment is documented.",2025-09-17,2025-09,AOK,,,ARREARS_OR_ENFORCEMENT_NOTICE,00_INBOX - Входящи - Eingang/Accounting/Rücklastschrift _ Ihre KD-Nr. 550980.PDF,"[[page 1]] Nichteinlösung Bankeinzug/Lastschrift Sehr geehrte Damen und Herren, die von uns vorgenommene Abbuchung per Bankeinzug/Lastschrift wurde von Ihrem Geldinstitut nicht eingelöst. Die weitere Bearbeitung durch unsere Rechtsabteilung können Sie vermeiden, wenn Ihre Zahlung innerhalb von 8 Tagen bei uns eingeht. Sofern der rückbelastete Betrag noch einmal eingezogen/abgebucht werden soll, bitten wir um umgehend",MEDIUM
UNCLEAR,"Arrears/outstanding context exists, but no repayment is documented.",2025-09-17,2025-09,AOK,,,ARREARS_OR_ENFORCEMENT_NOTICE,00_INBOX - Входящи - Eingang/Accounting_Organized/06_Bank_Payments/Rücklastschrift _ Ihre KD-Nr. 550980.PDF,"[[page 1]] Nichteinlösung Bankeinzug/Lastschrift Sehr geehrte Damen und Herren, die von uns vorgenommene Abbuchung per Bankeinzug/Lastschrift wurde von Ihrem Geldinstitut nicht eingelöst. Die weitere Bearbeitung durch unsere Rechtsabteilung können Sie vermeiden, wenn Ihre Zahlung innerhalb von 8 Tagen bei uns eingeht. Sofern der rückbelastete Betrag noch einmal eingezogen/abgebucht werden soll, bitten wir um umgehend",MEDIUM
UNCLEAR,"Arrears/outstanding context exists, but no repayment is documented.",2025-09-17,2025-09,AOK,,,ARREARS_OR_ENFORCEMENT_NOTICE,00_INBOX - Входящи - Eingang/Accounting_Organized/06_Bank_Payments/Rücklastschrift _ Ihre KD-Nr. 550980__copy2.PDF,"[[page 1]] Nichteinlösung Bankeinzug/Lastschrift Sehr geehrte Damen und Herren, die von uns vorgenommene Abbuchung per Bankeinzug/Lastschrift wurde von Ihrem Geldinstitut nicht eingelöst. Die weitere Bearbeitung durch unsere Rechtsabteilung können Sie vermeiden, wenn Ihre Zahlung innerhalb von 8 Tagen bei uns eingeht. Sofern der rückbelastete Betrag noch einmal eingezogen/abgebucht werden soll, bitten wir um umgehend",MEDIUM
UNCLEAR,"Arrears/outstanding context exists, but no repayment is documented.",2025-09-17,2025-09,AOK,,,ARREARS_OR_ENFORCEMENT_NOTICE,00_INBOX - Входящи - Eingang/Accounting_Organized/08_Operating_Costs/Rücklastschrift _ Ihre KD-Nr. 550980.PDF,"[[page 1]] Nichteinlösung Bankeinzug/Lastschrift Sehr geehrte Damen und Herren, die von uns vorgenommene Abbuchung per Bankeinzug/Lastschrift wurde von Ihrem Geldinstitut nicht eingelöst. Die weitere Bearbeitung durch unsere Rechtsabteilung können Sie vermeiden, wenn Ihre Zahlung innerhalb von 8 Tagen bei uns eingeht. Sofern der rückbelastete Betrag noch einmal eingezogen/abgebucht werden soll, bitten wir um umgehend",MEDIUM
UNCLEAR,"Arrears/outstanding context exists, but no repayment is documented.",2026-03-23,2026-03,AOK PLUS,,,ARREARS_OR_ENFORCEMENT_NOTICE,00_INBOX - Входящи - Eingang/Accounting/Tabelle nach § 175 InsO mit Grund des Bestreitens.pdf,"fts-Nr.: im Insolvenzverfahren Zahariev, Martin Rang: § 38 Insolvenzverwalter: Rechtsanwalt Mario Sänger Neefestraße 26 09119 Chemnitz Lfd.Nr. Tag der Anmeldung Angemeldete Forderung Grund der Forderung Ergebnis der Forderungsprüfung Berichtigungen / Bemerkungen Blatt 1 218 IN 1891/25 Gläubigervertreter Name und Anschrift Gläubiger Name und Anschrift 23.03.2026 § 38 - 1 AOK PLUS - Die Gesundheitskasse für Sachsen und",MEDIUM
UNCLEAR,"Arrears/outstanding context exists, but no repayment is documented.",2026-03-23,2026-03,AOK PLUS,,,ARREARS_OR_ENFORCEMENT_NOTICE,00_INBOX - Входящи - Eingang/Accounting_Organized/04_Health_Insurance/Tabelle nach § 175 InsO mit Grund des Bestreitens.pdf,"fts-Nr.: im Insolvenzverfahren Zahariev, Martin Rang: § 38 Insolvenzverwalter: Rechtsanwalt Mario Sänger Neefestraße 26 09119 Chemnitz Lfd.Nr. Tag der Anmeldung Angemeldete Forderung Grund der Forderung Ergebnis der Forderungsprüfung Berichtigungen / Bemerkungen Blatt 1 218 IN 1891/25 Gläubigervertreter Name und Anschrift Gläubiger Name und Anschrift 23.03.2026 § 38 - 1 AOK PLUS - Die Gesundheitskasse für Sachsen und",MEDIUM
UNCLEAR,"Arrears/outstanding context exists, but no repayment is documented.",2026-03-23,2026-03,AOK PLUS,,,ARREARS_OR_ENFORCEMENT_NOTICE,00_INBOX - Входящи - Eingang/Accounting_Organized/04_Health_Insurance/Tabelle nach § 175 InsO mit Grund des Bestreitens__copy2.pdf,"fts-Nr.: im Insolvenzverfahren Zahariev, Martin Rang: § 38 Insolvenzverwalter: Rechtsanwalt Mario Sänger Neefestraße 26 09119 Chemnitz Lfd.Nr. Tag der Anmeldung Angemeldete Forderung Grund der Forderung Ergebnis der Forderungsprüfung Berichtigungen / Bemerkungen Blatt 1 218 IN 1891/25 Gläubigervertreter Name und Anschrift Gläubiger Name und Anschrift 23.03.2026 § 38 - 1 AOK PLUS - Die Gesundheitskasse für Sachsen und",MEDIUM
UNCLEAR,"Arrears/outstanding context exists, but no repayment is documented.",2026-03-23,2026-03,AOK PLUS,,,ARREARS_OR_ENFORCEMENT_NOTICE,00_INBOX - Входящи - Eingang/Accounting_Organized/04_Health_Insurance/Tabelle nach § 175 InsO mit Grund des Bestreitens__copy3.pdf,"fts-Nr.: im Insolvenzverfahren Zahariev, Martin Rang: § 38 Insolvenzverwalter: Rechtsanwalt Mario Sänger Neefestraße 26 09119 Chemnitz Lfd.Nr. Tag der Anmeldung Angemeldete Forderung Grund der Forderung Ergebnis der Forderungsprüfung Berichtigungen / Bemerkungen Blatt 1 218 IN 1891/25 Gläubigervertreter Name und Anschrift Gläubiger Name und Anschrift 23.03.2026 § 38 - 1 AOK PLUS - Die Gesundheitskasse für Sachsen und",MEDIUM
UNCLEAR,"Arrears/outstanding context exists, but no repayment is documented.",2026-03-23,2026-03,BKK Linde,,,ARREARS_OR_ENFORCEMENT_NOTICE,00_INBOX - Входящи - Eingang/Accounting/Tabelle nach § 175 InsO mit Grund des Bestreitens.pdf,"fts-Nr.: im Insolvenzverfahren Zahariev, Martin Rang: § 38 Insolvenzverwalter: Rechtsanwalt Mario Sänger Neefestraße 26 09119 Chemnitz Lfd.Nr. Tag der Anmeldung Angemeldete Forderung Grund der Forderung Ergebnis der Forderungsprüfung Berichtigungen / Bemerkungen Blatt 1 218 IN 1891/25 Gläubigervertreter Name und Anschrift Gläubiger Name und Anschrift 23.03.2026 § 38 - 1 AOK PLUS - Die Gesundheitskasse für Sachsen und",MEDIUM
UNCLEAR,"Arrears/outstanding context exists, but no repayment is documented.",2026-03-23,2026-03,BKK Linde,,,ARREARS_OR_ENFORCEMENT_NOTICE,00_INBOX - Входящи - Eingang/Accounting_Organized/04_Health_Insurance/Tabelle nach § 175 InsO mit Grund des Bestreitens.pdf,"fts-Nr.: im Insolvenzverfahren Zahariev, Martin Rang: § 38 Insolvenzverwalter: Rechtsanwalt Mario Sänger Neefestraße 26 09119 Chemnitz Lfd.Nr. Tag der Anmeldung Angemeldete Forderung Grund der Forderung Ergebnis der Forderungsprüfung Berichtigungen / Bemerkungen Blatt 1 218 IN 1891/25 Gläubigervertreter Name und Anschrift Gläubiger Name und Anschrift 23.03.2026 § 38 - 1 AOK PLUS - Die Gesundheitskasse für Sachsen und",MEDIUM
UNCLEAR,"Arrears/outstanding context exists, but no repayment is documented.",2026-03-23,2026-03,BKK Linde,,,ARREARS_OR_ENFORCEMENT_NOTICE,00_INBOX - Входящи - Eingang/Accounting_Organized/04_Health_Insurance/Tabelle nach § 175 InsO mit Grund des Bestreitens__copy2.pdf,"fts-Nr.: im Insolvenzverfahren Zahariev, Martin Rang: § 38 Insolvenzverwalter: Rechtsanwalt Mario Sänger Neefestraße 26 09119 Chemnitz Lfd.Nr. Tag der Anmeldung Angemeldete Forderung Grund der Forderung Ergebnis der Forderungsprüfung Berichtigungen / Bemerkungen Blatt 1 218 IN 1891/25 Gläubigervertreter Name und Anschrift Gläubiger Name und Anschrift 23.03.2026 § 38 - 1 AOK PLUS - Die Gesundheitskasse für Sachsen und",MEDIUM
UNCLEAR,"Arrears/outstanding context exists, but no repayment is documented.",2026-03-23,2026-03,BKK Linde,,,ARREARS_OR_ENFORCEMENT_NOTICE,00_INBOX - Входящи - Eingang/Accounting_Organized/04_Health_Insurance/Tabelle nach § 175 InsO mit Grund des Bestreitens__copy3.pdf,"fts-Nr.: im Insolvenzverfahren Zahariev, Martin Rang: § 38 Insolvenzverwalter: Rechtsanwalt Mario Sänger Neefestraße 26 09119 Chemnitz Lfd.Nr. Tag der Anmeldung Angemeldete Forderung Grund der Forderung Ergebnis der Forderungsprüfung Berichtigungen / Bemerkungen Blatt 1 218 IN 1891/25 Gläubigervertreter Name und Anschrift Gläubiger Name und Anschrift 23.03.2026 § 38 - 1 AOK PLUS - Die Gesundheitskasse für Sachsen und",MEDIUM
UNCLEAR,"Arrears/outstanding context exists, but no repayment is documented.",2026-03-23,2026-03,DAK,,,ARREARS_OR_ENFORCEMENT_NOTICE,00_INBOX - Входящи - Eingang/Accounting/Tabelle nach § 175 InsO mit Grund des Bestreitens.pdf,"fts-Nr.: im Insolvenzverfahren Zahariev, Martin Rang: § 38 Insolvenzverwalter: Rechtsanwalt Mario Sänger Neefestraße 26 09119 Chemnitz Lfd.Nr. Tag der Anmeldung Angemeldete Forderung Grund der Forderung Ergebnis der Forderungsprüfung Berichtigungen / Bemerkungen Blatt 1 218 IN 1891/25 Gläubigervertreter Name und Anschrift Gläubiger Name und Anschrift 23.03.2026 § 38 - 1 AOK PLUS - Die Gesundheitskasse für Sachsen und",MEDIUM
UNCLEAR,"Arrears/outstanding context exists, but no repayment is documented.",2026-03-23,2026-03,DAK,,,ARREARS_OR_ENFORCEMENT_NOTICE,00_INBOX - Входящи - Eingang/Accounting_Organized/04_Health_Insurance/Tabelle nach § 175 InsO mit Grund des Bestreitens.pdf,"fts-Nr.: im Insolvenzverfahren Zahariev, Martin Rang: § 38 Insolvenzverwalter: Rechtsanwalt Mario Sänger Neefestraße 26 09119 Chemnitz Lfd.Nr. Tag der Anmeldung Angemeldete Forderung Grund der Forderung Ergebnis der Forderungsprüfung Berichtigungen / Bemerkungen Blatt 1 218 IN 1891/25 Gläubigervertreter Name und Anschrift Gläubiger Name und Anschrift 23.03.2026 § 38 - 1 AOK PLUS - Die Gesundheitskasse für Sachsen und",MEDIUM
UNCLEAR,"Arrears/outstanding context exists, but no repayment is documented.",2026-03-23,2026-03,DAK,,,ARREARS_OR_ENFORCEMENT_NOTICE,00_INBOX - Входящи - Eingang/Accounting_Organized/04_Health_Insurance/Tabelle nach § 175 InsO mit Grund des Bestreitens__copy2.pdf,"fts-Nr.: im Insolvenzverfahren Zahariev, Martin Rang: § 38 Insolvenzverwalter: Rechtsanwalt Mario Sänger Neefestraße 26 09119 Chemnitz Lfd.Nr. Tag der Anmeldung Angemeldete Forderung Grund der Forderung Ergebnis der Forderungsprüfung Berichtigungen / Bemerkungen Blatt 1 218 IN 1891/25 Gläubigervertreter Name und Anschrift Gläubiger Name und Anschrift 23.03.2026 § 38 - 1 AOK PLUS - Die Gesundheitskasse für Sachsen und",MEDIUM
UNCLEAR,"Arrears/outstanding context exists, but no repayment is documented.",2026-03-23,2026-03,DAK,,,ARREARS_OR_ENFORCEMENT_NOTICE,00_INBOX - Входящи - Eingang/Accounting_Organized/04_Health_Insurance/Tabelle nach § 175 InsO mit Grund des Bestreitens__copy3.pdf,"fts-Nr.: im Insolvenzverfahren Zahariev, Martin Rang: § 38 Insolvenzverwalter: Rechtsanwalt Mario Sänger Neefestraße 26 09119 Chemnitz Lfd.Nr. Tag der Anmeldung Angemeldete Forderung Grund der Forderung Ergebnis der Forderungsprüfung Berichtigungen / Bemerkungen Blatt 1 218 IN 1891/25 Gläubigervertreter Name und Anschrift Gläubiger Name und Anschrift 23.03.2026 § 38 - 1 AOK PLUS - Die Gesundheitskasse für Sachsen und",MEDIUM
UNCLEAR,"Arrears/outstanding context exists, but no repayment is documented.",2026-03-23,2026-03,Techniker Krankenkasse,,,ARREARS_OR_ENFORCEMENT_NOTICE,00_INBOX - Входящи - Eingang/Accounting/Tabelle nach § 175 InsO mit Grund des Bestreitens.pdf,"fts-Nr.: im Insolvenzverfahren Zahariev, Martin Rang: § 38 Insolvenzverwalter: Rechtsanwalt Mario Sänger Neefestraße 26 09119 Chemnitz Lfd.Nr. Tag der Anmeldung Angemeldete Forderung Grund der Forderung Ergebnis der Forderungsprüfung Berichtigungen / Bemerkungen Blatt 1 218 IN 1891/25 Gläubigervertreter Name und Anschrift Gläubiger Name und Anschrift 23.03.2026 § 38 - 1 AOK PLUS - Die Gesundheitskasse für Sachsen und",MEDIUM
UNCLEAR,"Arrears/outstanding context exists, but no repayment is documented.",2026-03-23,2026-03,Techniker Krankenkasse,,,ARREARS_OR_ENFORCEMENT_NOTICE,00_INBOX - Входящи - Eingang/Accounting_Organized/04_Health_Insurance/Tabelle nach § 175 InsO mit Grund des Bestreitens.pdf,"fts-Nr.: im Insolvenzverfahren Zahariev, Martin Rang: § 38 Insolvenzverwalter: Rechtsanwalt Mario Sänger Neefestraße 26 09119 Chemnitz Lfd.Nr. Tag der Anmeldung Angemeldete Forderung Grund der Forderung Ergebnis der Forderungsprüfung Berichtigungen / Bemerkungen Blatt 1 218 IN 1891/25 Gläubigervertreter Name und Anschrift Gläubiger Name und Anschrift 23.03.2026 § 38 - 1 AOK PLUS - Die Gesundheitskasse für Sachsen und",MEDIUM
UNCLEAR,"Arrears/outstanding context exists, but no repayment is documented.",2026-03-23,2026-03,Techniker Krankenkasse,,,ARREARS_OR_ENFORCEMENT_NOTICE,00_INBOX - Входящи - Eingang/Accounting_Organized/04_Health_Insurance/Tabelle nach § 175 InsO mit Grund des Bestreitens__copy2.pdf,"fts-Nr.: im Insolvenzverfahren Zahariev, Martin Rang: § 38 Insolvenzverwalter: Rechtsanwalt Mario Sänger Neefestraße 26 09119 Chemnitz Lfd.Nr. Tag der Anmeldung Angemeldete Forderung Grund der Forderung Ergebnis der Forderungsprüfung Berichtigungen / Bemerkungen Blatt 1 218 IN 1891/25 Gläubigervertreter Name und Anschrift Gläubiger Name und Anschrift 23.03.2026 § 38 - 1 AOK PLUS - Die Gesundheitskasse für Sachsen und",MEDIUM
UNCLEAR,"Arrears/outstanding context exists, but no repayment is documented.",2026-03-23,2026-03,Techniker Krankenkasse,,,ARREARS_OR_ENFORCEMENT_NOTICE,00_INBOX - Входящи - Eingang/Accounting_Organized/04_Health_Insurance/Tabelle nach § 175 InsO mit Grund des Bestreitens__copy3.pdf,"fts-Nr.: im Insolvenzverfahren Zahariev, Martin Rang: § 38 Insolvenzverwalter: Rechtsanwalt Mario Sänger Neefestraße 26 09119 Chemnitz Lfd.Nr. Tag der Anmeldung Angemeldete Forderung Grund der Forderung Ergebnis der Forderungsprüfung Berichtigungen / Bemerkungen Blatt 1 218 IN 1891/25 Gläubigervertreter Name und Anschrift Gläubiger Name und Anschrift 23.03.2026 § 38 - 1 AOK PLUS - Die Gesundheitskasse für Sachsen und",MEDIUM
UNCLEAR,"Arrears/outstanding context exists, but no repayment is documented.",2026-05-27,2025-02,AOK,,,ARREARS_OR_ENFORCEMENT_NOTICE,00_INBOX - Входящи - Eingang/Accounting/Accountings 02-2025 - martin.zahariev@gmail.com - Gmail.htm,СТРАТОС ▼ ХЕРМЕС - РАБОТНИ ДНИ служители ▼ Чакащи писма / Задачи 4 ▼ ADAC ▼ AOK / KKH ▼ CLEAN CAR - TANKSTELLE 3 ▼ DPD ▼ HERMES - info for Tur ▼ HERMES GERMANY 25 ▼ MASKE ▼ OLD EMAIL ▼ STAHLGRUBER ▼ Treubilanz (Hannover) 11 ▼ Bewerbung 2 ▼ Payrolls 1 ▼ 2018 ▼ 2019 ▼ 2020 ▼ 2021 1,MEDIUM
UNCLEAR,"Arrears/outstanding context exists, but no repayment is documented.",2026-05-27,2025-02,AOK,,,ARREARS_OR_ENFORCEMENT_NOTICE,00_INBOX - Входящи - Eingang/Accounting_Organized/01_Accountant_Emails/Accountings 02-2025 - martin.zahariev@gmail.com - Gmail.htm,СТРАТОС ▼ ХЕРМЕС - РАБОТНИ ДНИ служители ▼ Чакащи писма / Задачи 4 ▼ ADAC ▼ AOK / KKH ▼ CLEAN CAR - TANKSTELLE 3 ▼ DPD ▼ HERMES - info for Tur ▼ HERMES GERMANY 25 ▼ MASKE ▼ OLD EMAIL ▼ STAHLGRUBER ▼ Treubilanz (Hannover) 11 ▼ Bewerbung 2 ▼ Payrolls 1 ▼ 2018 ▼ 2019 ▼ 2020 ▼ 2021 1,MEDIUM
UNCLEAR,"Arrears/outstanding context exists, but no repayment is documented.",2026-05-27,2025-02,AOK,,,ARREARS_OR_ENFORCEMENT_NOTICE,00_INBOX - Входящи - Eingang/Accounting_Organized/01_Accountant_Emails/Accountings 02-2025 - martin.zahariev@gmail.com - Gmail__copy2.htm,СТРАТОС ▼ ХЕРМЕС - РАБОТНИ ДНИ служители ▼ Чакащи писма / Задачи 4 ▼ ADAC ▼ AOK / KKH ▼ CLEAN CAR - TANKSTELLE 3 ▼ DPD ▼ HERMES - info for Tur ▼ HERMES GERMANY 25 ▼ MASKE ▼ OLD EMAIL ▼ STAHLGRUBER ▼ Treubilanz (Hannover) 11 ▼ Bewerbung 2 ▼ Payrolls 1 ▼ 2018 ▼ 2019 ▼ 2020 ▼ 2021 1,MEDIUM
UNCLEAR,"Arrears/outstanding context exists, but no repayment is documented.",2026-05-27,2025-02,AOK,,,ARREARS_OR_ENFORCEMENT_NOTICE,00_INBOX - Входящи - Eingang/Accounting_Organized/13_Unknown_To_Review/Accountings 02-2025 - martin.zahariev@gmail.com - Gmail.htm,СТРАТОС ▼ ХЕРМЕС - РАБОТНИ ДНИ служители ▼ Чакащи писма / Задачи 4 ▼ ADAC ▼ AOK / KKH ▼ CLEAN CAR - TANKSTELLE 3 ▼ DPD ▼ HERMES - info for Tur ▼ HERMES GERMANY 25 ▼ MASKE ▼ OLD EMAIL ▼ STAHLGRUBER ▼ Treubilanz (Hannover) 11 ▼ Bewerbung 2 ▼ Payrolls 1 ▼ 2018 ▼ 2019 ▼ 2020 ▼ 2021 1,MEDIUM
UNCLEAR,"Arrears/outstanding context exists, but no repayment is documented.",2026-05-27,2025-02,KKH,,,ARREARS_OR_ENFORCEMENT_NOTICE,00_INBOX - Входящи - Eingang/Accounting/Accountings 02-2025 - martin.zahariev@gmail.com - Gmail.htm,СТРАТОС ▼ ХЕРМЕС - РАБОТНИ ДНИ служители ▼ Чакащи писма / Задачи 4 ▼ ADAC ▼ AOK / KKH ▼ CLEAN CAR - TANKSTELLE 3 ▼ DPD ▼ HERMES - info for Tur ▼ HERMES GERMANY 25 ▼ MASKE ▼ OLD EMAIL ▼ STAHLGRUBER ▼ Treubilanz (Hannover) 11 ▼ Bewerbung 2 ▼ Payrolls 1 ▼ 2018 ▼ 2019 ▼ 2020 ▼ 2021 1,MEDIUM
UNCLEAR,"Arrears/outstanding context exists, but no repayment is documented.",2026-05-27,2025-02,KKH,,,ARREARS_OR_ENFORCEMENT_NOTICE,00_INBOX - Входящи - Eingang/Accounting_Organized/01_Accountant_Emails/Accountings 02-2025 - martin.zahariev@gmail.com - Gmail.htm,СТРАТОС ▼ ХЕРМЕС - РАБОТНИ ДНИ служители ▼ Чакащи писма / Задачи 4 ▼ ADAC ▼ AOK / KKH ▼ CLEAN CAR - TANKSTELLE 3 ▼ DPD ▼ HERMES - info for Tur ▼ HERMES GERMANY 25 ▼ MASKE ▼ OLD EMAIL ▼ STAHLGRUBER ▼ Treubilanz (Hannover) 11 ▼ Bewerbung 2 ▼ Payrolls 1 ▼ 2018 ▼ 2019 ▼ 2020 ▼ 2021 1,MEDIUM
UNCLEAR,"Arrears/outstanding context exists, but no repayment is documented.",2026-05-27,2025-02,KKH,,,ARREARS_OR_ENFORCEMENT_NOTICE,00_INBOX - Входящи - Eingang/Accounting_Organized/01_Accountant_Emails/Accountings 02-2025 - martin.zahariev@gmail.com - Gmail__copy2.htm,СТРАТОС ▼ ХЕРМЕС - РАБОТНИ ДНИ служители ▼ Чакащи писма / Задачи 4 ▼ ADAC ▼ AOK / KKH ▼ CLEAN CAR - TANKSTELLE 3 ▼ DPD ▼ HERMES - info for Tur ▼ HERMES GERMANY 25 ▼ MASKE ▼ OLD EMAIL ▼ STAHLGRUBER ▼ Treubilanz (Hannover) 11 ▼ Bewerbung 2 ▼ Payrolls 1 ▼ 2018 ▼ 2019 ▼ 2020 ▼ 2021 1,MEDIUM
UNCLEAR,"Arrears/outstanding context exists, but no repayment is documented.",2026-05-27,2025-02,KKH,,,ARREARS_OR_ENFORCEMENT_NOTICE,00_INBOX - Входящи - Eingang/Accounting_Organized/13_Unknown_To_Review/Accountings 02-2025 - martin.zahariev@gmail.com - Gmail.htm,СТРАТОС ▼ ХЕРМЕС - РАБОТНИ ДНИ служители ▼ Чакащи писма / Задачи 4 ▼ ADAC ▼ AOK / KKH ▼ CLEAN CAR - TANKSTELLE 3 ▼ DPD ▼ HERMES - info for Tur ▼ HERMES GERMANY 25 ▼ MASKE ▼ OLD EMAIL ▼ STAHLGRUBER ▼ Treubilanz (Hannover) 11 ▼ Bewerbung 2 ▼ Payrolls 1 ▼ 2018 ▼ 2019 ▼ 2020 ▼ 2021 1,MEDIUM
UNCLEAR,"Arrears/outstanding context exists, but no repayment is documented.",,,AOK,,,ARREARS_OR_ENFORCEMENT_NOTICE,00_INBOX - Входящи - Eingang/Accounting/307538032.pdf,"MARTIN USTI NAD LABEM 27 09119 CHEMNITZ Sehr geehrte(r) Frau/Herr Zahariev Danke, dass Sie bei Budget gemietet haben. Anbei erhalten Sie Ihre RECHNUNG für Ihre letzte Miete. Wir hoffen, dass Sie mit unserem Service zufrieden waren. Dokument erstellt durch Haigh Consultancy Services Ltd im Auftrag von: Leistungserbringer/Vertragspartner: Budget Deutschland ein Geschaeftsbereich der AVIS BUDGET AUTOVERMIETUNG GMBH & CO",MEDIUM
UNCLEAR,"Arrears/outstanding context exists, but no repayment is documented.",,,AOK,,,ARREARS_OR_ENFORCEMENT_NOTICE,00_INBOX - Входящи - Eingang/Accounting/wgprqualifikationkepkdnr_60222rechnungjahresgeb/3.0.2_920_v6.2_20240101_gebuehrenordnung_pq_kep.pdf,"ntrags beträgt: Grundbeitrag 435,- €. *) Die Rechnungslegung erfolgt nach Vertragsannahme. Die zu erbringenden Leistungen werden erst nach entsprechendem Zahlungseingang ausgeführt. Wird die Rechnung nicht innerhalb von 2 Monaten beglichen, behält sich die Zertifizierung Bau GmbH das Recht vor das Vertragsverhältnis zu kündigen. Nach Antragsannahme muss die Präqualifikation innerhalb von 6 Monaten mit der Aufnahme de",MEDIUM
UNCLEAR,"Arrears/outstanding context exists, but no repayment is documented.",,,AOK,,,ARREARS_OR_ENFORCEMENT_NOTICE,00_INBOX - Входящи - Eingang/Accounting_Organized/04_Health_Insurance/3.0.2_920_v6.2_20240101_gebuehrenordnung_pq_kep.pdf,"ntrags beträgt: Grundbeitrag 435,- €. *) Die Rechnungslegung erfolgt nach Vertragsannahme. Die zu erbringenden Leistungen werden erst nach entsprechendem Zahlungseingang ausgeführt. Wird die Rechnung nicht innerhalb von 2 Monaten beglichen, behält sich die Zertifizierung Bau GmbH das Recht vor das Vertragsverhältnis zu kündigen. Nach Antragsannahme muss die Präqualifikation innerhalb von 6 Monaten mit der Aufnahme de",MEDIUM
UNCLEAR,"Arrears/outstanding context exists, but no repayment is documented.",,,AOK,,,ARREARS_OR_ENFORCEMENT_NOTICE,00_INBOX - Входящи - Eingang/Accounting_Organized/08_Operating_Costs/3.0.2_920_v6.2_20240101_gebuehrenordnung_pq_kep.pdf,"ntrags beträgt: Grundbeitrag 435,- €. *) Die Rechnungslegung erfolgt nach Vertragsannahme. Die zu erbringenden Leistungen werden erst nach entsprechendem Zahlungseingang ausgeführt. Wird die Rechnung nicht innerhalb von 2 Monaten beglichen, behält sich die Zertifizierung Bau GmbH das Recht vor das Vertragsverhältnis zu kündigen. Nach Antragsannahme muss die Präqualifikation innerhalb von 6 Monaten mit der Aufnahme de",MEDIUM
UNCLEAR,"Arrears/outstanding context exists, but no repayment is documented.",,,AOK,,,ARREARS_OR_ENFORCEMENT_NOTICE,00_INBOX - Входящи - Eingang/Accounting_Organized/08_Operating_Costs/307538032.pdf,"MARTIN USTI NAD LABEM 27 09119 CHEMNITZ Sehr geehrte(r) Frau/Herr Zahariev Danke, dass Sie bei Budget gemietet haben. Anbei erhalten Sie Ihre RECHNUNG für Ihre letzte Miete. Wir hoffen, dass Sie mit unserem Service zufrieden waren. Dokument erstellt durch Haigh Consultancy Services Ltd im Auftrag von: Leistungserbringer/Vertragspartner: Budget Deutschland ein Geschaeftsbereich der AVIS BUDGET AUTOVERMIETUNG GMBH & CO",MEDIUM
UNCLEAR,"Arrears/outstanding context exists, but no repayment is documented.",,,AOK,,,ARREARS_OR_ENFORCEMENT_NOTICE,00_INBOX - Входящи - Eingang/Accounting_Organized/08_Operating_Costs/307538032__copy2.pdf,"MARTIN USTI NAD LABEM 27 09119 CHEMNITZ Sehr geehrte(r) Frau/Herr Zahariev Danke, dass Sie bei Budget gemietet haben. Anbei erhalten Sie Ihre RECHNUNG für Ihre letzte Miete. Wir hoffen, dass Sie mit unserem Service zufrieden waren. Dokument erstellt durch Haigh Consultancy Services Ltd im Auftrag von: Leistungserbringer/Vertragspartner: Budget Deutschland ein Geschaeftsbereich der AVIS BUDGET AUTOVERMIETUNG GMBH & CO",MEDIUM
UNCLEAR,"Arrears/outstanding context exists, but no repayment is documented.",,,AOK,,,ARREARS_OR_ENFORCEMENT_NOTICE,00_INBOX - Входящи - Eingang/Accounting_Organized/08_Operating_Costs/307538032__copy3.pdf,"MARTIN USTI NAD LABEM 27 09119 CHEMNITZ Sehr geehrte(r) Frau/Herr Zahariev Danke, dass Sie bei Budget gemietet haben. Anbei erhalten Sie Ihre RECHNUNG für Ihre letzte Miete. Wir hoffen, dass Sie mit unserem Service zufrieden waren. Dokument erstellt durch Haigh Consultancy Services Ltd im Auftrag von: Leistungserbringer/Vertragspartner: Budget Deutschland ein Geschaeftsbereich der AVIS BUDGET AUTOVERMIETUNG GMBH & CO",MEDIUM
UNCLEAR,"Arrears/outstanding context exists, but no repayment is documented.",,,AOK,,,ARREARS_OR_ENFORCEMENT_NOTICE,00_INBOX - Входящи - Eingang/Accounting_Organized/12_Liability_Overview/3.0.2_920_v6.2_20240101_gebuehrenordnung_pq_kep.pdf,"ntrags beträgt: Grundbeitrag 435,- €. *) Die Rechnungslegung erfolgt nach Vertragsannahme. Die zu erbringenden Leistungen werden erst nach entsprechendem Zahlungseingang ausgeführt. Wird die Rechnung nicht innerhalb von 2 Monaten beglichen, behält sich die Zertifizierung Bau GmbH das Recht vor das Vertragsverhältnis zu kündigen. Nach Antragsannahme muss die Präqualifikation innerhalb von 6 Monaten mit der Aufnahme de",MEDIUM
NORMAL_MONTHLY_PAYMENT,Payment amount exists but no arrears context is stated.,,,AOK Plus,2496.77,,HEALTH_INSURANCE_EXTRACTED_ROW,00_INBOX - Входящи - Eingang/Accounting_Organized/02_Payroll/10001_01-2024_DivAuswertungen_DivMitarbeiter_2Z1 (2)-1.pdf,"bezahlter Urlaub 2000 Gehalt L L J 2.496,77",HIGH
NORMAL_MONTHLY_PAYMENT,Payment amount exists but no arrears context is stated.,,,AOK Plus,2419.35,,HEALTH_INSURANCE_EXTRACTED_ROW,00_INBOX - Входящи - Eingang/Accounting_Organized/02_Payroll/10001_01-2024_DivAuswertungen_DivMitarbeiter_2Z1.pdf,"bezahlter Urlaub 2000 Gehalt L L J 2.419,35",HIGH
NORMAL_MONTHLY_PAYMENT,Payment amount exists but no arrears context is stated.,,,AOK Plus,1548.00,,HEALTH_INSURANCE_EXTRACTED_ROW,00_INBOX - Входящи - Eingang/Accounting_Organized/02_Payroll/10001_04-2024_DivAuswertungen_DivMitarbeiter_BZ1.pdf,"bezahlter Urlaub 2000 Gehalt L L J 1.548,00",HIGH
NORMAL_MONTHLY_PAYMENT,Payment amount exists but no arrears context is stated.,,,AOK Plus,1806.00,,HEALTH_INSURANCE_EXTRACTED_ROW,00_INBOX - Входящи - Eingang/Accounting_Organized/02_Payroll/10001_06-2024_DivAuswertungen_DivMitarbeiter_HZ1.pdf,"bezahlter Urlaub 2000 Gehalt L L J 1.806,00",HIGH
NORMAL_MONTHLY_PAYMENT,Payment amount exists but no arrears context is stated.,,,AOK Plus,1914.19,,HEALTH_INSURANCE_EXTRACTED_ROW,00_INBOX - Входящи - Eingang/Accounting_Organized/02_Payroll/10001_07-2024_DivAuswertungen_DivMitarbeiter_KZ1.pdf,"bezahlter Urlaub 2000 Gehalt L L J 1.914,19",HIGH
NORMAL_MONTHLY_PAYMENT,Payment amount exists but no arrears context is stated.,,,AOK Plus,2236.00,,HEALTH_INSURANCE_EXTRACTED_ROW,00_INBOX - Входящи - Eingang/Accounting_Organized/02_Payroll/10001_09-2024_DivAuswertungen_DivMitarbeiter_QZ1.pdf,"bezahlter Urlaub 2000 Gehalt L L J 2.236,00",HIGH
NORMAL_MONTHLY_PAYMENT,Payment amount exists but no arrears context is stated.,,,AOK Plus,2494.00,,HEALTH_INSURANCE_EXTRACTED_ROW,00_INBOX - Входящи - Eingang/Accounting_Organized/02_Payroll/Lohnauswertungen_April_2025.pdf,"bezahlter Urlaub2000 Gehalt L L J 2.494,00",HIGH
NORMAL_MONTHLY_PAYMENT,Payment amount exists but no arrears context is stated.,,,AOK Plus,1548.00,,HEALTH_INSURANCE_EXTRACTED_ROW,00_INBOX - Входящи - Eingang/Accounting_Organized/05_Taxes/Test Pay ROll.pdf,"bezahlter Urlaub 2000 Gehalt L L J 1.548,00",HIGH
NORMAL_MONTHLY_PAYMENT,Payment amount exists but no arrears context is stated.,,,TK,1664.52,,HEALTH_INSURANCE_EXTRACTED_ROW,00_INBOX - Входящи - Eingang/Accounting_Organized/02_Payroll/10001_08-2024_Brutto_NettoProbe_00074_NZ1.pdf,"bezahlter Urlaub 2000 Gehalt L L J 1.664,52",HIGH
NORMAL_MONTHLY_PAYMENT,Payment amount exists but no arrears context is stated.,,,TK,516.00,,HEALTH_INSURANCE_EXTRACTED_ROW,00_INBOX - Входящи - Eingang/Accounting_Organized/02_Payroll/10001_09-2024_Brutto_NettoProbe_00107_QZ1.pdf,"bezahlter Urlaub 2000 Gehalt L L J 516,00",HIGH
NORMAL_MONTHLY_PAYMENT,Payment amount exists but no arrears context is stated.,,,TK,2619.35,,HEALTH_INSURANCE_EXTRACTED_ROW,00_INBOX - Входящи - Eingang/Accounting_Organized/02_Payroll/10001_12-2023_Brutto_NettoProbe_00025_ZZ1.pdf,"bezahlter Urlaub 2000 Gehalt L L J 2.619,35",HIGH
